core 0: 00000000 (00000000) x0 00000000
core 0: xxxxxxxx (xxxxxxxx) x0 00000000
core 0: 00000000 (xxxxxxxx) x0 00000000
core 0: 00000000 (00000013) x0 00000000
core 0: 80000000 (80000037) x0 80000000
core 0: 80000004 (00000013) x0 00000000
core 0: 80000008 (00a00093) x1 0000000a
core 0: 8000000c (00d00113) x2 0000000d
core 0: 80000010 (00a00193) x3 0000000a
core 0: 80000014 (22b83237) x4 22b83000
core 0: 80000018 (a4f20213) x4 22b82a4f
core 0: 8000001c (feae92b7) x5 feae9000
core 0: 80000020 (89d28293) x5 feae889d
core 0: 80000024 (b0dbf337) x6 b0dbf000
core 0: 80000028 (ce530313) x6 b0dbece5
core 0: 8000002c (800003b7) x7 80000000
core 0: 80000030 (da27e437) x8 da27e000
core 0: 80000034 (1b540413) x8 da27e1b5
core 0: 80000038 (00000493) x9 00000000
core 0: 8000003c (f3722537) x10 f3722000
core 0: 80000040 (e6050513) x10 f3721e60
core 0: 80000044 (00000613) x12 00000000
core 0: 80000048 (f265d6b7) x13 f265d000
core 0: 8000004c (4f668693) x13 f265d4f6
core 0: 80000050 (00000713) x14 00000000
core 0: 80000054 (f69537b7) x15 f6953000
core 0: 80000058 (41a78793) x15 f695341a
core 0: 8000005c (fc0a1837) x16 fc0a1000
core 0: 80000060 (a0880813) x16 fc0a0a08
core 0: 80000064 (8d122937) x18 8d122000
core 0: 80000068 (cba90913) x18 8d121cba
core 0: 8000006c (00800993) x19 00000008
core 0: 80000070 (00300a13) x20 00000003
core 0: 80000074 (00500a93) x21 00000005
core 0: 80000078 (00300b13) x22 00000003
core 0: 8000007c (00000b93) x23 00000000
core 0: 80000080 (f57d5c37) x24 f57d5000
core 0: 80000084 (6c1c0c13) x24 f57d56c1
core 0: 80000088 (80000cb7) x25 80000000
core 0: 8000008c (00d00d13) x26 0000000d
core 0: 80000090 (ea39edb7) x27 ea39e000
core 0: 80000094 (c7dd8d93) x27 ea39dc7d
core 0: 80000098 (80000e37) x28 80000000
core 0: 8000009c (f5e2ceb7) x29 f5e2c000
core 0: 800000a0 (a08e8e93) x29 f5e2ba08
core 0: 800000a4 (00600f13) x30 00000006
core 0: 800000a8 (fad80fb7) x31 fad80000
core 0: 800000ac (04df8f93) x31 fad8004d
core 0: 800000b0 (00003997) x19 800030b0
core 0: 800000b4 (ff898993) x19 800030a8
core 0: 800000b8 (01cb2537) x10 01cb2000
core 0: 800000bc (00a989b3) x19 81cb50a8
core 0: 800000c0 (c0198c23) mem 81cb4cc0 0a
core 0: 800000c4 (c029a823) mem 81cb4cb8 0000000d
core 0: 800000c8 (34498a23) mem 81cb53fc 4f
core 0: 800000cc (32599a23) mem 81cb53dc 889d
core 0: 800000d0 (b6f98623) mem 81cb4c14 1a
core 0: 800000d4 (c1898003) x0 0000000a
core 0: 800000d8 (c109ac83) x25 0000000d
core 0: 800000dc (5859a823) mem 81cb5638 feae889d
core 0: 800000e0 (006c4eb3) x29 45a6ba24
core 0: 800000e4 (00000013) x0 00000000
core 0: 800000e8 (40c25a13) x20 00022b82
core 0: 800000ec (01701d13) x26 00000000
core 0: 800000f0 (008e9cb3) x25 44800000
core 0: 800000f4 (35498c03) x24 0000004f
core 0: 800000f8 (33499c83) x25 ffff889d
core 0: 800000fc (00004397) x7 800040fc
core 0: 80000100 (fac38393) x7 800040a8
core 0: 80000104 (325c16b7) x13 325c1000
core 0: 80000108 (00d383b3) x7 b25c50a8
core 0: 8000010c (0c038623) mem b25c5174 00
core 0: 80000110 (ec138223) mem b25c4f6c 0a
core 0: 80000114 (f4239423) mem b25c4ff0 000d
core 0: 80000118 (94339423) mem b25c49f0 000a
core 0: 8000011c (6243a223) mem b25c56cc 22b82a4f
core 0: 80000120 (24539823) mem b25c52f8 889d
core 0: 80000124 (dca43493) x9 00000001
core 0: 80000128 (0cc38d03) x26 00000000
core 0: 8000012c (ec43c203) x4 0000000a
core 0: 80000130 (f483db83) x23 0000000d
core 0: 80000134 (00c3d013) x0 000b25c5
core 0: 80000138 (9483da03) x20 0000000a
core 0: 8000013c (edd43013) x0 00000001
core 0: 80000140 (419d5133) x2 00000000
core 0: 80000144 (6243a803) x16 22b82a4f
core 0: 80000148 (4010d913) x18 00000005
core 0: 8000014c (25039203) x4 ffff889d
core 0: 80000150 (00004117) x2 80004150
core 0: 80000154 (f5810113) x2 800040a8
core 0: 80000158 (1480d537) x10 1480d000
core 0: 8000015c (00a10133) x2 948110a8
core 0: 80000160 (40110623) mem 948114b4 0a
core 0: 80000164 (12211023) mem 948111c8 10a8
core 0: 80000168 (3c312c23) mem 94811480 0000000a
core 0: 8000016c (b0710a23) mem 94810bbc a8
core 0: 80000170 (2a811e23) mem 94811364 e1b5
core 0: 80000174 (2e910423) mem 94811390 01
core 0: 80000178 (01504cb3) x25 00000005
core 0: 8000017c (14612c23) mem 94811200 b0dbece5
core 0: 80000180 (40c14a03) x20 0000000a
core 0: 80000184 (40230733) x14 1c5adc3d
core 0: 80000188 (ac52e793) x15 fffffadd
core 0: 8000018c (12015e03) x28 000010a8
core 0: 80000190 (3d812183) x3 0000000a
core 0: 80000194 (9af12623) mem 94810a54 fffffadd
core 0: 80000198 (41df5193) x3 00000000
core 0: 8000019c (00000013) x0 00000000
core 0: 800001a0 (7ae12823) mem 94811858 1c5adc3d
core 0: 800001a4 (25b4a417) x8 a5b4a1a4
core 0: 800001a8 (d4911223) mem 94810dec 0001
core 0: 800001ac (01309493) x9 00500000
core 0: 800001b0 (b1414083) x1 000000a8
core 0: 800001b4 (d002c193) x3 0151759d
core 0: 800001b8 (2bc15803) x16 0000e1b5
core 0: 800001bc (2e810b83) x23 00000001
core 0: 800001c0 (00004d97) x27 800041c0
core 0: 800001c4 (ee8d8d93) x27 800040a8
core 0: 800001c8 (4d387537) x10 4d387000
core 0: 800001cc (00ad8db3) x27 cd38b0a8
core 0: 800001d0 (dc0d8623) mem cd38ae74 00
core 0: 800001d4 (062d9c23) mem cd38b120 10a8
core 0: 800001d8 (fa4d9c23) mem cd38b060 889d
core 0: 800001dc (018597b3) x15 00000000
core 0: 800001e0 (dccd8f83) x31 00000000
core 0: 800001e4 (959d8223) mem cd38a9ec 05
core 0: 800001e8 (078d9703) x14 000010a8
core 0: 800001ec (083e8113) x2 45a6baa7
core 0: 800001f0 (01db4213) x4 0000001e
core 0: 800001f4 (fbfca613) x12 00000000
core 0: 800001f8 (56cd8823) mem cd38b618 00
core 0: 800001fc (679b7c17) x24 e79b71fc
core 0: 80000200 (000cfb33) x22 00000000
core 0: 80000204 (017a74b3) x9 00000000
core 0: 80000208 (40f68733) x14 325c1000
core 0: 8000020c (fb8d9f83) x31 ffff889d
core 0: 80000210 (00004417) x8 80004210
core 0: 80000214 (e9840413) x8 800040a8
core 0: 80000218 (4198f937) x18 4198f000
core 0: 8000021c (01240433) x8 c19930a8
core 0: 80000220 (e8041023) mem c1992f28 0000
core 0: 80000224 (14242423) mem c19931f0 45a6baa7
core 0: 80000228 (fa541423) mem c1993050 889d
core 0: 8000022c (0cd7bc37) x24 0cd7b000
core 0: 80000230 (e8041383) x7 00000000
core 0: 80000234 (81f41e23) mem c19928c4 889d
core 0: 80000238 (00000013) x0 00000000
core 0: 8000023c (14842b83) x23 45a6baa7
core 0: 80000240 (002faa33) x20 00000001
core 0: 80000244 (32041c23) mem c19933e0 0000
core 0: 80000248 (00000013) x0 00000000
core 0: 8000024c (e4342c23) mem c1992f00 0151759d
core 0: 80000250 (00000013) x0 00000000
core 0: 80000254 (fa845103) x2 0000889d
core 0: 80000258 (00003117) x2 80003258
core 0: 8000025c (e5010113) x2 800030a8
core 0: 80000260 (3daaa6b7) x13 3daaa000
core 0: 80000264 (00d10133) x2 bdaad0a8
core 0: 80000268 (6a012423) mem bdaad750 00000000
core 0: 8000026c (38110a23) mem bdaad43c a8
core 0: 80000270 (7e210a23) mem bdaad89c a8
core 0: 80000274 (94512623) mem bdaac9f4 feae889d
core 0: 80000278 (b2711223) mem bdaacbcc 0000
core 0: 8000027c (92810823) mem bdaac9d8 a8
core 0: 80000280 (00000013) x0 00000000
core 0: 80000284 (6a812e83) x29 00000000
core 0: 80000288 (39410183) x3 ffffffa8
core 0: 8000028c (d7190993) x19 4198ed71
core 0: 80000290 (002092b3) x5 0000a800
core 0: 80000294 (7f414683) x13 000000a8
core 0: 80000298 (8e810623) mem bdaac994 a8
core 0: 8000029c (8b16a093) x1 00000000
core 0: 800002a0 (6dc10a23) mem bdaad77c a8
core 0: 800002a4 (e48ecfb7) x31 e48ec000
core 0: 800002a8 (009f0eb3) x29 00000006
core 0: 800002ac (01cc2cb3) x25 00000000
core 0: 800002b0 (94c12f83) x31 feae889d
core 0: 800002b4 (c7d11623) mem bdaacd14 0006
core 0: 800002b8 (b2415b83) x23 00000000
core 0: 800002bc (01ccfd33) x26 00000000
core 0: 800002c0 (93010303) x6 ffffffa8
core 0: 800002c4 (fd611c23) mem bdaad080 0000
core 0: 800002c8 (00003817) x16 800032c8
core 0: 800002cc (de080813) x16 800030a8
core 0: 800002d0 (4e7f96b7) x13 4e7f9000
core 0: 800002d4 (00d80833) x16 ce7fc0a8
core 0: 800002d8 (54180c23) mem ce7fc600 00
core 0: 800002dc (70281823) mem ce7fc7b8 d0a8
core 0: 800002e0 (b0381823) mem ce7fbbb8 ffa8
core 0: 800002e4 (36480423) mem ce7fc410 1e
core 0: 800002e8 (c2681a23) mem ce7fbcdc ffa8
core 0: 800002ec (66982c23) mem ce7fc720 00000000
core 0: 800002f0 (a9881a23) mem ce7fbb3c b000
core 0: 800002f4 (55884983) x19 00000000
core 0: 800002f8 (71081303) x6 ffffd0a8
core 0: 800002fc (352ae437) x8 352ae000
core 0: 80000300 (006ba033) x0 00000000
core 0: 80000304 (b71af693) x13 00000001
core 0: 80000308 (b1081703) x14 ffffffa8
core 0: 8000030c (000c27b3) x15 00000000
core 0: 80000310 (36880383) x7 0000001e
core 0: 80000314 (70382023) mem ce7fc7a8 ffffffa8
core 0: 80000318 (c3481303) x6 ffffffa8
core 0: 8000031c (92280a23) mem ce7fb9dc a8
core 0: 80000320 (2e9e2137) x2 2e9e2000
core 0: 80000324 (d0280623) mem ce7fbdb4 00
core 0: 80000328 (67882283) x5 00000000
core 0: 8000032c (00003917) x18 8000332c
core 0: 80000330 (d7c90913) x18 800030a8
core 0: 80000334 (1cb586b7) x13 1cb58000
core 0: 80000338 (00d90933) x18 9cb5b0a8
core 0: 8000033c (9a290a23) mem 9cb5aa5c 00
core 0: 80000340 (00392023) mem 9cb5b0a8 ffffffa8
core 0: 80000344 (66491623) mem 9cb5b714 001e
core 0: 80000348 (90591623) mem 9cb5a9b4 0000
core 0: 8000034c (3e692e23) mem 9cb5b4a4 ffffffa8
core 0: 80000350 (ee791223) mem 9cb5af8c 001e
core 0: 80000354 (92891823) mem 9cb5a9d8 e000
core 0: 80000358 (e9292823) mem 9cb5af38 9cb5b0a8
core 0: 8000035c (b2c92a23) mem 9cb5abdc 00000000
core 0: 80000360 (9b490183) x3 00000000
core 0: 80000364 (00092183) x3 ffffffa8
core 0: 80000368 (00ccc733) x14 00000000
core 0: 8000036c (dd6cca93) x21 fffffdd6
core 0: 80000370 (6ecaeb93) x23 fffffffe
core 0: 80000374 (000ac033) x0 fffffdd6
core 0: 80000378 (66c91c83) x25 0000001e
core 0: 8000037c (00eb09b3) x19 00000000
core 0: 80000380 (01f1db93) x23 00000001
core 0: 80000384 (90c91b03) x22 00000000
core 0: 80000388 (0157d613) x12 00000000
core 0: 8000038c (01a6bd33) x26 00000000
core 0: 80000390 (009a41b3) x3 00000001
core 0: 80000394 (3fc92803) x16 ffffffa8
core 0: 80000398 (ee491803) x16 0000001e
core 0: 8000039c (93095c83) x25 0000e000
core 0: 800003a0 (00004d97) x27 800043a0
core 0: 800003a4 (d08d8d93) x27 800040a8
core 0: 800003a8 (6ce056b7) x13 6ce05000
core 0: 800003ac (00dd8db3) x27 ece090a8
core 0: 800003b0 (502d8a23) mem ece095bc 00
core 0: 800003b4 (503d8223) mem ece095ac 01
core 0: 800003b8 (da7d8423) mem ece08e50 1e
core 0: 800003bc (01dfb433) x8 00000000
core 0: 800003c0 (41cb0833) x16 ffffef58
core 0: 800003c4 (fd872f93) x31 00000000
core 0: 800003c8 (8e8da823) mem ece08998 00000000
core 0: 800003cc (00b47933) x18 00000000
core 0: 800003d0 (514dc903) x18 00000000
core 0: 800003d4 (543f4493) x9 00000545
core 0: 800003d8 (504d8003) x0 00000001
core 0: 800003dc (aacda023) mem ece08b48 00000000
core 0: 800003e0 (00000013) x0 00000000
core 0: 800003e4 (00ca84b3) x9 fffffdd6
core 0: 800003e8 (d21d8a23) mem ece08ddc 00
core 0: 800003ec (e6fd8a23) mem ece08f1c 00
core 0: 800003f0 (00004497) x9 800043f0
core 0: 800003f4 (cb848493) x9 800040a8
core 0: 800003f8 (476e5937) x18 476e5000
core 0: 800003fc (012484b3) x9 c76e90a8
core 0: 80000400 (7034a023) mem c76e97a8 00000001
core 0: 80000404 (1a549823) mem c76e9258 0000
core 0: 80000408 (f6649a23) mem c76e901c ffa8
core 0: 8000040c (fa74a623) mem c76e9054 0000001e
core 0: 80000410 (6c849a23) mem c76e977c 0000
core 0: 80000414 (00b5b633) x12 00000000
core 0: 80000418 (766ca613) x12 00000000
core 0: 8000041c (3b14ac23) mem c76e9460 00000000
core 0: 80000420 (007ede93) x29 00000000
core 0: 80000424 (d4948423) mem c76e8df0 a8
core 0: 80000428 (7dc49223) mem c76e986c 10a8
core 0: 8000042c (7004a303) x6 00000001
core 0: 80000430 (407c89b3) x19 0000dfe2
core 0: 80000434 (40de5193) x3 00000000
core 0: 80000438 (dbd49023) mem c76e8e48 0000
core 0: 8000043c (00d25393) x7 00000000
core 0: 80000440 (1b049c83) x25 00000000
core 0: 80000444 (01799eb3) x29 0001bfc4
core 0: 80000448 (f744d003) x0 0000ffa8
core 0: 8000044c (00000013) x0 00000000
core 0: 80000450 (fac4a283) x5 0000001e
core 0: 80000454 (6d44d283) x5 00000000
core 0: 80000458 (ec843f93) x31 00000001
core 0: 8000045c (28749e23) mem c76e9344 0000
core 0: 80000460 (00004117) x2 80004460
core 0: 80000464 (c4810113) x2 800040a8
core 0: 80000468 (00d566b7) x13 00d56000
core 0: 8000046c (00d10133) x2 80d5a0a8
core 0: 80000470 (1e110a23) mem 80d5a29c 00
core 0: 80000474 (b6211823) mem 80d59c18 a0a8
core 0: 80000478 (c8311e23) mem 80d59d44 0000
core 0: 8000047c (64410023) mem 80d5a6e8 1e
core 0: 80000480 (42a12a23) mem 80d5a4dc 4d387000
core 0: 80000484 (6b15ea13) x20 000006b1
core 0: 80000488 (00000013) x0 00000000
core 0: 8000048c (2329a393) x7 00000000
core 0: 80000490 (1f414c03) x24 00000000
core 0: 80000494 (00000013) x0 00000000
core 0: 80000498 (73dca513) x10 00000001
core 0: 8000049c (b7015903) x18 0000a0a8
core 0: 800004a0 (91c5c693) x13 fffff91c
core 0: 800004a4 (e333c637) x12 e333c000
core 0: 800004a8 (015a1993) x19 d6200000
core 0: 800004ac (016b6fb3) x31 00000000
core 0: 800004b0 (c9c11303) x6 00000000
core 0: 800004b4 (64014e03) x28 0000001e
core 0: 800004b8 (00003797) x15 800034b8
core 0: 800004bc (bf078793) x15 800030a8
core 0: 800004c0 (613166b7) x13 61316000
core 0: 800004c4 (00d787b3) x15 e13190a8
core 0: 800004c8 (2407a823) mem e13192f8 00000000
core 0: 800004cc (4a178223) mem e131954c 00
core 0: 800004d0 (0c378623) mem e1319174 00
core 0: 800004d4 (44478023) mem e13194e8 1e
core 0: 800004d8 (aa678c23) mem e1318b60 00
core 0: 800004dc (40778223) mem e13194ac 00
core 0: 800004e0 (9887a423) mem e1318a30 00000000
core 0: 800004e4 (2507aa83) x21 00000000
core 0: 800004e8 (4a478403) x8 00000000
core 0: 800004ec (46376313) x6 00000463
core 0: 800004f0 (fd578e23) mem e1319084 00
core 0: 800004f4 (b818aa13) x20 00000000
core 0: 800004f8 (0141ad33) x26 00000000
core 0: 800004fc (00b0e633) x12 00000000
core 0: 80000500 (0cc7cd83) x27 00000000
core 0: 80000504 (410b5693) x13 00000000
core 0: 80000508 (44078083) x1 0000001e
core 0: 8000050c (c1f7a023) mem e1318ca8 00000000
core 0: 80000510 (00aedcb3) x25 0000dfe2
core 0: 80000514 (00d59c93) x25 00000000
core 0: 80000518 (41bad713) x14 00000000
core 0: 8000051c (00397cb3) x25 00000000
core 0: 80000520 (74d3a993) x19 00000001
core 0: 80000524 (ab87ca83) x21 00000000
core 0: 80000528 (40478a83) x21 00000000
core 0: 8000052c (9887a703) x14 00000000
core 0: 80000530 (b5c78423) mem e1318bf0 1e
core 0: 80000534 (00004e97) x29 80004534
core 0: 80000538 (b74e8e93) x29 800040a8
core 0: 8000053c (37355537) x10 37355000
core 0: 80000540 (00ae8eb3) x29 b73590a8
core 0: 80000544 (d40e9423) mem b7358df0 0000
core 0: 80000548 (443e8423) mem b73594f0 00
core 0: 8000054c (965e8423) mem b7358a10 00
core 0: 80000550 (467e8c23) mem b7359520 00
core 0: 80000554 (588e9a23) mem b735963c 0000
core 0: 80000558 (d48ed283) x5 00000000
core 0: 8000055c (6b5ea023) mem b7359748 00000000
core 0: 80000560 (3c2e8023) mem b7359468 a8
core 0: 80000564 (448ec683) x13 00000000
core 0: 80000568 (1b232793) x15 00000000
core 0: 8000056c (ec7eaa23) mem b7358f7c 00000000
core 0: 80000570 (22ba0113) x2 0000022b
core 0: 80000574 (019e3db3) x27 00000000
core 0: 80000578 (968ec283) x5 00000000
core 0: 8000057c (412bd533) x10 00000000
core 0: 80000580 (413c6c93) x25 00000413
core 0: 80000584 (3bce8423) mem b7359450 1e
core 0: 80000588 (014b97b3) x15 00000001
core 0: 8000058c (478e8303) x6 00000000
core 0: 80000590 (4160d733) x14 0000001e
core 0: 80000594 (4162dd93) x27 00000000
core 0: 80000598 (594edb03) x22 00000000
core 0: 8000059c (74eeac23) mem b7359800 0000001e
core 0: 800005a0 (00004117) x2 800045a0
core 0: 800005a4 (b0810113) x2 800040a8
core 0: 800005a8 (6fc91c37) x24 6fc91000
core 0: 800005ac (01810133) x2 efc950a8
core 0: 800005b0 (50112023) mem efc955a8 0000001e
core 0: 800005b4 (f8210c23) mem efc95040 a8
core 0: 800005b8 (48310e23) mem efc95544 00
core 0: 800005bc (42410a23) mem efc954dc 1e
core 0: 800005c0 (b8511c23) mem efc94c40 0000
core 0: 800005c4 (f6611023) mem efc95008 0000
core 0: 800005c8 (07411a23) mem efc9511c 0000
core 0: 800005cc (41e35bb3) x23 00000000
core 0: 800005d0 (50012e03) x28 0000001e
core 0: 800005d4 (f9814183) x3 000000a8
core 0: 800005d8 (49c10603) x12 00000000
core 0: 800005dc (40d30a33) x20 00000000
core 0: 800005e0 (43414603) x12 0000001e
core 0: 800005e4 (01835713) x14 00000000
core 0: 800005e8 (da063a13) x20 00000001
core 0: 800005ec (b9811a03) x20 00000000
core 0: 800005f0 (415352b3) x5 00000000
core 0: 800005f4 (f6011e83) x29 00000000
core 0: 800005f8 (00003997) x19 800035f8
core 0: 800005fc (ab098993) x19 800030a8
core 0: 80000600 (0a5a2c37) x24 0a5a2000
core 0: 80000604 (018989b3) x19 8a5a50a8
core 0: 80000608 (64198423) mem 8a5a56f0 1e
core 0: 8000060c (4e29a223) mem 8a5a558c efc950a8
core 0: 80000610 (08598e23) mem 8a5a5144 00
core 0: 80000614 (3a699423) mem 8a5a5450 0000
core 0: 80000618 (40cd8633) x12 ffffffe2
core 0: 8000061c (01722d33) x26 00000000
core 0: 80000620 (4a198423) mem 8a5a5550 1e
core 0: 80000624 (64898383) x7 0000001e
core 0: 80000628 (c01cf937) x18 c01cf000
core 0: 8000062c (4a626e97) x29 ca62662c
core 0: 80000630 (00986ab3) x21 fffffff8
core 0: 80000634 (4e49aa03) x20 efc950a8
core 0: 80000638 (ea499223) mem 8a5a4f4c 001e
core 0: 8000063c (13199823) mem 8a5a51d8 0000
core 0: 80000640 (01035813) x16 00000000
core 0: 80000644 (09c9c283) x5 00000000
core 0: 80000648 (9e70b1b7) x3 9e70b000
core 0: 8000064c (013e4a33) x20 8a5a50b6
core 0: 80000650 (3a89db83) x23 00000000
core 0: 80000654 (26199a23) mem 8a5a531c 001e
core 0: 80000658 (a4a28137) x2 a4a28000
core 0: 8000065c (5d89a223) mem 8a5a566c 0a5a2000
core 0: 80000660 (00003d17) x26 80003660
core 0: 80000664 (a48d0d13) x26 800030a8
core 0: 80000668 (17ed9937) x18 17ed9000
core 0: 8000066c (012d0d33) x26 97edc0a8
core 0: 80000670 (620d2023) mem 97edc6c8 00000000
core 0: 80000674 (782d1423) mem 97edc830 8000
core 0: 80000678 (683d0e23) mem 97edc744 00
core 0: 8000067c (bc4d1423) mem 97edbc70 001e
core 0: 80000680 (4c5d0623) mem 97edc574 00
core 0: 80000684 (620d2c03) x24 00000000
core 0: 80000688 (c0e14bb7) x23 c0e14000
core 0: 8000068c (40f3dab3) x21 0000000f
core 0: 80000690 (3edd1223) mem 97edc48c 0000
core 0: 80000694 (00c0d1b3) x3 00000007
core 0: 80000698 (005f4bb3) x23 00000006
core 0: 8000069c (788d5483) x9 00008000
core 0: 800006a0 (ce3f4e93) x29 fffffce5
core 0: 800006a4 (01d73eb3) x29 00000001
core 0: 800006a8 (007e19b3) x19 80000000
core 0: 800006ac (69cd4303) x6 00000000
core 0: 800006b0 (bc8d1d83) x27 0000001e
core 0: 800006b4 (4ccd0383) x7 00000000
core 0: 800006b8 (00004b17) x22 800046b8
core 0: 800006bc (9f0b0b13) x22 800040a8
core 0: 800006c0 (11c5fc37) x24 11c5f000
core 0: 800006c4 (018b0b33) x22 91c630a8
core 0: 800006c8 (080b1423) mem 91c63130 0000
core 0: 800006cc (4c1b2c23) mem 91c63580 0000001e
core 0: 800006d0 (0a2b1a23) mem 91c6315c 8000
core 0: 800006d4 (c23b1e23) mem 91c62ce4 0007
core 0: 800006d8 (088b5503) x10 00000000
core 0: 800006dc (0055beb3) x29 00000000
core 0: 800006e0 (4d8b2f83) x31 0000001e
core 0: 800006e4 (00bbe133) x2 00000006
core 0: 800006e8 (00d31433) x8 00000000
core 0: 800006ec (0b4b1503) x10 ffff8000
core 0: 800006f0 (e2b87313) x6 00000000
core 0: 800006f4 (1608bf93) x31 00000001
core 0: 800006f8 (c3cb1083) x1 00000007
core 0: 800006fc (0192beb3) x29 00000001
core 0: 80000700 (6d1b0e23) mem 91c63784 00
core 0: 80000704 (00004817) x16 80004704
core 0: 80000708 (9a480813) x16 800040a8
core 0: 8000070c (2229cc37) x24 2229c000
core 0: 80000710 (01880833) x16 a22a00a8
core 0: 80000714 (0e081023) mem a22a0188 0000
core 0: 80000718 (e2181a23) mem a229fedc 0007
core 0: 8000071c (68281c23) mem a22a0740 0006
core 0: 80000720 (3a482a23) mem a22a045c 0000001e
core 0: 80000724 (e0581623) mem a229feb4 0000
core 0: 80000728 (24680223) mem a22a02ec 00
core 0: 8000072c (0e085903) x18 00000000
core 0: 80000730 (006d1113) x2 fb702a00
core 0: 80000734 (01f6fa33) x20 00000000
core 0: 80000738 (00ee1013) x0 00078000
core 0: 8000073c (e3481703) x14 00000007
core 0: 80000740 (69885b83) x23 00000006
core 0: 80000744 (9c082023) mem a229fa68 00000000
core 0: 80000748 (00593233) x4 00000000
core 0: 8000074c (3b482283) x5 0000001e
core 0: 80000750 (41e58a33) x20 fffffffa
core 0: 80000754 (5f731437) x8 5f731000
core 0: 80000758 (00000013) x0 00000000
core 0: 8000075c (00fe5193) x3 00000000
core 0: 80000760 (009780b3) x1 00008001
core 0: 80000764 (403b8733) x14 00000006
core 0: 80000768 (e0c85503) x10 00000000
core 0: 8000076c (24484703) x14 00000000
core 0: 80000770 (00003a97) x21 80003770
core 0: 80000774 (938a8a93) x21 800030a8
core 0: 80000778 (12491937) x18 12491000
core 0: 8000077c (012a8ab3) x21 924940a8
core 0: 80000780 (9c0a8423) mem 92493a70 00
core 0: 80000784 (162aaa23) mem 9249421c fb702a00
core 0: 80000788 (3a3a9623) mem 92494454 0000
core 0: 8000078c (d04aa823) mem 92493db8 00000000
core 0: 80000790 (545a9223) mem 924945ec 001e
core 0: 80000794 (bc6aac23) mem 92493c80 00000000
core 0: 80000798 (268a8623) mem 92494314 00
core 0: 8000079c (00a40d33) x26 5f731000
core 0: 800007a0 (9c8a8983) x19 00000000
core 0: 800007a4 (249a8823) mem 924942f8 00
core 0: 800007a8 (404453b3) x7 5f731000
core 0: 800007ac (174aa483) x9 fb702a00
core 0: 800007b0 (41f8deb3) x29 00000000
core 0: 800007b4 (01be4c33) x24 00000000
core 0: 800007b8 (415a5193) x3 ffffffff
core 0: 800007bc (4042d6b3) x13 0000001e
core 0: 800007c0 (3aca9003) x0 00000000
core 0: 800007c4 (d10aa003) x0 00000000
core 0: 800007c8 (544a9c83) x25 0000001e
core 0: 800007cc (bd8aa503) x10 00000000
core 0: 800007d0 (9a57f9b7) x19 9a57f000
core 0: 800007d4 (30ea9623) mem 924943b4 0000
core 0: 800007d8 (26cac103) x2 00000000
core 0: 800007dc (00004117) x2 800047dc
core 0: 800007e0 (8cc10113) x2 800040a8
core 0: 800007e4 (2b1b9537) x10 2b1b9000
core 0: 800007e8 (00a10133) x2 ab1bd0a8
core 0: 800007ec (16011623) mem ab1bd214 0000
core 0: 800007f0 (10110223) mem ab1bd1ac 01
core 0: 800007f4 (5e210023) mem ab1bd688 a8
core 0: 800007f8 (7a310423) mem ab1bd850 ff
core 0: 800007fc (be411a23) mem ab1bcc9c 0000
core 0: 80000800 (ce511223) mem ab1bcd8c 001e
core 0: 80000804 (d2611623) mem ab1bcdd4 0000
core 0: 80000808 (16c11383) x7 00000000
core 0: 8000080c (10410f83) x31 00000001
core 0: 80000810 (5e014e83) x29 000000a8
core 0: 80000814 (7a814503) x10 000000ff
core 0: 80000818 (cbcb71b7) x3 cbcb7000
core 0: 8000081c (e26ded13) x26 fffffe3e
core 0: 80000820 (01ff2733) x14 00000000
core 0: 80000824 (bf411303) x6 00000000
core 0: 80000828 (92522913) x18 00000000
core 0: 8000082c (00be8bb3) x23 000000a8
core 0: 80000830 (ce411983) x19 0000001e
core 0: 80000834 (402480b3) x1 50545958
core 0: 80000838 (01a40fb3) x31 5f730e3e
core 0: 8000083c (01555093) x1 00000000
core 0: 80000840 (004f8733) x14 5f730e3e
core 0: 80000844 (d2c15d03) x26 00000000
core 0: 80000848 (00003f97) x31 80003848
core 0: 8000084c (860f8f93) x31 800030a8
core 0: 80000850 (12af5937) x18 12af5000
core 0: 80000854 (012f8fb3) x31 92af80a8
core 0: 80000858 (820f9823) mem 92af78d8 0000
core 0: 8000085c (261f9423) mem 92af8310 0000
core 0: 80000860 (d62f8623) mem 92af7e14 a8
core 0: 80000864 (c83f9623) mem 92af7d34 7000
core 0: 80000868 (e64f8423) mem 92af7f10 00
core 0: 8000086c (7c5f8c23) mem 92af8880 1e
core 0: 80000870 (00c556b3) x13 0000003f
core 0: 80000874 (830fd283) x5 00000000
core 0: 80000878 (0093b733) x14 00000001
core 0: 8000087c (268fdd83) x27 00000000
core 0: 80000880 (d6cfcb03) x22 000000a8
core 0: 80000884 (c8cfd483) x9 00007000
core 0: 80000888 (01cfdc93) x25 00000009
core 0: 8000088c (3727c793) x15 00000373
core 0: 80000890 (006112b3) x5 ab1bd0a8
core 0: 80000894 (e68f8483) x9 00000000
core 0: 80000898 (55e42813) x16 00000000
core 0: 8000089c (7d8fcc03) x24 0000001e
core 0: 800008a0 (00004d17) x26 800048a0
core 0: 800008a4 (808d0d13) x26 800040a8
core 0: 800008a8 (4fc93c37) x24 4fc93000
core 0: 800008ac (018d0d33) x26 cfc970a8
core 0: 800008b0 (362d1a23) mem cfc9741c d0a8
core 0: 800008b4 (703d1023) mem cfc977a8 7000
core 0: 800008b8 (7c6d1c23) mem cfc97880 0000
core 0: 800008bc (97ed0e23) mem cfc96a24 06
core 0: 800008c0 (01bfb9b3) x19 00000000
core 0: 800008c4 (864d0223) mem cfc9690c 00
core 0: 800008c8 (374d1803) x16 ffffd0a8
core 0: 800008cc (700d1903) x18 00007000
core 0: 800008d0 (010c3033) x0 00000001
core 0: 800008d4 (008186b3) x13 2b3e8000
core 0: 800008d8 (eccd2c23) mem cfc96f80 ffffffe2
core 0: 800008dc (addd2823) mem cfc96b78 000000a8
core 0: 800008e0 (59cfb513) x10 00000000
core 0: 800008e4 (000a5b93) x23 fffffffa
core 0: 800008e8 (7d8d5e83) x29 00000000
core 0: 800008ec (d2bd2e23) mem cfc96de4 00000000
core 0: 800008f0 (00002717) x14 800028f0
core 0: 800008f4 (7b870713) x14 800030a8
core 0: 800008f8 (47d3a6b7) x13 47d3a000
core 0: 800008fc (00d70733) x14 c7d3d0a8
core 0: 80000900 (cc172c23) mem c7d3cd80 00000000
core 0: 80000904 (d8370223) mem c7d3ce2c 00
core 0: 80000908 (f8470223) mem c7d3d02c 00
core 0: 8000090c (14570e23) mem c7d3d204 a8
core 0: 80000910 (60dbf413) x8 00000608
core 0: 80000914 (6c870023) mem c7d3d768 08
core 0: 80000918 (cd872f83) x31 00000000
core 0: 8000091c (0c171423) mem c7d3d170 0000
core 0: 80000920 (4114d913) x18 00000000
core 0: 80000924 (66a2e413) x8 ab1bd6ea
core 0: 80000928 (d8470a83) x21 00000000
core 0: 8000092c (f8470683) x13 00000000
core 0: 80000930 (009bd033) x0 fffffffa
core 0: 80000934 (15c74c83) x25 000000a8
core 0: 80000938 (60372c23) mem c7d3d6c0 cbcb7000
core 0: 8000093c (00735a93) x21 00000000
core 0: 80000940 (ba072a23) mem c7d3cc5c 00000000
core 0: 80000944 (00003117) x2 80003944
core 0: 80000948 (76410113) x2 800040a8
core 0: 8000094c (5bd6f937) x18 5bd6f000
core 0: 80000950 (01210133) x2 dbd730a8
core 0: 80000954 (0c210e23) mem dbd73184 a8
core 0: 80000958 (96411223) mem dbd72a0c 0000
core 0: 8000095c (da610023) mem dbd72e48 00
core 0: 80000960 (fc812023) mem dbd73068 ab1bd6ea
core 0: 80000964 (408cda33) x20 00000000
core 0: 80000968 (3ec10a23) mem dbd7349c e2
core 0: 8000096c (c2412223) mem dbd72ccc 00000000
core 0: 80000970 (e9156193) x3 fffffe91
core 0: 80000974 (0dc14083) x1 000000a8
core 0: 80000978 (0fa10623) mem dbd73194 a8
core 0: 8000097c (96411303) x6 00000000
core 0: 80000980 (37c12223) mem dbd7340c 0000001e
core 0: 80000984 (0d28ee13) x28 000000d2
core 0: 80000988 (da010203) x4 00000000
core 0: 8000098c (ef210623) mem dbd72f94 00
core 0: 80000990 (016f4ab3) x21 000000ae
core 0: 80000994 (4c42e437) x8 4c42e000
core 0: 80000998 (fc012a03) x20 ab1bd6ea
core 0: 8000099c (43211023) mem dbd734c8 f000
core 0: 800009a0 (00002117) x2 800029a0
core 0: 800009a4 (70810113) x2 800030a8
core 0: 800009a8 (74543537) x10 74543000
core 0: 800009ac (00a10133) x2 f45460a8
core 0: 800009b0 (50211023) mem f45465a8 60a8
core 0: 800009b4 (62412e23) mem f45466e4 00000000
core 0: 800009b8 (50511423) mem f45465b0 d0a8
core 0: 800009bc (ca612e23) mem f4545d64 00000000
core 0: 800009c0 (14710423) mem f45461f0 00
core 0: 800009c4 (0106d393) x7 00000000
core 0: 800009c8 (af812623) mem f4545b94 4fc93000
core 0: 800009cc (43baf617) x12 c3baf9cc
core 0: 800009d0 (2f412223) mem f454638c ab1bd6ea
core 0: 800009d4 (006abb33) x22 00000000
core 0: 800009d8 (41230ab3) x21 a4291000
core 0: 800009dc (50015003) x0 000060a8
core 0: 800009e0 (41000333) x6 00002f58
core 0: 800009e4 (30f10a23) mem f45463bc 73
core 0: 800009e8 (63c12803) x16 00000000
core 0: 800009ec (50815783) x15 0000d0a8
core 0: 800009f0 (5a3e7c13) x24 00000082
core 0: 800009f4 (cbc12f83) x31 00000000
core 0: 800009f8 (14810803) x16 00000000
core 0: 800009fc (00002397) x7 800029fc
core 0: 80000a00 (6ac38393) x7 800030a8
core 0: 80000a04 (11afc937) x18 11afc000
core 0: 80000a08 (012383b3) x7 91aff0a8
core 0: 80000a0c (04039c23) mem 91aff100 0000
core 0: 80000a10 (0a239623) mem 91aff154 60a8
core 0: 80000a14 (be439423) mem 91afec90 0000
core 0: 80000a18 (62539823) mem 91aff6d8 d0a8
core 0: 80000a1c (f063ae23) mem 91afefc4 00002f58
core 0: 80000a20 (c0738223) mem 91afecac a8
core 0: 80000a24 (d893aa23) mem 91afee3c 00000000
core 0: 80000a28 (0583da83) x21 00000000
core 0: 80000a2c (6644c693) x13 00000664
core 0: 80000a30 (0059e7b3) x15 ab1bd0a8
core 0: 80000a34 (5f73a623) mem 91aff694 fffffffa
core 0: 80000a38 (0ac3d283) x5 000060a8
core 0: 80000a3c (ca339e23) mem 91afed64 fe91
core 0: 80000a40 (be83d083) x1 00000000
core 0: 80000a44 (01bcb9b3) x19 00000000
core 0: 80000a48 (01d1dc93) x25 00000007
core 0: 80000a4c (00b68eb3) x29 00000664
core 0: 80000a50 (63039e83) x29 ffffd0a8
core 0: 80000a54 (f1c3ad03) x26 00002f58
core 0: 80000a58 (c043c703) x14 000000a8
core 0: 80000a5c (69539823) mem 91aff738 0000
core 0: 80000a60 (d943a783) x15 00000000
core 0: 80000a64 (00002317) x6 80002a64
core 0: 80000a68 (64430313) x6 800030a8
core 0: 80000a6c (75e32537) x10 75e32000
core 0: 80000a70 (00a30333) x6 f5e350a8
core 0: 80000a74 (fa032223) mem f5e3504c 00000000
core 0: 80000a78 (82131e23) mem f5e348e4 0000
core 0: 80000a7c (1e231223) mem f5e3528c 60a8
core 0: 80000a80 (d8330a23) mem f5e34e3c 91
core 0: 80000a84 (fa432e83) x29 00000000
core 0: 80000a88 (01abc3b3) x7 ffffd0a2
core 0: 80000a8c (bcd62b13) x22 00000001
core 0: 80000a90 (226c4393) x7 000002a4
core 0: 80000a94 (83c35a03) x20 00000000
core 0: 80000a98 (008bc133) x2 b3bd1ffa
core 0: 80000a9c (1e431783) x15 000060a8
core 0: 80000aa0 (01d9deb3) x29 00000000
core 0: 80000aa4 (d9430103) x2 ffffff91
core 0: 80000aa8 (4126d3b3) x7 00000664
core 0: 80000aac (00734c33) x24 f5e356cc
core 0: 80000ab0 (01a78d33) x26 00009000
core 0: 80000ab4 (010a5f93) x31 00000000
core 0: 80000ab8 (01d03ab3) x21 00000000
core 0: 80000abc (f7931223) mem f5e3500c 0007
core 0: 80000ac0 (00003817) x16 80003ac0
core 0: 80000ac4 (5e880813) x16 800040a8
core 0: 80000ac8 (64ce7537) x10 64ce7000
core 0: 80000acc (00a80833) x16 e4ceb0a8
core 0: 80000ad0 (66081a23) mem e4ceb71c 0000
core 0: 80000ad4 (9c280e23) mem e4ceaa84 91
core 0: 80000ad8 (7a482623) mem e4ceb854 00000000
core 0: 80000adc (50681623) mem e4ceb5b4 50a8
core 0: 80000ae0 (0c780e23) mem e4ceb184 64
core 0: 80000ae4 (41badcb3) x25 00000000
core 0: 80000ae8 (67485183) x3 00000000
core 0: 80000aec (a5f80023) mem e4ceaae8 00
core 0: 80000af0 (23fc9a37) x20 23fc9000
core 0: 80000af4 (9dc80303) x6 ffffff91
core 0: 80000af8 (27682223) mem e4ceb30c 00000001
core 0: 80000afc (414887b3) x15 dc037000
core 0: 80000b00 (7ac82703) x14 00000000
core 0: 80000b04 (57b82223) mem e4ceb60c 00000000
core 0: 80000b08 (00000013) x0 00000000
core 0: 80000b0c (50c81f83) x31 000050a8
core 0: 80000b10 (0dc84183) x3 00000064
core 0: 80000b14 (0012b633) x12 00000000
core 0: 80000b18 (b1364f93) x31 fffffb13
core 0: 80000b1c (00000013) x0 00000000
core 0: 80000b20 (40d1d1b3) x3 00000006
core 0: 80000b24 (006456b3) x13 00002621
core 0: 80000b28 (4ff81023) mem e4ceb588 fb13
core 0: 80000b2c (00002e97) x29 80002b2c
core 0: 80000b30 (57ce8e93) x29 800030a8
core 0: 80000b34 (6fa90937) x18 6fa90000
core 0: 80000b38 (012e8eb3) x29 efa930a8
core 0: 80000b3c (2a1e9e23) mem efa93364 0000
core 0: 80000b40 (f62e8623) mem efa93014 91
core 0: 80000b44 (e64eac23) mem efa92f20 00000000
core 0: 80000b48 (846e9e23) mem efa92904 ff91
core 0: 80000b4c (bf7a8913) x18 fffffbf7
core 0: 80000b50 (38800293) x5 00000388
core 0: 80000b54 (2a5ea423) mem efa93350 00000388
core 0: 80000b58 (40b984b3) x9 00000000
core 0: 80000b5c (41465793) x15 00000000
core 0: 80000b60 (2bced283) x5 00000000
core 0: 80000b64 (ad709697) x13 2d709b64
core 0: 80000b68 (f6cecb83) x23 00000091
core 0: 80000b6c (c29ea423) mem efa92cd0 00000000
core 0: 80000b70 (00000013) x0 00000000
core 0: 80000b74 (403a5e33) x28 008ff240
core 0: 80000b78 (e78ea483) x9 00000000
core 0: 80000b7c (692e8423) mem efa93730 f7
core 0: 80000b80 (01f2bd33) x26 00000001
core 0: 80000b84 (85ced783) x15 0000ff91
core 0: 80000b88 (206e9423) mem efa932b0 ff91
core 0: 80000b8c (00002417) x8 80002b8c
core 0: 80000b90 (51c40413) x8 800030a8
core 0: 80000b94 (433b56b7) x13 433b5000
core 0: 80000b98 (00d40433) x8 c33b80a8
core 0: 80000b9c (b4040623) mem c33b7bf4 00
core 0: 80000ba0 (10140c23) mem c33b81c0 00
core 0: 80000ba4 (fe542023) mem c33b8088 00000000
core 0: 80000ba8 (90640823) mem c33b79b8 91
core 0: 80000bac (de741423) mem c33b7e90 0664
core 0: 80000bb0 (5af33093) x1 00000000
core 0: 80000bb4 (b4c44d03) x26 00000000
core 0: 80000bb8 (11844483) x9 00000000
core 0: 00000000 (11844483) x0 00000000
core 0: 80000bbc (98940223) mem c33b7a2c 00
core 0: 80000bc0 (405c5eb3) x29 f5e356cc
core 0: 80000bc4 (4060d2b3) x5 00000000
core 0: 80000bc8 (017850b3) x1 00007267
core 0: 80000bcc (016f1eb3) x29 0000000c
core 0: 80000bd0 (e8e40a23) mem c33b7f3c 00
core 0: 80000bd4 (03aae913) x18 0000003a
core 0: 80000bd8 (49d41c23) mem c33b8540 000c
core 0: 80000bdc (fe042203) x4 00000000
core 0: 80000be0 (01011113) x2 ff910000
core 0: 80000be4 (00d8efb3) x31 433b5000
core 0: 80000be8 (00228933) x18 ff910000
core 0: 80000bec (91040103) x2 ffffff91
core 0: 80000bf0 (405edd13) x26 00000000
core 0: 80000bf4 (de841983) x19 00000664
core 0: 80000bf8 (00002a17) x20 80002bf8
core 0: 80000bfc (4b0a0a13) x20 800030a8
core 0: 80000c00 (47bd9c37) x24 47bd9000
core 0: 80000c04 (018a0a33) x20 c7bdc0a8
core 0: 80000c08 (440a0e23) mem c7bdc504 00
core 0: 80000c0c (182a1a23) mem c7bdc23c ff91
core 0: 80000c10 (d04a0023) mem c7bdbda8 00
core 0: 80000c14 (c26a0a23) mem c7bdbcdc 91
core 0: 80000c18 (368a0023) mem c7bdc408 a8
core 0: 80000c1c (45ca0403) x8 00000000
core 0: 80000c20 (f1ba1423) mem c7bdbfb0 0000
core 0: 80000c24 (194a5b83) x23 0000ff91
core 0: 80000c28 (f7167a93) x21 00000000
core 0: 80000c2c (a93a1423) mem c7bdbb30 0664
core 0: 80000c30 (00000013) x0 00000000
core 0: 80000c34 (d00a0683) x13 00000000
core 0: 80000c38 (00000013) x0 00000000
core 0: 80000c3c (ac13b313) x6 00000001
core 0: 80000c40 (427a1a23) mem c7bdc4dc 0664
core 0: 80000c44 (00886c33) x24 e4ceb0a8
core 0: 80000c48 (1a096113) x2 ff9101a0
core 0: 80000c4c (c34a4783) x15 00000091
core 0: 80000c50 (41015613) x12 ffffff91
core 0: 80000c54 (bcaa1423) mem c7bdbc70 7000
core 0: 80000c58 (417a0bb3) x23 c7bcc117
core 0: 80000c5c (360a4483) x9 000000a8
core 0: 80000c60 (0193dd93) x27 00000000
core 0: 80000c64 (f46bc3b7) x7 f46bc000
core 0: 80000c68 (e27a1a23) mem c7bdbedc c000
core 0: 80000c6c (00003117) x2 80003c6c
core 0: 80000c70 (43c10113) x2 800040a8
core 0: 80000c74 (7f0fd6b7) x13 7f0fd000
core 0: 80000c78 (00d10133) x2 ff1010a8
core 0: 80000c7c (c2110e23) mem ff100ce4 67
core 0: 80000c80 (2e212a23) mem ff10139c ff1010a8
core 0: 80000c84 (2a311a23) mem ff10135c 0006
core 0: 80000c88 (d2412e23) mem ff100de4 00000000
core 0: 80000c8c (54712223) mem ff1015ec f46bc000
core 0: 80000c90 (6e811223) mem ff10178c 0000
core 0: 80000c94 (44911223) mem ff1014ec 00a8
core 0: 80000c98 (00000013) x0 00000000
core 0: 80000c9c (c3c10c03) x24 00000067
core 0: 80000ca0 (01ead733) x14 00000000
core 0: 80000ca4 (2f412383) x7 ff1010a8
core 0: 80000ca8 (0191dfb3) x31 00000006
core 0: 80000cac (2b411a83) x21 00000006
core 0: 80000cb0 (d3c12303) x6 00000000
core 0: 80000cb4 (ab010023) mem ff100b48 a8
core 0: 80000cb8 (799f6313) x6 0000079f
core 0: 80000cbc (00341633) x12 00000000
core 0: 80000cc0 (01ca92b3) x5 00000006
core 0: 80000cc4 (55333813) x16 00000000
core 0: 80000cc8 (00000013) x0 00000000
core 0: 80000ccc (76f11623) mem ff101814 0091
core 0: 80000cd0 (54412a83) x21 f46bc000
core 0: 80000cd4 (6e415d83) x27 00000000
core 0: 80000cd8 (00002117) x2 80002cd8
core 0: 80000cdc (3d010113) x2 800030a8
core 0: 80000ce0 (27807c37) x24 27807000
core 0: 80000ce4 (01810133) x2 a780a0a8
core 0: 80000ce8 (28112023) mem a780a328 00007267
core 0: 80000cec (72311823) mem a780a7d8 0006
core 0: 80000cf0 (b0610223) mem a7809bac 9f
core 0: 80000cf4 (36710e23) mem a780a424 a8
core 0: 80000cf8 (008de313) x6 00000008
core 0: 80000cfc (0049d093) x1 00000066
core 0: 80000d00 (02d10423) mem a780a0d0 00
core 0: 80000d04 (01705433) x8 00000000
core 0: 80000d08 (4016dbb3) x23 01fc3f40
core 0: 80000d0c (28012483) x9 00007267
core 0: 80000d10 (79d10c23) mem a780a840 0c
core 0: 80000d14 (73011703) x14 00000006
core 0: 80000d18 (72e60813) x16 0000072e
core 0: 80000d1c (9ff12a23) mem a7809a9c 00000006
core 0: 80000d20 (c2110823) mem a7809cd8 66
core 0: 80000d24 (6f948f93) x31 00007960
core 0: 80000d28 (a4a9a813) x16 00000000
core 0: 80000d2c (01a3a1b3) x3 00000001
core 0: 80000d30 (b0414503) x10 0000009f
core 0: 80000d34 (37c10a03) x20 ffffffa8
core 0: 80000d38 (018db7b3) x15 00000001
core 0: 80000d3c (34c74f93) x31 0000034a
core 0: 80000d40 (009d7a33) x20 00000000
core 0: 80000d44 (00cfbeb3) x29 00000000
core 0: 80000d48 (000f77b3) x15 00000000
core 0: 80000d4c (00000013) x0 00000000
core 0: 80000d50 (0134d713) x14 00000000
core 0: 80000d54 (01ce01b3) x3 011fe480
core 0: 80000d58 (01fb1413) x8 80000000
core 0: 80000d5c (05ff5063) x0 fffffcbc
core 0: 80000d60 (03c44863) x16 7f700dc0
core 0: 00000000 (03c44863) x0 00000000
core 0: 00000000 (00000013) x0 00000000
core 0: 80000d90 (00c40a33) x20 80000000
core 0: 80000d94 (0108d393) x7 00000000
core 0: 80000d98 (f436f413) x8 7f0fd000
core 0: 80000d9c (003a3633) x12 00000000
core 0: 80000da0 (00cc8633) x12 00000000
core 0: 80000da4 (00000013) x0 00000000
core 0: 80000da8 (007b11b3) x3 00000001
core 0: 80000dac (00aa1db3) x27 00000000
core 0: 80000db0 (001e4863) x16 008ff1da
core 0: 80000db4 (19685437) x8 19685000
core 0: 80000db8 (01b7f9b3) x19 00000000
core 0: 80000dbc (ba9aa537) x10 ba9aa000
core 0: 80000dc0 (41e65b93) x23 00000000
core 0: 80000dc4 (000331b3) x3 00000000
core 0: 80000dc8 (be5ef913) x18 00000000
core 0: 80000dcc (02ac8c63) x24 45656000
core 0: 80000dd0 (00fbd813) x16 00000000
core 0: 80000dd4 (01ea09b3) x19 80000006
core 0: 80000dd8 (009954b3) x9 00000000
core 0: 80000ddc (1ae46793) x15 196851ae
core 0: 80000de0 (00ad7e63) x28 45656000
core 0: 80000de4 (01545233) x4 19685000
core 0: 80000de8 (01f9d193) x3 00000001
core 0: 80000dec (003a1663) x12 7fffffff
core 0: 00000000 (003a1663) x0 00000000
core 0: 00000000 (00000013) x0 00000000
core 0: 80000df8 (4d1f1c37) x24 4d1f1000
core 0: 80000dfc (00bfc663) x12 0000034a
core 0: 80000e00 (378cc693) x13 00000378
core 0: 80000e04 (01a55bb3) x23 ba9aa000
core 0: 80000e08 (058fc863) x16 b2e0f34a
core 0: 00000000 (058fc863) x0 00000000
core 0: 00000000 (00000013) x0 00000000
core 0: 80000e58 (0007a633) x12 00000000
core 0: 80000e5c (b1aac813) x16 0b943b1a
core 0: 80000e60 (346a9e97) x29 b46a9e60
core 0: 80000e64 (008a5493) x9 00800000
core 0: 80000e68 (003b9733) x14 75354000
core 0: 80000e6c (fc0e3713) x14 00000001
core 0: 80000e70 (002186b3) x13 a780a0a9
core 0: 80000e74 (2ddaf293) x5 00000000
core 0: 80000e78 (004160b3) x1 bfe8f0a8
core 0: 80000e7c (d3ed3913) x18 00000001
core 0: 80000e80 (d80fc913) x18 fffffeca
core 0: 80000e84 (41bdd233) x4 00000000
core 0: 80000e88 (032a1063) x0 80000136
core 0: 00000000 (032a1063) x0 00000000
core 0: 00000000 (00000013) x0 00000000
core 0: 80000ea8 (004363b3) x7 00000008
core 0: 80000eac (20a27313) x6 00000000
core 0: 80000eb0 (048b6e37) x28 048b6000
core 0: 80000eb4 (4b8281b7) x3 4b828000
core 0: 80000eb8 (00ab1a13) x20 00000400
core 0: 80000ebc (241d3313) x6 00000001
core 0: 80000ec0 (002c9f93) x31 00000000
core 0: 80000ec4 (01986cb3) x25 0b943b1a
core 0: 80000ec8 (00913ab3) x21 00000000
core 0: 80000ecc (01a50433) x8 ba9aa000
core 0: 80000ed0 (addf6413) x8 fffffadf
core 0: 80000ed4 (f0e87813) x16 0b943b0a
core 0: 80000ed8 (0084bcb3) x25 00000001
core 0: 80000edc (00411193) x3 780a0a80
core 0: 80000ee0 (03a00463) x8 00000000
core 0: 00000000 (03a00463) x0 00000000
core 0: 00000000 (00000013) x0 00000000
core 0: 80000f08 (01a650b3) x1 00000000
core 0: 80000f0c (04208863) x16 587f5f58
core 0: 80000f10 (0105e1b3) x3 0b943b0a
core 0: 80000f14 (01e86933) x18 0b943b0e
core 0: 80000f18 (015f5b33) x22 00000006
core 0: 80000f1c (05d60a93) x21 0000005d
core 0: 80000f20 (01c69833) x16 a780a0a9
core 0: 80000f24 (00000013) x0 00000000
core 0: 80000f28 (403e86b3) x13 a8d66356
core 0: 80000f2c (01916eb3) x29 a780a0a9
core 0: 80000f30 (270ea513) x10 00000001
core 0: 80000f34 (05471863) x16 fffffc01
core 0: 00000000 (05471863) x0 00000000
core 0: 00000000 (00000013) x0 00000000
core 0: 80000f84 (0592c663) x12 ffffffff
core 0: 00000000 (0592c663) x0 00000000
core 0: 00000000 (00000013) x0 00000000
core 0: 80000fd0 (00f0fe33) x28 00000000
core 0: 80000fd4 (01f2e433) x8 00000000
core 0: 80000fd8 (027a9863) x16 00000055
core 0: 00000000 (027a9863) x0 00000000
core 0: 00000000 (00000013) x0 00000000
core 0: 80001008 (59a47113) x2 00000000
core 0: 8000100c (406f02b3) x5 00000005
core 0: 80001010 (0092da93) x21 00000000
core 0: 80001014 (019e8463) x8 a780a0a8
core 0: 80001018 (0935deb7) x29 0935d000
core 0: 8000101c (05838463) x8 b2e0f008
core 0: 80001020 (00bfde63) x28 00000000
core 0: 00000000 (00bfde63) x0 00000000
core 0: 00000000 (00000013) x0 00000000
core 0: 8000103c (ab3a3a13) x20 00000001
core 0: 80001040 (409edc13) x24 00049ae8
core 0: 80001044 (64d88093) x1 0000064d
core 0: 80001048 (1053fc13) x24 00000000
core 0: 8000104c (bd40ee13) x28 ffffffdd
core 0: 80001050 (0139ebb3) x23 80000006
core 0: 80001054 (04997663) x12 0b143b0e
core 0: 00000000 (04997663) x0 00000000
core 0: 00000000 (00000013) x0 00000000
core 0: 800010a0 (01540a33) x20 00000000
core 0: 800010a4 (01829cb3) x25 00000005
core 0: 800010a8 (02ead663) x12 ffffffff
core 0: 800010ac (c3484097) x1 434850ac
core 0: 800010b0 (00000013) x0 00000000
core 0: 800010b4 (04bad863) x16 00000000
core 0: 00000000 (04bad863) x0 00000000
core 0: 00000000 (00000013) x0 00000000
core 0: 80001104 (06e83413) x8 00000000
core 0: 80001108 (e8d10b93) x23 fffffe8d
core 0: 8000110c (403151b3) x3 00000000
core 0: 80001110 (00e19a13) x20 00000000
core 0: 80001114 (014d3ab3) x21 00000000
core 0: 80001118 (00f14fb3) x31 196851ae
core 0: 8000111c (142b3493) x9 00000001
core 0: 80001120 (05ca1463) x8 00000023
core 0: 00000000 (05ca1463) x0 00000000
core 0: 00000000 (00000013) x0 00000000
core 0: 80001168 (038b8463) x8 fffffe8d
core 0: 8000116c (01cb5c63) x24 00000029
core 0: 00000000 (01cb5c63) x0 00000000
core 0: 00000000 (00000013) x0 00000000
core 0: 80001184 (40c3d133) x2 00000008
core 0: 80001188 (0332e663) x12 7fffffff
core 0: 00000000 (0332e663) x0 00000000
core 0: 00000000 (00000013) x0 00000000
core 0: 800011b4 (042a4663) x12 fffffff8
core 0: 00000000 (042a4663) x0 00000000
core 0: 00000000 (00000013) x0 00000000
core 0: 80001200 (00885213) x4 00a780a0
core 0: 80001204 (01101193) x3 00000000
core 0: 80001208 (02971e63) x28 00000000
core 0: 8000120c (0172e6b3) x13 fffffe8d
core 0: 80001210 (00659233) x4 00000000
core 0: 80001214 (41bdd7b3) x15 00000000
core 0: 80001218 (01079eb3) x29 00000000
core 0: 8000121c (01ab7e63) x28 00000006
core 0: 00000000 (01ab7e63) x0 00000000
core 0: 00000000 (00000013) x0 00000000
core 0: 80001238 (00da8eb3) x29 fffffe8d
core 0: 8000123c (141a0e93) x29 00000141
core 0: 80001240 (05497663) x12 0b943b0e
core 0: 00000000 (05497663) x0 00000000
core 0: 00000000 (00000013) x0 00000000
core 0: 8000128c (055d5063) x0 00000000
core 0: 00000000 (055d5063) x0 00000000
core 0: 00000000 (00000013) x0 00000000
core 0: 800012cc (03878063) x0 00000000
core 0: 00000000 (03878063) x0 00000000
core 0: 00000000 (00000013) x0 00000000
core 0: 800012ec (27627d37) x26 27627000
core 0: 800012f0 (00000663) x12 00000000
core 0: 00000000 (00000663) x0 00000000
core 0: 00000000 (00000013) x0 00000000
core 0: 800012fc (01911fb3) x31 00000100
core 0: 80001300 (4113d833) x16 00000008
core 0: 80001304 (01d9d263) x4 7ffffec5
core 0: 80001308 (00000013) x0 00000000
core 0: 8000130c (0117b7b3) x15 00000000
core 0: 80001310 (014b1a33) x20 00000006
core 0: 80001314 (1aa02093) x1 00000001
core 0: 80001318 (00f7d013) x0 00000000
core 0: 8000131c (021cad13) x26 00000001
core 0: 80001320 (0903f663) x12 00000000
core 0: 00000000 (0903f663) x0 00000000
core 0: 00000000 (00000013) x0 00000000
core 0: 800013ac (834dce93) x29 fffff834
core 0: 800013b0 (dd076713) x14 fffffdd1
core 0: 800013b4 (4e6d0013) x0 000004e7
core 0: 800013b8 (01a4f033) x0 00000001
core 0: 800013bc (41fdd993) x19 00000000
core 0: 800013c0 (00603bb3) x23 00000001
core 0: 800013c4 (05739863) x16 00000007
core 0: 00000000 (05739863) x0 00000000
core 0: 00000000 (00000013) x0 00000000
core 0: 80001414 (01586533) x10 00000008
core 0: 80001418 (01d11833) x16 00800000
core 0: 8000141c (030c2613) x12 00000001
core 0: 80001420 (d7286693) x13 fffffd72
core 0: 80001424 (0056f4b3) x9 00000000
core 0: 80001428 (04660663) x12 00000000
core 0: 00000000 (04660663) x0 00000000
core 0: 00000000 (00000013) x0 00000000
core 0: 80001474 (00d41d93) x27 00000000
core 0: 80001478 (405dbc93) x25 00000001
core 0: 8000147c (038f1e63) x28 00000006
core 0: 00000000 (038f1e63) x0 00000000
core 0: 00000000 (00000013) x0 00000000
core 0: 800014b8 (7baac513) x10 000007ba
core 0: 800014bc (00805993) x19 00000000
core 0: 800014c0 (005a0a33) x20 0000000b
core 0: 800014c4 (0302d863) x16 ff800005
core 0: 800014c8 (d3037637) x12 d3037000
core 0: 800014cc (000472b3) x5 00000000
core 0: 800014d0 (02225263) x4 fffffff8
core 0: 800014d4 (014e9c63) x24 fffff829
core 0: 00000000 (014e9c63) x0 00000000
core 0: 00000000 (00000013) x0 00000000
core 0: 800014ec (00519cb3) x25 00000000
core 0: 800014f0 (00ac5013) x0 00000000
core 0: 800014f4 (404a5bb3) x23 0000000b
core 0: 800014f8 (0333cc63) x24 00000008
core 0: 800014fc (01f71d93) x27 80000000
core 0: 80001500 (38bb7093) x1 00000002
core 0: 80001504 (564613b7) x7 56461000
core 0: 80001508 (01815663) x12 00000008
core 0: 00000000 (01815663) x0 00000000
core 0: 00000000 (00000013) x0 00000000
core 0: 80001514 (e0bbbe93) x29 00000001
core 0: 80001518 (050e4063) x0 ff7fffdd
core 0: 00000000 (050e4063) x0 00000000
core 0: 00000000 (00000013) x0 00000000
core 0: 80001558 (0159c433) x8 00000000
core 0: 8000155c (92b5a113) x2 00000000
core 0: 80001560 (00aed813) x16 00000000
core 0: 80001564 (a9167313) x6 d3037000
core 0: 80001568 (97328413) x8 fffff973
core 0: 8000156c (00ae8e63) x28 fffff847
core 0: 80001570 (008e1c93) x25 ffffdd00
core 0: 80001574 (00bc46b3) x13 00000000
core 0: 80001578 (984c6a93) x21 fffff984
core 0: 8000157c (010b0c33) x24 00000006
core 0: 80001580 (64ba2bb7) x23 64ba2000
core 0: 80001584 (0a3bb697) x13 8a3bc584
core 0: 80001588 (00ffdeb3) x29 00000100
core 0: 8000158c (015e1e93) x29 fba00000
core 0: 80001590 (001a1a13) x20 00000016
core 0: 80001594 (029e1e63) x28 ffffffdd
core 0: 00000000 (029e1e63) x0 00000000
core 0: 00000000 (00000013) x0 00000000
core 0: 800015d0 (0117bfb3) x31 00000000
core 0: 800015d4 (40f689b3) x19 8a3bc584
core 0: 800015d8 (04b71863) x16 fffffdd1
core 0: 00000000 (04b71863) x0 00000000
core 0: 00000000 (00000013) x0 00000000
core 0: 80001628 (00ba76b3) x13 00000000
core 0: 8000162c (01d600b3) x1 cea37000
core 0: 80001630 (6ec48793) x15 000006ec
core 0: 80001634 (1076ba93) x21 00000001
core 0: 80001638 (04a8c863) x16 fffff846
core 0: 00000000 (04a8c863) x0 00000000
core 0: 00000000 (00000013) x0 00000000
core 0: 80001688 (01b77733) x14 80000000
core 0: 8000168c (bd8dee93) x29 fffffbd8
core 0: 80001690 (03d5de63) x28 00000428
core 0: 00000000 (03d5de63) x0 00000000
core 0: 00000000 (00000013) x0 00000000
core 0: 800016cc (21003a17) x20 a10046cc
core 0: 800016d0 (7a523813) x16 00000001
core 0: 800016d4 (05428063) x0 5effb934
core 0: 800016d8 (403d8033) x0 80000000
core 0: 800016dc (0819e393) x7 8a3bc585
core 0: 800016e0 (93583e93) x29 00000001
core 0: 800016e4 (02cc9c63) x24 2cfc6d00
core 0: 00000000 (02cc9c63) x0 00000000
core 0: 00000000 (00000013) x0 00000000
core 0: 8000171c (014b9313) x6 00000000
core 0: 80001720 (75874193) x3 80000758
core 0: 80001724 (017b22b3) x5 00000001
core 0: 80001728 (40ddda33) x20 80000000
core 0: 8000172c (f5a60513) x10 d3036f5a
core 0: 80001730 (0147f0b3) x1 00000000
core 0: 80001734 (015094b3) x9 00000000
core 0: 80001738 (00227233) x4 00000000
core 0: 8000173c (0014bab3) x21 00000000
core 0: 80001740 (4022dd33) x26 00000001
core 0: 80001744 (5e3ca693) x13 00000001
core 0: 80001748 (511dcc13) x24 80000511
core 0: 8000174c (40580033) x0 00000000
core 0: 80001750 (003dc9b3) x19 00000758
core 0: 80001754 (042f8863) x16 00000000
core 0: 00000000 (042f8863) x0 00000000
core 0: 00000000 (00000013) x0 00000000
core 0: 800017a4 (0136b9b3) x19 00000001
core 0: 800017a8 (08aa0a63) x20 acfc90a6
core 0: 800017ac (005b42b3) x5 00000007
core 0: 800017b0 (41155b93) x23 ffffe981
core 0: 800017b4 (01d21a13) x20 00000000
core 0: 800017b8 (0646fc63) x24 00000001
core 0: 00000000 (0646fc63) x0 00000000
core 0: 00000000 (00000013) x0 00000000
core 0: 80001830 (00b19613) x12 003ac000
core 0: 80001834 (e3ce2d93) x27 00000000
core 0: 80001838 (01838c63) x24 0a3bc074
core 0: 8000183c (00d14663) x12 ffffffff
core 0: 00000000 (00d14663) x0 00000000
core 0: 00000000 (00000013) x0 00000000
core 0: 80001848 (00095463) x8 0b943b0e
core 0: 00000000 (00095463) x0 00000000
core 0: 00000000 (00000013) x0 00000000
core 0: 80001850 (0243c663) x12 8a3bc585
core 0: 00000000 (0243c663) x0 00000000
core 0: 00000000 (00000013) x0 00000000
core 0: 8000187c (36a9a293) x5 00000001
core 0: 80001880 (062da913) x18 00000001
core 0: 80001884 (144f3213) x4 00000001
core 0: 80001888 (00d5fab3) x21 00000000
core 0: 8000188c (0108bc33) x24 00000001
core 0: 80001890 (0416b013) x0 00000001
core 0: 80001894 (40795db3) x27 00000000
core 0: 80001898 (017e7ab3) x21 ffffe981
core 0: 8000189c (0134ea33) x20 00000001
core 0: 800018a0 (415d09b3) x19 00001680
core 0: 800018a4 (01f8e233) x4 00000000
core 0: 800018a8 (01f69e63) x28 00000001
core 0: 00000000 (01f69e63) x0 00000000
core 0: 00000000 (00000013) x0 00000000
core 0: 800018c4 (3c96c493) x9 000003c8
core 0: 800018c8 (40ff5313) x6 00000000
core 0: 800018cc (41120cb3) x25 00000000
core 0: 800018d0 (4d420a93) x21 000004d4
core 0: 800018d4 (187af993) x19 00000084
core 0: 800018d8 (00bb6e63) x28 00000006
core 0: 800018dc (4095db13) x22 00000000
core 0: 800018e0 (01240033) x0 fffff974
core 0: 800018e4 (001f9ab3) x21 00000000
core 0: 800018e8 (514fe013) x0 00000514
core 0: 800018ec (0093dc63) x24 8a3bc1bd
core 0: 800018f0 (1d402117) x2 9d4038f0
core 0: 800018f4 (0237e263) x4 7fffff94
core 0: 00000000 (0237e263) x0 00000000
core 0: 00000000 (00000013) x0 00000000
core 0: 80001918 (00000013) x0 00000000
core 0: 8000191c (40795cb3) x25 00000000
core 0: 80001920 (000c8033) x0 00000000
core 0: 80001924 (00d13133) x2 00000000
core 0: 80001928 (3a8b8913) x18 ffffed29
core 0: 8000192c (02599663) x12 00000083
core 0: 00000000 (02599663) x0 00000000
core 0: 00000000 (00000013) x0 00000000
core 0: 80001958 (a2977d93) x27 80000000
core 0: 8000195c (41305e33) x28 00000000
core 0: 80001960 (41e1d6b3) x13 fe00001d
core 0: 80001964 (02cad063) x0 ffc54000
core 0: 80001968 (01307333) x6 00000000
core 0: 8000196c (002e0233) x4 00000000
core 0: 80001970 (00079c33) x24 000006ec
core 0: 80001974 (de8b6d93) x27 fffffde8
core 0: 80001978 (9c22ad93) x27 00000000
core 0: 8000197c (40713313) x6 00000001
core 0: 80001980 (012ae233) x4 ffffed29
core 0: 80001984 (01222b33) x22 00000000
core 0: 80001988 (404c5b93) x23 0000006e
core 0: 8000198c (8467e793) x15 fffffeee
core 0: 80001990 (00c61f93) x31 ac000000
core 0: 80001994 (04b16063) x0 00000000
core 0: 80001998 (01666c33) x24 003ac000
core 0: 8000199c (018fbd33) x26 00000000
core 0: 800019a0 (9774b993) x19 00000001
core 0: 800019a4 (21e2be13) x28 00000001
core 0: 800019a8 (05687863) x16 00000001
core 0: 00000000 (05687863) x0 00000000
core 0: 00000000 (00000013) x0 00000000
core 0: 800019f8 (015c5463) x8 003ac000
core 0: 00000000 (015c5463) x0 00000000
core 0: 00000000 (00000013) x0 00000000
core 0: 80001a00 (05366463) x8 003abfff
core 0: 80001a04 (e4d4c337) x6 e4d4c000
core 0: 80001a08 (0321d663) x12 80001a2f
core 0: 80001a0c (006a23b3) x7 00000000
core 0: 80001a10 (017dde63) x28 ffffff92
core 0: 80001a14 (00946663) x12 fffff5ab
core 0: 80001a18 (05cfc063) x0 abffffff
core 0: 00000000 (05cfc063) x0 00000000
core 0: 00000000 (00000013) x0 00000000
core 0: 80001a58 (c566b513) x10 00000001
core 0: 80001a5c (037fd463) x8 abffff92
core 0: 80001a60 (0086f433) x8 fe000011
core 0: 80001a64 (008354b3) x9 0000726a
core 0: 80001a68 (0071e033) x0 80000758
core 0: 80001a6c (00608e33) x28 e4d4c000
core 0: 80001a70 (000e17b3) x15 e4d4c000
core 0: 80001a74 (01d9d793) x15 00000000
core 0: 80001a78 (05a7c863) x16 00000000
core 0: 80001a7c (4017d493) x9 00000000
core 0: 80001a80 (413cd4b3) x9 00000000
core 0: 80001a84 (2fe44313) x6 fe0002ef
core 0: 80001a88 (012120b3) x1 00000000
core 0: 80001a8c (404d0633) x12 000012d7
core 0: 80001a90 (8916a193) x3 00000001
core 0: 80001a94 (01535c33) x24 fe0002ef
core 0: 80001a98 (8d80ab13) x22 00000000
core 0: 80001a9c (023e5863) x16 e4d4bfff
core 0: 80001aa0 (01b6c833) x16 fe00001d
core 0: 80001aa4 (00f81833) x16 fe00001d
core 0: 80001aa8 (020c4863) x16 fe0002ef
core 0: 00000000 (020c4863) x0 00000000
core 0: 00000000 (00000013) x0 00000000
core 0: 80001ad8 (415ad493) x9 00000000
core 0: 80001adc (405754b3) x9 c0000000
core 0: 80001ae0 (06cc9c63) x24 ffffed29
core 0: 00000000 (06cc9c63) x0 00000000
core 0: 00000000 (00000013) x0 00000000
core 0: 80001b58 (41055833) x16 00000000
core 0: 80001b5c (cc0eeeb7) x29 cc0ee000
core 0: 80001b60 (04618463) x8 01fffd12
core 0: 80001b64 (0159c4b3) x9 00000001
core 0: 80001b68 (00bbf3b3) x7 00000000
core 0: 80001b6c (05271863) x16 800012d7
core 0: 00000000 (05271863) x0 00000000
core 0: 00000000 (00000013) x0 00000000
core 0: 80001bbc (008436b3) x13 00000000
core 0: 80001bc0 (015c8e13) x28 00000015
core 0: 80001bc4 (015ce333) x6 00000000
core 0: 80001bc8 (01911e63) x28 00000000
core 0: 80001bcc (f7d22793) x15 00000001
core 0: 80001bd0 (0041db33) x22 00000000
core 0: 80001bd4 (01b84533) x10 00000000
core 0: 80001bd8 (01c8dab3) x21 00000000
core 0: 80001bdc (0171a833) x16 00000001
core 0: 80001be0 (0127c2b3) x5 ffffed28
core 0: 80001be4 (419f5333) x6 00000006
core 0: 80001be8 (008a4db3) x27 fe000010
core 0: 80001bec (e94aac13) x24 00000000
core 0: 80001bf0 (c1331737) x14 c1331000
core 0: 80001bf4 (01c25e33) x28 000007ff
core 0: 80001bf8 (030e1663) x12 000007fe
core 0: 00000000 (030e1663) x0 00000000
core 0: 00000000 (00000013) x0 00000000
core 0: 80001c24 (0130c933) x18 00000001
core 0: 80001c28 (132b4e93) x29 00000132
core 0: 80001c2c (41a28eb3) x29 ffffed28
core 0: 80001c30 (3585c813) x16 00000358
core 0: 80001c34 (00000013) x0 00000000
core 0: 80001c38 (4b3ff913) x18 00000000
core 0: 80001c3c (00adf6b3) x13 00000000
core 0: 80001c40 (02477c63) x24 c13322d7
core 0: 80001c44 (8c7c9c17) x24 0c7cac44
core 0: 80001c48 (052bd863) x16 0000006e
core 0: 00000000 (052bd863) x0 00000000
core 0: 00000000 (00000013) x0 00000000
core 0: 80001c98 (0053d263) x4 000012d8
core 0: 00000000 (0053d263) x0 00000000
core 0: 00000000 (00000013) x0 00000000
core 0: 80001c9c (011ae6b3) x13 00000000
core 0: 80001ca0 (40875493) x9 ffc13310
core 0: 80001ca4 (0156e863) x16 00000000
core 0: 80001ca8 (01532633) x12 00000000
core 0: 80001cac (00e4f9b3) x19 c1011000
core 0: 80001cb0 (00000013) x0 00000000
core 0: 80001cb4 (01f8ebb3) x23 ac000000
core 0: 80001cb8 (00453ab3) x21 00000001
core 0: 80001cbc (00000013) x0 00000000
core 0: 80001cc0 (237ef813) x16 00000020
core 0: 80001cc4 (fa21a713) x14 00000000
core 0: 80001cc8 (41dd0033) x0 000012d8
core 0: 80001ccc (f05b2917) x18 705b3ccc
core 0: 80001cd0 (01bcb633) x12 00000001
core 0: 80001cd4 (de9cab93) x23 00000000
core 0: 80001cd8 (411b5b33) x22 00000000
core 0: 80001cdc (94e04b13) x22 fffff94e
core 0: 80001ce0 (008ea133) x2 00000000
core 0: 80001ce4 (0165d133) x2 00000000
core 0: 80001ce8 (01a95e93) x29 0000001c
core 0: 80001cec (00141913) x18 fc000022
core 0: 80001cf0 (013579b3) x19 00000000
core 0: 80001cf4 (01dbcb33) x22 0000001c
core 0: 80001cf8 (00000013) x0 00000000
core 0: 80001cfc (026be863) x16 fffffffa
core 0: 00000000 (026be863) x0 00000000
core 0: 00000000 (00000013) x0 00000000
core 0: 80001d2c (01a97263) x4 fc000022
core 0: 00000000 (01a97263) x0 00000000
core 0: 00000000 (00000013) x0 00000000
core 0: 80001d30 (011af533) x10 00000000
core 0: 80001d34 (02477c63) x24 000012d7
core 0: 80001d38 (021e0663) x12 000007ff
core 0: 80001d3c (02830e63) x28 01fffff5
core 0: 80001d40 (4d713993) x19 00000001
core 0: 80001d44 (48373e93) x29 00000001
core 0: 80001d48 (04ff1863) x16 00000005
core 0: 00000000 (04ff1863) x0 00000000
core 0: 00000000 (00000013) x0 00000000
core 0: 80001d98 (0369c863) x16 ffffffe5
core 0: 00000000 (0369c863) x0 00000000
core 0: 00000000 (00000013) x0 00000000
core 0: 80001dc8 (001246b3) x13 ffffed29
core 0: 80001dcc (e3774793) x15 fffffe37
core 0: 80001dd0 (00c20e63) x28 ffffed28
core 0: 80001dd4 (01929913) x18 50000000
core 0: 80001dd8 (798d7013) x0 00000000
core 0: 80001ddc (009cc733) x14 ffc13310
core 0: 80001de0 (51953693) x13 00000001
core 0: 80001de4 (f8115b37) x22 f8115000
core 0: 80001de8 (04e86663) x12 003ecd10
core 0: 00000000 (04e86663) x0 00000000
core 0: 00000000 (00000013) x0 00000000
core 0: 80001e34 (a11a8d93) x27 fffffa12
core 0: 80001e38 (03549e63) x28 ffc1330f
core 0: 00000000 (03549e63) x0 00000000
core 0: 00000000 (00000013) x0 00000000
core 0: 80001e74 (8ba18213) x4 fffff8bb
core 0: 80001e78 (01935933) x18 00000006
core 0: 80001e7c (5d3acb37) x22 5d3ac000
core 0: 80001e80 (00dae133) x2 00000001
core 0: 80001e84 (0f822693) x13 00000001
core 0: 80001e88 (008be463) x8 01ffffef
core 0: 00000000 (008be463) x0 00000000
core 0: 00000000 (00000013) x0 00000000
core 0: 80001e90 (00262fb3) x31 00000000
core 0: 80001e94 (00a53cb3) x25 00000000
core 0: 80001e98 (f241c337) x6 f241c000
core 0: 80001e9c (01865693) x13 00000000
core 0: 80001ea0 (04019463) x8 00000001
core 0: 00000000 (04019463) x0 00000000
core 0: 00000000 (00000013) x0 00000000
core 0: 80001ee8 (00568eb3) x29 ffffed28
core 0: 80001eec (010dacb3) x25 00000001
core 0: 80001ef0 (41e651b3) x3 00000000
core 0: 80001ef4 (01aa09b3) x19 00000001
core 0: 80001ef8 (820c2c13) x24 00000000
core 0: 80001efc (0006c433) x8 00000000
core 0: 80001f00 (80207793) x15 00000000
core 0: 80001f04 (00416433) x8 fffff8bb
core 0: 80001f08 (001fe2b3) x5 00000000
core 0: 80001f0c (27732993) x19 00000001
core 0: 80001f10 (0149dfb3) x31 00000000
core 0: 80001f14 (05830863) x16 f241c000
core 0: 80001f18 (00ff9993) x19 00000000
core 0: 80001f1c (015e9613) x12 a5000000
core 0: 80001f20 (00fadb33) x22 00000001
core 0: 80001f24 (04e20463) x8 003ec5ab
core 0: 80001f28 (40018eb3) x29 00000000
core 0: 80001f2c (00c47733) x14 a5000000
core 0: 80001f30 (051f7863) x16 00000006
core 0: 00000000 (051f7863) x0 00000000
core 0: 00000000 (00000013) x0 00000000
core 0: 80001f80 (0094f4b3) x9 ffc13310
core 0: 80001f84 (70d8cc93) x25 0000070d
core 0: 80001f88 (04660463) x8 b2be4000
core 0: 80001f8c (30fc2913) x18 00000001
core 0: 80001f90 (00ee5f93) x31 00000000
core 0: 80001f94 (41d65833) x16 a5000000
core 0: 80001f98 (00c38cb3) x25 a5000000
core 0: 80001f9c (cc5ad797) x15 4c5aef9c
core 0: 80001fa0 (9749a313) x6 00000000
core 0: 80001fa4 (1bf4d437) x8 1bf4d000
core 0: 80001fa8 (b3ba9717) x14 33baafa8
core 0: 80001fac (415d83b3) x7 fffffa11
core 0: 80001fb0 (a9d6b793) x15 00000001
core 0: 80001fb4 (47997517) x10 c7998fb4
core 0: 80001fb8 (01eeda13) x20 00000000
core 0: 80001fbc (05688063) x0 ffffffff
core 0: 80001fc0 (014272b3) x5 00000000
core 0: 80001fc4 (025e5863) x16 000007ff
core 0: 00000000 (025e5863) x0 00000000
core 0: 00000000 (00000013) x0 00000000
core 0: 80001ff4 (01c9c533) x10 000007ff
core 0: 80001ff8 (03307c63) x24 00000000
core 0: 00000000 (03307c63) x0 00000000
core 0: 00000000 (00000013) x0 00000000
core 0: 80002030 (01ad9693) x13 48000000
core 0: 80002034 (0137cbb3) x23 00000001
core 0: 80002038 (e1327d93) x27 fffff813
core 0: 8000203c (015fdb93) x23 00000000
core 0: 80002040 (03f0c263) x4 00000000
core 0: 80002044 (00000013) x0 00000000
core 0: 80002048 (5a796bb7) x23 5a796000
core 0: 8000204c (c1f70113) x2 33baabc7
core 0: 80002050 (b970f513) x10 00000000
core 0: 80002054 (00e94e63) x28 cc455059
core 0: 00000000 (00e94e63) x0 00000000
core 0: 00000000 (00000013) x0 00000000
core 0: 80002070 (009ed533) x10 00000000
core 0: 80002074 (c4518a13) x20 fffffc45
core 0: 80002078 (748adb97) x23 f48af078
core 0: 8000207c (f48ff013) x0 00000000
core 0: 80002080 (01c56233) x4 000007ff
core 0: 80002084 (0146adb3) x27 00000000
core 0: 80002088 (ba59e713) x14 fffffba5
core 0: 8000208c (00bf00b3) x1 00000006
core 0: 80002090 (0077d093) x1 00000000
core 0: 80002094 (0d10b237) x4 0d10b000
core 0: 80002098 (9132f513) x10 00000000
core 0: 8000209c (40bef693) x13 00000000
core 0: 800020a0 (00f41993) x19 68000000
core 0: 800020a4 (418ed913) x18 00000000
core 0: 800020a8 (c526e793) x15 fffffc52
core 0: 800020ac (0019ec63) x24 68000000
core 0: 800020b0 (01799233) x4 00000000
core 0: 800020b4 (008f7cb3) x25 00000000
core 0: 800020b8 (01b281b3) x3 00000000
core 0: 800020bc (0cc86063) x0 00000000
core 0: 800020c0 (01f0ddb3) x27 00000000
core 0: 800020c4 (01b9bb33) x22 00000000
core 0: 800020c8 (48ef4993) x19 00000488
core 0: 800020cc (6d634b13) x22 000006d6
core 0: 800020d0 (00c2d993) x19 00000000
core 0: 800020d4 (0037f833) x16 00000000
core 0: 800020d8 (01b64a33) x20 a5000000
core 0: 800020dc (014ed0b3) x1 00000000
core 0: 800020e0 (00e99d33) x26 00000000
core 0: 800020e4 (417f8db3) x27 0b750f88
core 0: 800020e8 (0bf7c063) x0 fffffc52
core 0: 00000000 (0bf7c063) x0 00000000
core 0: 00000000 (00000013) x0 00000000
core 0: 80002188 (0f3f3793) x15 00000001
core 0: 8000218c (09179e63) x28 00000001
core 0: 00000000 (09179e63) x0 00000000
core 0: 00000000 (00000013) x0 00000000
core 0: 80002228 (001bb0b3) x1 00000000
core 0: 8000222c (f410e713) x14 ffffff41
core 0: 80002230 (00000013) x0 00000000
core 0: 80002234 (01097733) x14 00000000
core 0: 80002238 (00d9c863) x16 00000000
core 0: 8000223c (0246d463) x8 00000000
core 0: 00000000 (0246d463) x0 00000000
core 0: 00000000 (00000013) x0 00000000
core 0: 80002264 (24903693) x13 00000001
core 0: 80002268 (012ed093) x1 00000000
core 0: 8000226c (01a4d313) x6 0000003f
core 0: 80002270 (1b1ba093) x1 00000001
core 0: 80002274 (00eb5793) x15 00000000
core 0: 80002278 (9ff27c93) x25 00000000
core 0: 8000227c (b7bdec93) x25 fffffffb
core 0: 80002280 (00041e33) x28 1bf4d000
core 0: 80002284 (003f1293) x5 00000030
core 0: 80002288 (00b936b3) x13 00000000
core 0: 8000228c (00000013) x0 00000000
core 0: 80002290 (00b92333) x6 00000000
core 0: 80002294 (00000013) x0 00000000
core 0: 80002298 (00a30263) x4 00000000
core 0: 00000000 (00a30263) x0 00000000
core 0: 00000000 (00000013) x0 00000000
core 0: 8000229c (01907663) x12 00000005
core 0: 800022a0 (28608093) x1 00000287
core 0: 800022a4 (05c3d663) x12 e40b2a11
core 0: 800022a8 (781e8213) x4 00000781
core 0: 800022ac (01c8f133) x2 00000000
core 0: 800022b0 (00c394b3) x9 fffffa11
core 0: 800022b4 (005b51b3) x3 00000000
core 0: 800022b8 (00061db3) x27 a5000000
core 0: 800022bc (4070d913) x18 00000005
core 0: 800022c0 (415f5633) x12 00000003
core 0: 800022c4 (8b94ea13) x20 fffffab9
core 0: 800022c8 (00275333) x6 00000000
core 0: 800022cc (017880b3) x1 f48af078
core 0: 800022d0 (004b9793) x15 48af0780
core 0: 800022d4 (91dc8793) x15 fffff918
core 0: 800022d8 (00ff5693) x13 00000000
core 0: 800022dc (00001733) x14 00000000
core 0: 800022e0 (01f95433) x8 00000005
core 0: 800022e4 (e4eee113) x2 fffffe4e
core 0: 800022e8 (9e222713) x14 00000000
core 0: 800022ec (9b351a37) x20 9b351000
core 0: 800022f0 (2780fe13) x28 00000078
core 0: 800022f4 (0561e063) x0 fffff92a
core 0: 00000000 (0561e063) x0 00000000
core 0: 00000000 (00000013) x0 00000000
core 0: 80002334 (017c63b3) x7 f48af078
core 0: 80002338 (400884b3) x9 00000000
core 0: 8000233c (411c0233) x4 00000000
core 0: 80002340 (0bf47813) x16 00000005
core 0: 80002344 (0152e933) x18 00000031
core 0: 80002348 (018a7fb3) x31 00000000
core 0: 8000234c (66fea993) x19 00000001
core 0: 80002350 (01939033) x0 c0000000
core 0: 80002354 (819aab97) x23 019ac354
core 0: 80002358 (012a4933) x18 9b351031
core 0: 8000235c (02ece263) x4 fffffffb
core 0: 80002360 (02b99e63) x28 00000001
core 0: 00000000 (02b99e63) x0 00000000
core 0: 00000000 (00000013) x0 00000000
core 0: 8000239c (01a2edb3) x27 00000030
core 0: 800023a0 (00d62b33) x22 00000000
core 0: 800023a4 (03355063) x0 ffffffff
core 0: 800023a8 (05817863) x16 fffffe4e
core 0: 00000000 (05817863) x0 00000000
core 0: 00000000 (00000013) x0 00000000
core 0: 800023f8 (01d0eab3) x21 f48af078
core 0: 800023fc (0264c663) x12 00000000
core 0: 80002400 (0038d793) x15 00000000
core 0: 80002404 (01ab2db3) x27 00000000
core 0: 80002408 (a72b5217) x4 272b7408
core 0: 8000240c (04a94663) x12 9b351031
core 0: 00000000 (04a94663) x0 00000000
core 0: 00000000 (00000013) x0 00000000
core 0: 80002458 (40625693) x13 009cadd0
core 0: 8000245c (017b5663) x12 fe653cac
core 0: 80002460 (2caa7f93) x31 00000000
core 0: 80002464 (00b96cb3) x25 9b351031
core 0: 80002468 (01d147b3) x15 fffffe4e
core 0: 8000246c (0525f063) x0 64caefcf
core 0: 80002470 (d43fee13) x28 fffffd43
core 0: 80002474 (03ee9e63) x28 fffffffa
core 0: 00000000 (03ee9e63) x0 00000000
core 0: 00000000 (00000013) x0 00000000
core 0: 800024b0 (003acab3) x21 f48af078
core 0: 800024b4 (435653b7) x7 43565000
core 0: 800024b8 (01777663) x12 fe653cac
core 0: 800024bc (0105cfb3) x31 00000005
core 0: 800024c0 (002a90b3) x1 bc1e0000
core 0: 800024c4 (00ad7663) x12 00000000
core 0: 00000000 (00ad7663) x0 00000000
core 0: 00000000 (00000013) x0 00000000
core 0: 800024d0 (04afe863) x16 00000005
core 0: 800024d4 (ad44a713) x14 00000000
core 0: 800024d8 (012db2b3) x5 00000001
core 0: 800024dc (413fd9b3) x19 00000002
core 0: 800024e0 (b2908837) x16 b2908000
core 0: 800024e4 (41c15b13) x22 ffffffff
core 0: 800024e8 (fe3af113) x2 f48af060
core 0: 800024ec (a3438137) x2 a3438000
core 0: 800024f0 (401d0eb3) x29 43e20000
core 0: 800024f4 (01d5ae33) x28 00000001
core 0: 800024f8 (0189feb3) x29 00000000
core 0: 800024fc (03d1f663) x12 00000000
core 0: 00000000 (03d1f663) x0 00000000
core 0: 00000000 (00000013) x0 00000000
core 0: 80002528 (9074fe13) x28 00000000
core 0: 8000252c (41d68eb3) x29 009cadd0
core 0: 80002530 (003e2733) x14 00000000
core 0: 80002534 (0549f863) x16 64caf002
core 0: 80002538 (02c00863) x16 fffffffd
core 0: 8000253c (bb387693) x13 b2908000
core 0: 80002540 (0001bb33) x22 00000000
core 0: 80002544 (4158d4b3) x9 00000000
core 0: 80002548 (00b83b33) x22 00000000
core 0: 8000254c (bcb0ba93) x21 00000001
core 0: 80002550 (000e3db3) x27 00000000
core 0: 80002554 (006d8533) x10 00000000
core 0: 80002558 (9b033093) x1 00000001
core 0: 8000255c (00571693) x13 00000000
core 0: 80002560 (016cf033) x0 00000000
core 0: 80002564 (0101bc33) x24 00000001
core 0: 80002568 (000e5eb3) x29 00000000
core 0: 8000256c (0571c063) x0 fe653cac
core 0: 00000000 (0571c063) x0 00000000
core 0: 00000000 (00000013) x0 00000000
core 0: 800025ac (01ef8833) x16 0000000b
core 0: 800025b0 (41bc8433) x8 9b351031
core 0: 800025b4 (00fe22b3) x5 00000000
core 0: 800025b8 (00892eb3) x29 00000000
core 0: 800025bc (007e5e63) x28 bca9b000
core 0: 800025c0 (40b3ddb3) x27 43565000
core 0: 800025c4 (02d3dc63) x24 43565000
core 0: 00000000 (02d3dc63) x0 00000000
core 0: 00000000 (00000013) x0 00000000
core 0: 800025fc (0104f4b3) x9 00000000
core 0: 80002600 (011a6863) x16 9b351000
core 0: 80002604 (6cbd4db7) x27 6cbd4000
core 0: 80002608 (47ca7c13) x24 00000000
core 0: 8000260c (41f65233) x4 00000000
core 0: 80002610 (01a08a33) x20 00000001
core 0: 80002614 (0072c6b3) x13 43565000
core 0: 80002618 (45b27e93) x29 00000000
core 0: 8000261c (00a95093) x1 0026cd44
core 0: 80002620 (40aad7b3) x15 00000001
core 0: 80002624 (046d4863) x16 00000000
core 0: 80002628 (40b8d813) x16 00000000
core 0: 8000262c (0047a933) x18 00000000
core 0: 80002630 (023e5263) x4 00000000
core 0: 00000000 (023e5263) x0 00000000
core 0: 00000000 (00000013) x0 00000000
core 0: 80002654 (0008dd93) x27 00000000
core 0: 80002658 (00561293) x5 00000060
core 0: 8000265c (016ea733) x14 00000000
core 0: 80002660 (00451bb3) x23 00000000
core 0: 80002664 (000bde63) x28 00000000
core 0: 00000000 (000bde63) x0 00000000
core 0: 00000000 (00000013) x0 00000000
core 0: 80002680 (013eaa33) x20 00000001
core 0: 80002684 (df1c2613) x12 00000000
core 0: 80002688 (000402b3) x5 9b351031
core 0: 8000268c (40d2d413) x8 fffcd9a8
core 0: 80002690 (5a0dfb93) x23 00000000
core 0: 80002694 (40f98233) x4 00000001
core 0: 80002698 (01904433) x8 9b351031
core 0: 8000269c (40e0dfb3) x31 0026cd44
core 0: 800026a0 (eed94113) x2 fffffeed
core 0: 800026a4 (00571c63) x24 64caefcf
core 0: 00000000 (00571c63) x0 00000000
core 0: 00000000 (00000013) x0 00000000
core 0: 800026bc (863c2a93) x21 00000000
core 0: 800026c0 (019774b3) x9 00000000
core 0: 800026c4 (003e1e33) x28 00000000
core 0: 800026c8 (3c077913) x18 00000000
core 0: 800026cc (1d38bb17) x22 9d38d6cc
core 0: 800026d0 (40c4d7b3) x15 00000000
core 0: 800026d4 (01828c33) x24 9b351031
core 0: 800026d8 (0062f463) x8 9b351031
core 0: 00000000 (0062f463) x0 00000000
core 0: 00000000 (00000013) x0 00000000
core 0: 800026e0 (05caf063) x0 00000000
core 0: 00000000 (05caf063) x0 00000000
core 0: 00000000 (00000013) x0 00000000
core 0: 80002720 (01aa3233) x4 00000000
core 0: 80002724 (01557463) x8 00000000
core 0: 00000000 (01557463) x0 00000000
core 0: 00000000 (00000013) x0 00000000
core 0: 8000272c (01fe16b7) x13 01fe1000
core 0: 80002730 (c07a3637) x12 c07a3000
core 0: 80002734 (00002333) x6 00000000
core 0: 80002738 (01c31293) x5 00000000
core 0: 8000273c (68370b13) x22 00000683
core 0: 80002740 (a2dac113) x2 fffffa2d
core 0: 80002744 (6eb4e837) x16 6eb4e000
core 0: 80002748 (fe1eba17) x20 7e1ed748
core 0: 8000274c (7e68bf93) x31 00000001
core 0: 80002750 (0157dd93) x27 00000000
core 0: 80002754 (00a41b13) x22 d440c400
core 0: 80002758 (901af713) x14 00000000
core 0: 8000275c (004ee233) x4 00000000
core 0: 80002760 (0564f063) x0 2bbf3c00
core 0: 80002764 (02da6c63) x24 7c20c748
core 0: 80002768 (6d3eac93) x25 00000001
core 0: 8000276c (05d64063) x0 c07a3000
core 0: 00000000 (05d64063) x0 00000000
core 0: 00000000 (00000013) x0 00000000
core 0: 800027ac (008fcc63) x24 64caefd0
core 0: 800027b0 (00f5aab3) x21 00000000
core 0: 800027b4 (04e9c663) x12 00000002
core 0: 800027b8 (41cfde33) x28 00000001
core 0: 800027bc (03779863) x16 00000000
core 0: 800027c0 (05229063) x0 00000000
core 0: 800027c4 (014e1293) x5 00100000
core 0: 800027c8 (40dd81b3) x3 fe01f000
core 0: 800027cc (fa25b693) x13 00000001
core 0: 800027d0 (a2cb8113) x2 fffffa2c
core 0: 800027d4 (01997933) x18 00000000
core 0: 800027d8 (03641e63) x28 c6f44c31
core 0: 00000000 (03641e63) x0 00000000
core 0: 00000000 (00000013) x0 00000000
core 0: 80002814 (006e6333) x6 00000001
core 0: 80002818 (7918b093) x1 00000001
core 0: 8000281c (41e6d0b3) x1 00000000
core 0: 80002820 (01ea3eb3) x29 00000000
core 0: 80002824 (383699b7) x19 38369000
core 0: 80002828 (002d1cb3) x25 00000000
core 0: 8000282c (40a2d513) x10 00000400
core 0: 80002830 (85e3c513) x10 bca9a85e
core 0: 80002834 (0429f463) x8 383695d4
core 0: 80002838 (401f5233) x4 00000006
core 0: 8000283c (01970e63) x28 00000000
core 0: 00000000 (01970e63) x0 00000000
core 0: 00000000 (00000013) x0 00000000
core 0: 80002858 (01bb4663) x12 d440c400
core 0: 00000000 (01bb4663) x0 00000000
core 0: 00000000 (00000013) x0 00000000
core 0: 80002864 (0178bbb3) x23 00000000
core 0: 80002868 (25d79837) x16 25d79000
core 0: 8000286c (ff3c6a13) x20 fffffff3
core 0: 80002870 (019cacb3) x25 00000000
core 0: 80002874 (a2424113) x2 fffffa22
core 0: 80002878 (bf016817) x16 3f018878
core 0: 8000287c (41808933) x18 64caefcf
core 0: 80002880 (000d1213) x4 00000000
core 0: 80002884 (7869ba93) x21 00000000
core 0: 80002888 (1b1e94b7) x9 1b1e9000
core 0: 8000288c (c31d0717) x14 431d288c
core 0: 80002890 (017000b3) x1 00000000
core 0: 80002894 (03826863) x16 64caefcf
core 0: 00000000 (03826863) x0 00000000
core 0: 00000000 (00000013) x0 00000000
core 0: 800028c4 (03f16463) x8 fffffa21
core 0: 800028c8 (05e69863) x16 fffffffb
core 0: 00000000 (05e69863) x0 00000000
core 0: 00000000 (00000013) x0 00000000
core 0: 80002918 (051d5063) x0 00000000
core 0: 00000000 (051d5063) x0 00000000
core 0: 00000000 (00000013) x0 00000000
core 0: 80002958 (001cc133) x2 00000000
core 0: 8000295c (0104aa33) x20 00000001
core 0: 80002960 (9b1ec093) x1 fffff9b1
core 0: 80002964 (41265033) x0 ffff80f4
core 0: 80002968 (40dc8333) x6 ffffffff
core 0: 8000296c (0083d2b3) x5 000021ab
core 0: 80002970 (0157fa33) x20 00000000
core 0: 80002974 (04241663) x12 9b351031
core 0: 00000000 (04241663) x0 00000000
core 0: 00000000 (00000013) x0 00000000
core 0: 800029c0 (40900433) x8 e4e17000
core 0: 800029c4 (00658233) x4 ffffffff
core 0: 800029c8 (00bb3433) x8 00000000
core 0: 800029cc (d5d9c113) x2 c7c96d5d
core 0: 800029d0 (40d40c33) x24 ffffffff
core 0: 800029d4 (01fab3b3) x7 00000001
core 0: 800029d8 (01e25e63) x28 fffffff9
core 0: 800029dc (00584833) x16 3f01a9d3
core 0: 800029e0 (017e3633) x12 00000000
core 0: 800029e4 (01da93b3) x7 00000000
core 0: 800029e8 (bdb07e93) x29 00000000
core 0: 800029ec (01016263) x4 88c7c38a
core 0: 800029f0 (032d8663) x12 9b351031
core 0: 800029f4 (41f0da13) x20 ffffffff
core 0: 800029f8 (b2b17b93) x23 c7c96909
core 0: 800029fc (0177f333) x6 00000000
core 0: 80002a00 (01f5d233) x4 00000000
core 0: 80002a04 (00000013) x0 00000000
core 0: 80002a08 (001e41b3) x3 fffff9b0
core 0: 80002a0c (01d657b3) x15 00000000
core 0: 80002a10 (1f674c13) x24 431d297a
core 0: 80002a14 (408b5233) x4 d440c400
core 0: 80002a18 (25808f93) x31 fffffc09
core 0: 80002a1c (03f85c63) x24 3f01adca
core 0: 00000000 (03f85c63) x0 00000000
core 0: 00000000 (00000013) x0 00000000
core 0: 80002a54 (02526863) x16 d440a255
core 0: 80002a58 (b00c44b7) x9 b00c4000
core 0: 80002a5c (00fcd993) x19 00000000
core 0: 80002a60 (04967063) x0 4ff3c000
core 0: 80002a64 (01f01bb3) x23 00000000
core 0: 80002a68 (78b86d13) x26 3f01afdb
core 0: 80002a6c (0012d2b3) x5 00000000
core 0: 80002a70 (51cd8b93) x23 0000051c
core 0: 80002a74 (00000013) x0 00000000
core 0: 80002a78 (00c62d33) x26 00000000
core 0: 80002a7c (00465713) x14 00000000
core 0: 80002a80 (401fde93) x29 fffffe04
core 0: 80002a84 (013269b3) x19 d440c400
core 0: 80002a88 (dfe43393) x7 00000001
core 0: 80002a8c (041c0463) x8 431d2fc9
core 0: 80002a90 (03bac263) x4 00000000
core 0: 80002a94 (01d30433) x8 fffffe04
core 0: 80002a98 (01bd8233) x4 00000000
core 0: 80002a9c (01f36433) x8 fffffc09
core 0: 80002aa0 (01bbbfb3) x31 00000000
core 0: 80002aa4 (00e401b3) x3 fffffc09
core 0: 80002aa8 (0b988863) x16 00000000
core 0: 00000000 (0b988863) x0 00000000
core 0: 00000000 (00000013) x0 00000000
core 0: 80002b58 (005bce63) x28 0000051c
core 0: 80002b5c (01d91b93) x23 e0000000
core 0: 80002b60 (0163a933) x18 00000000
core 0: 80002b64 (05ab7863) x16 d440c400
core 0: 00000000 (05ab7863) x0 00000000
core 0: 00000000 (00000013) x0 00000000
core 0: 80002bb4 (40820b33) x22 000003f7
core 0: 80002bb8 (418d8b33) x22 bce2d686
core 0: 80002bbc (fe67fc93) x25 00000000
core 0: 80002bc0 (011de833) x16 00000000
core 0: 80002bc4 (1e12f293) x5 00000000
core 0: 80002bc8 (09f84a63) x20 00000000
core 0: 80002bcc (0a898463) x8 d440c7f7
core 0: 80002bd0 (058efa13) x20 00000000
core 0: 80002bd4 (0164ba33) x20 00000001
core 0: 80002bd8 (4148d693) x13 00000000
core 0: 80002bdc (0be97863) x16 fffffffa
core 0: 80002be0 (a0a14697) x13 20a16be0
core 0: 80002be4 (00000a17) x20 80002be4
core 0: 80002be8 (4c4a0a13) x20 800030a8
core 0: 80002bec (6bdb46b7) x13 6bdb4000
core 0: 80002bf0 (00da0a33) x20 ebdb70a8
core 0: 80002bf4 (380a1023) mem ebdb7428 0000
core 0: 80002bf8 (641a1823) mem ebdb76f8 f9b1
core 0: 80002bfc (b02a0623) mem ebdb6bb4 5d
core 0: 80002c00 (644a0823) mem ebdb76f8 00
core 0: 80002c04 (085a1a23) mem ebdb713c 0000
core 0: 80002c08 (966a1223) mem ebdb6a0c 0000
core 0: 80002c0c (4b5ad2b7) x5 4b5ad000
core 0: 80002c10 (380a1003) x0 00000000
core 0: 80002c14 (650a5283) x5 0000f900
core 0: 80002c18 (92a3fd93) x27 00000000
core 0: 80002c1c (b0ca4e83) x29 0000005d
core 0: 80002c20 (418dd033) x0 00000000
core 0: 80002c24 (0015feb3) x29 00000000
core 0: 80002c28 (0138f0b3) x1 00000000
core 0: 80002c2c (41ddd113) x2 00000000
core 0: 80002c30 (60c74493) x9 0000060c
core 0: 80002c34 (bc7a1c23) mem ebdb6c80 0001
core 0: 80002c38 (650a0503) x10 00000000
core 0: 80002c3c (094a1503) x10 00000000
core 0: 80002c40 (00000013) x0 00000000
core 0: 80002c44 (84c5c817) x16 04c5ec44
core 0: 80002c48 (964a5103) x2 00000000
core 0: 80002c4c (01b0edb3) x27 00000000
core 0: 80002c50 (2f76d217) x4 af76fc50
core 0: 80002c54 (022d9e63) x28 00000000
core 0: 80002c58 (0181b733) x14 00000000
core 0: 80002c5c (03ad5063) x0 00000000
core 0: 00000000 (03ad5063) x0 00000000
core 0: 00000000 (00000013) x0 00000000
core 0: 80002c7c (5812c213) x4 0000fc81
core 0: 80002c80 (01065713) x14 00000000
core 0: 80002c84 (021f4e63) x28 00000006
core 0: 80002c88 (00000013) x0 00000000
core 0: 80002c8c (021c7263) x4 431d297a
core 0: 00000000 (021c7263) x0 00000000
core 0: 00000000 (00000013) x0 00000000
core 0: 80002cb0 (01d1e7b3) x15 fffffc09
core 0: 80002cb4 (2d676913) x18 000002d6
core 0: 80002cb8 (018c7d33) x26 431d297a
core 0: 80002cbc (d9ec6313) x6 fffffdfe
core 0: 80002cc0 (92d66c37) x24 92d66000
core 0: 80002cc4 (01b81913) x18 20000000
core 0: 80002cc8 (00ab64b3) x9 bce2d686
core 0: 80002ccc (e1063737) x14 e1063000
core 0: 80002cd0 (51424113) x2 0000f995
core 0: 80002cd4 (0558d463) x8 00000000
core 0: 00000000 (0558d463) x0 00000000
core 0: 00000000 (00000013) x0 00000000
core 0: 80002d1c (01043333) x6 00000000
core 0: 80002d20 (0064f6b3) x13 00000000
core 0: 80002d24 (2fc53293) x5 00000001
core 0: 80002d28 (39a78e93) x29 ffffffa3
core 0: 80002d2c (01db5833) x16 179c5ad0
core 0: 80002d30 (02028663) x12 00000001
core 0: 80002d34 (75f05717) x14 f5f07d34
core 0: 80002d38 (05ec6063) x0 92d65ffa
core 0: 80002d3c (00944ab3) x21 431d2a8f
core 0: 80002d40 (010e6663) x12 e863a531
core 0: 00000000 (010e6663) x0 00000000
core 0: 00000000 (00000013) x0 00000000
core 0: 80002d4c (d3704793) x15 fffffd37
core 0: 80002d50 (07d7e337) x6 07d7e000
core 0: 80002d54 (011a2fb3) x31 00000001
core 0: 80002d58 (96333293) x5 00000001
core 0: 80002d5c (00cef3b3) x7 00000000
core 0: 80002d60 (00611233) x4 0000f995
core 0: 80002d64 (016f3733) x14 00000001
core 0: 80002d68 (03ed7463) x8 431d2974
core 0: 00000000 (03ed7463) x0 00000000
core 0: 00000000 (00000013) x0 00000000
core 0: 80002d90 (00ca4d33) x26 ebdb70a8
core 0: 80002d94 (00393b33) x22 00000001
core 0: 80002d98 (a7165e37) x28 a7165000
core 0: 80002d9c (049c6463) x8 d5f3897a
core 0: 00000000 (049c6463) x0 00000000
core 0: 00000000 (00000013) x0 00000000
core 0: 80002de4 (001cfc33) x24 00000000
core 0: 80002de8 (01221133) x2 0000f995
core 0: 80002dec (00375663) x12 000003f8
core 0: 00000000 (00375663) x0 00000000
core 0: 00000000 (00000013) x0 00000000
core 0: 80002df8 (01b89093) x1 00000000
core 0: 80002dfc (01de5c93) x25 00000005
core 0: 80002e00 (1df6b313) x6 00000001
core 0: 80002e04 (02aa7263) x4 ebdb70a8
core 0: 00000000 (02aa7263) x0 00000000
core 0: 00000000 (00000013) x0 00000000
core 0: 80002e28 (01091113) x2 00000000
core 0: 80002e2c (050af863) x16 2b80cfbf
core 0: 00000000 (050af863) x0 00000000
core 0: 00000000 (00000013) x0 00000000
core 0: 80002e7c (00dcfe63) x28 00000005
core 0: 00000000 (00dcfe63) x0 00000000
core 0: 00000000 (00000013) x0 00000000
core 0: 80002e98 (afb4bc13) x24 00000001
core 0: 80002e9c (403fd293) x5 00000000
core 0: 80002ea0 (008e0433) x8 a7164c09
core 0: 80002ea4 (935a4393) x7 1424899d
core 0: 80002ea8 (0215e863) x16 00000000
core 0: 80002eac (b353c813) x16 ebdb72a8
core 0: 80002eb0 (007f72b3) x5 00000004
core 0: 80002eb4 (00547663) x12 a7164c05
core 0: 00000000 (00547663) x0 00000000
core 0: 00000000 (00000013) x0 00000000
core 0: 80002ec0 (404b5d93) x27 00000000
core 0: 80002ec4 (003da633) x12 00000000
core 0: 80002ec8 (0001db13) x22 fffffc09
core 0: 80002ecc (fd6a0293) x5 ebdb707e
core 0: 80002ed0 (01dd8433) x8 ffffffa3
core 0: 80002ed4 (01b4f033) x0 00000000
core 0: 80002ed8 (407fd913) x18 00000000
core 0: 80002edc (44378493) x9 0000017a
core 0: 80002ee0 (017a5693) x13 000001d7
core 0: 80002ee4 (401307b3) x15 00000001
core 0: 80002ee8 (351f6513) x10 00000357
core 0: 80002eec (d477b993) x19 00000001
core 0: 80002ef0 (9ac24013) x0 ffff0039
core 0: 80002ef4 (00eb8263) x4 dfffffff
core 0: 80002ef8 (40dd5c13) x24 ffff5edb
core 0: 80002efc (f0930293) x5 ffffff0a
core 0: 80002f00 (004d9c63) x24 ffff066b
core 0: 00000000 (004d9c63) x0 00000000
core 0: 00000000 (00000013) x0 00000000
core 0: 80002f18 (007be9b3) x19 f424899d
core 0: 80002f1c (00100193) x3 00000001
core 0: 80002f20 (00000f17) x30 80002f20
core 0: 80002f24 (0a0f0f13) x30 80002fc0
core 0: 80002f28 (003f2023) mem 80002fc0 00000001
core 0: 80002f2c (00100073) x0 00000000
core 0: 80002f30 (00000f17) x30 80002f30
core 0: 80002f34 (083f2823) mem 80002fc0 00000001
core 0: 80002f38 (ff9ff06f) x0 80002f3c
core 0: 00000000 (ff9ff06f) x0 00000000
core 0: 00000000 (00000013) x0 00000000
core 0: 80002f30 (00000f17) x30 80002f30
core 0: 80002f34 (083f2823) mem 80002fc0 00000001
core 0: 80002f38 (ff9ff06f) x0 80002f3c
core 0: 80002f30 (00000f17) x30 80002f30
core 0: 80002f34 (083f2823) mem 80002fc0 00000001
core 0: 80002f38 (ff9ff06f) x0 80002f3c
core 0: 80002f30 (00000f17) x30 80002f30
core 0: 80002f34 (083f2823) mem 80002fc0 00000001
core 0: 80002f38 (ff9ff06f) x0 80002f3c
core 0: 80002f30 (00000f17) x30 80002f30
core 0: 80002f34 (083f2823) mem 80002fc0 00000001
core 0: 80002f38 (ff9ff06f) x0 80002f3c
core 0: 80002f30 (00000f17) x30 80002f30
core 0: 80002f34 (083f2823) mem 80002fc0 00000001
core 0: 80002f38 (ff9ff06f) x0 80002f3c
core 0: 80002f30 (00000f17) x30 80002f30
core 0: 80002f34 (083f2823) mem 80002fc0 00000001
core 0: 80002f38 (ff9ff06f) x0 80002f3c
core 0: 80002f30 (00000f17) x30 80002f30
core 0: 80002f34 (083f2823) mem 80002fc0 00000001
core 0: 80002f38 (ff9ff06f) x0 80002f3c
core 0: 80002f30 (00000f17) x30 80002f30
core 0: 80002f34 (083f2823) mem 80002fc0 00000001
core 0: 80002f38 (ff9ff06f) x0 80002f3c
core 0: 80002f30 (00000f17) x30 80002f30
core 0: 80002f34 (083f2823) mem 80002fc0 00000001
core 0: 80002f38 (ff9ff06f) x0 80002f3c
core 0: 80002f30 (00000f17) x30 80002f30
core 0: 80002f34 (083f2823) mem 80002fc0 00000001
core 0: 80002f38 (ff9ff06f) x0 80002f3c
core 0: 80002f30 (00000f17) x30 80002f30
core 0: 80002f34 (083f2823) mem 80002fc0 00000001
core 0: 80002f38 (ff9ff06f) x0 80002f3c
core 0: 80002f30 (00000f17) x30 80002f30
core 0: 80002f34 (083f2823) mem 80002fc0 00000001
core 0: 80002f38 (ff9ff06f) x0 80002f3c
core 0: 80002f30 (00000f17) x30 80002f30
core 0: 80002f34 (083f2823) mem 80002fc0 00000001
core 0: 80002f38 (ff9ff06f) x0 80002f3c
core 0: 80002f30 (00000f17) x30 80002f30
core 0: 80002f34 (083f2823) mem 80002fc0 00000001
core 0: 80002f38 (ff9ff06f) x0 80002f3c
core 0: 80002f30 (00000f17) x30 80002f30
core 0: 80002f34 (083f2823) mem 80002fc0 00000001
core 0: 80002f38 (ff9ff06f) x0 80002f3c
core 0: 80002f30 (00000f17) x30 80002f30
core 0: 80002f34 (083f2823) mem 80002fc0 00000001
core 0: 80002f38 (ff9ff06f) x0 80002f3c
core 0: 80002f30 (00000f17) x30 80002f30
core 0: 80002f34 (083f2823) mem 80002fc0 00000001
core 0: 80002f38 (ff9ff06f) x0 80002f3c
core 0: 80002f30 (00000f17) x30 80002f30
core 0: 80002f34 (083f2823) mem 80002fc0 00000001
core 0: 80002f38 (ff9ff06f) x0 80002f3c
core 0: 80002f30 (00000f17) x30 80002f30
core 0: 80002f34 (083f2823) mem 80002fc0 00000001
core 0: 80002f38 (ff9ff06f) x0 80002f3c
core 0: 80002f30 (00000f17) x30 80002f30
core 0: 80002f34 (083f2823) mem 80002fc0 00000001
core 0: 80002f38 (ff9ff06f) x0 80002f3c
core 0: 80002f30 (00000f17) x30 80002f30
core 0: 80002f34 (083f2823) mem 80002fc0 00000001
core 0: 80002f38 (ff9ff06f) x0 80002f3c
core 0: 80002f30 (00000f17) x30 80002f30
core 0: 80002f34 (083f2823) mem 80002fc0 00000001
core 0: 80002f38 (ff9ff06f) x0 80002f3c
core 0: 80002f30 (00000f17) x30 80002f30
core 0: 80002f34 (083f2823) mem 80002fc0 00000001
core 0: 80002f38 (ff9ff06f) x0 80002f3c
core 0: 80002f30 (00000f17) x30 80002f30
core 0: 80002f34 (083f2823) mem 80002fc0 00000001
core 0: 80002f38 (ff9ff06f) x0 80002f3c
core 0: 80002f30 (00000f17) x30 80002f30
core 0: 80002f34 (083f2823) mem 80002fc0 00000001
core 0: 80002f38 (ff9ff06f) x0 80002f3c
core 0: 80002f30 (00000f17) x30 80002f30
core 0: 80002f34 (083f2823) mem 80002fc0 00000001
core 0: 80002f38 (ff9ff06f) x0 80002f3c
core 0: 80002f30 (00000f17) x30 80002f30
core 0: 80002f34 (083f2823) mem 80002fc0 00000001
core 0: 80002f38 (ff9ff06f) x0 80002f3c
core 0: 80002f30 (00000f17) x30 80002f30
core 0: 80002f34 (083f2823) mem 80002fc0 00000001
core 0: 80002f38 (ff9ff06f) x0 80002f3c
core 0: 80002f30 (00000f17) x30 80002f30
core 0: 80002f34 (083f2823) mem 80002fc0 00000001
core 0: 80002f38 (ff9ff06f) x0 80002f3c
core 0: 80002f30 (00000f17) x30 80002f30
core 0: 80002f34 (083f2823) mem 80002fc0 00000001
core 0: 80002f38 (ff9ff06f) x0 80002f3c
core 0: 80002f30 (00000f17) x30 80002f30
core 0: 80002f34 (083f2823) mem 80002fc0 00000001
core 0: 80002f38 (ff9ff06f) x0 80002f3c
core 0: 80002f30 (00000f17) x30 80002f30
core 0: 80002f34 (083f2823) mem 80002fc0 00000001
core 0: 80002f38 (ff9ff06f) x0 80002f3c
core 0: 80002f30 (00000f17) x30 80002f30
core 0: 80002f34 (083f2823) mem 80002fc0 00000001
core 0: 80002f38 (ff9ff06f) x0 80002f3c
core 0: 80002f30 (00000f17) x30 80002f30
core 0: 80002f34 (083f2823) mem 80002fc0 00000001
core 0: 80002f38 (ff9ff06f) x0 80002f3c
core 0: 80002f30 (00000f17) x30 80002f30
core 0: 80002f34 (083f2823) mem 80002fc0 00000001
core 0: 80002f38 (ff9ff06f) x0 80002f3c
core 0: 80002f30 (00000f17) x30 80002f30
core 0: 80002f34 (083f2823) mem 80002fc0 00000001
core 0: 80002f38 (ff9ff06f) x0 80002f3c
core 0: 80002f30 (00000f17) x30 80002f30
core 0: 80002f34 (083f2823) mem 80002fc0 00000001
core 0: 80002f38 (ff9ff06f) x0 80002f3c
core 0: 80002f30 (00000f17) x30 80002f30
core 0: 80002f34 (083f2823) mem 80002fc0 00000001
core 0: 80002f38 (ff9ff06f) x0 80002f3c
core 0: 80002f30 (00000f17) x30 80002f30
core 0: 80002f34 (083f2823) mem 80002fc0 00000001
core 0: 80002f38 (ff9ff06f) x0 80002f3c
core 0: 80002f30 (00000f17) x30 80002f30
core 0: 80002f34 (083f2823) mem 80002fc0 00000001
core 0: 80002f38 (ff9ff06f) x0 80002f3c
core 0: 80002f30 (00000f17) x30 80002f30
core 0: 80002f34 (083f2823) mem 80002fc0 00000001
core 0: 80002f38 (ff9ff06f) x0 80002f3c
core 0: 80002f30 (00000f17) x30 80002f30
core 0: 80002f34 (083f2823) mem 80002fc0 00000001
core 0: 80002f38 (ff9ff06f) x0 80002f3c
core 0: 80002f30 (00000f17) x30 80002f30
core 0: 80002f34 (083f2823) mem 80002fc0 00000001
core 0: 80002f38 (ff9ff06f) x0 80002f3c
core 0: 80002f30 (00000f17) x30 80002f30
core 0: 80002f34 (083f2823) mem 80002fc0 00000001
core 0: 80002f38 (ff9ff06f) x0 80002f3c
core 0: 80002f30 (00000f17) x30 80002f30
core 0: 80002f34 (083f2823) mem 80002fc0 00000001
core 0: 80002f38 (ff9ff06f) x0 80002f3c
core 0: 80002f30 (00000f17) x30 80002f30
core 0: 80002f34 (083f2823) mem 80002fc0 00000001
core 0: 80002f38 (ff9ff06f) x0 80002f3c
core 0: 80002f30 (00000f17) x30 80002f30
core 0: 80002f34 (083f2823) mem 80002fc0 00000001
core 0: 80002f38 (ff9ff06f) x0 80002f3c
core 0: 80002f30 (00000f17) x30 80002f30
core 0: 80002f34 (083f2823) mem 80002fc0 00000001
core 0: 80002f38 (ff9ff06f) x0 80002f3c
core 0: 80002f30 (00000f17) x30 80002f30
core 0: 80002f34 (083f2823) mem 80002fc0 00000001
core 0: 80002f38 (ff9ff06f) x0 80002f3c
core 0: 80002f30 (00000f17) x30 80002f30
core 0: 80002f34 (083f2823) mem 80002fc0 00000001
core 0: 80002f38 (ff9ff06f) x0 80002f3c
core 0: 80002f30 (00000f17) x30 80002f30
core 0: 80002f34 (083f2823) mem 80002fc0 00000001
core 0: 80002f38 (ff9ff06f) x0 80002f3c
core 0: 80002f30 (00000f17) x30 80002f30
core 0: 80002f34 (083f2823) mem 80002fc0 00000001
core 0: 80002f38 (ff9ff06f) x0 80002f3c
core 0: 80002f30 (00000f17) x30 80002f30
core 0: 80002f34 (083f2823) mem 80002fc0 00000001
core 0: 80002f38 (ff9ff06f) x0 80002f3c
core 0: 80002f30 (00000f17) x30 80002f30
core 0: 80002f34 (083f2823) mem 80002fc0 00000001
core 0: 80002f38 (ff9ff06f) x0 80002f3c
core 0: 80002f30 (00000f17) x30 80002f30
core 0: 80002f34 (083f2823) mem 80002fc0 00000001
core 0: 80002f38 (ff9ff06f) x0 80002f3c
core 0: 80002f30 (00000f17) x30 80002f30
core 0: 80002f34 (083f2823) mem 80002fc0 00000001
core 0: 80002f38 (ff9ff06f) x0 80002f3c
core 0: 80002f30 (00000f17) x30 80002f30
core 0: 80002f34 (083f2823) mem 80002fc0 00000001
core 0: 80002f38 (ff9ff06f) x0 80002f3c
core 0: 80002f30 (00000f17) x30 80002f30
core 0: 80002f34 (083f2823) mem 80002fc0 00000001
core 0: 80002f38 (ff9ff06f) x0 80002f3c
core 0: 80002f30 (00000f17) x30 80002f30
core 0: 80002f34 (083f2823) mem 80002fc0 00000001
core 0: 80002f38 (ff9ff06f) x0 80002f3c
core 0: 80002f30 (00000f17) x30 80002f30
core 0: 80002f34 (083f2823) mem 80002fc0 00000001
core 0: 80002f38 (ff9ff06f) x0 80002f3c
core 0: 80002f30 (00000f17) x30 80002f30
core 0: 80002f34 (083f2823) mem 80002fc0 00000001
core 0: 80002f38 (ff9ff06f) x0 80002f3c
core 0: 80002f30 (00000f17) x30 80002f30
core 0: 80002f34 (083f2823) mem 80002fc0 00000001
core 0: 80002f38 (ff9ff06f) x0 80002f3c
core 0: 80002f30 (00000f17) x30 80002f30
core 0: 80002f34 (083f2823) mem 80002fc0 00000001
core 0: 80002f38 (ff9ff06f) x0 80002f3c
core 0: 80002f30 (00000f17) x30 80002f30
core 0: 80002f34 (083f2823) mem 80002fc0 00000001
core 0: 80002f38 (ff9ff06f) x0 80002f3c
core 0: 80002f30 (00000f17) x30 80002f30
core 0: 80002f34 (083f2823) mem 80002fc0 00000001
core 0: 80002f38 (ff9ff06f) x0 80002f3c
core 0: 80002f30 (00000f17) x30 80002f30
core 0: 80002f34 (083f2823) mem 80002fc0 00000001
core 0: 80002f38 (ff9ff06f) x0 80002f3c
core 0: 80002f30 (00000f17) x30 80002f30
core 0: 80002f34 (083f2823) mem 80002fc0 00000001
core 0: 80002f38 (ff9ff06f) x0 80002f3c
core 0: 80002f30 (00000f17) x30 80002f30
core 0: 80002f34 (083f2823) mem 80002fc0 00000001
core 0: 80002f38 (ff9ff06f) x0 80002f3c
core 0: 80002f30 (00000f17) x30 80002f30
core 0: 80002f34 (083f2823) mem 80002fc0 00000001
core 0: 80002f38 (ff9ff06f) x0 80002f3c
core 0: 80002f30 (00000f17) x30 80002f30
core 0: 80002f34 (083f2823) mem 80002fc0 00000001
core 0: 80002f38 (ff9ff06f) x0 80002f3c
core 0: 80002f30 (00000f17) x30 80002f30
core 0: 80002f34 (083f2823) mem 80002fc0 00000001
core 0: 80002f38 (ff9ff06f) x0 80002f3c
core 0: 80002f30 (00000f17) x30 80002f30
core 0: 80002f34 (083f2823) mem 80002fc0 00000001
core 0: 80002f38 (ff9ff06f) x0 80002f3c
core 0: 80002f30 (00000f17) x30 80002f30
core 0: 80002f34 (083f2823) mem 80002fc0 00000001
core 0: 80002f38 (ff9ff06f) x0 80002f3c
core 0: 80002f30 (00000f17) x30 80002f30
core 0: 80002f34 (083f2823) mem 80002fc0 00000001
core 0: 80002f38 (ff9ff06f) x0 80002f3c
core 0: 80002f30 (00000f17) x30 80002f30
core 0: 80002f34 (083f2823) mem 80002fc0 00000001
core 0: 80002f38 (ff9ff06f) x0 80002f3c
core 0: 80002f30 (00000f17) x30 80002f30
core 0: 80002f34 (083f2823) mem 80002fc0 00000001
core 0: 80002f38 (ff9ff06f) x0 80002f3c
core 0: 80002f30 (00000f17) x30 80002f30
core 0: 80002f34 (083f2823) mem 80002fc0 00000001
core 0: 80002f38 (ff9ff06f) x0 80002f3c
core 0: 80002f30 (00000f17) x30 80002f30
core 0: 80002f34 (083f2823) mem 80002fc0 00000001
core 0: 80002f38 (ff9ff06f) x0 80002f3c
core 0: 80002f30 (00000f17) x30 80002f30
core 0: 80002f34 (083f2823) mem 80002fc0 00000001
core 0: 80002f38 (ff9ff06f) x0 80002f3c
core 0: 80002f30 (00000f17) x30 80002f30
core 0: 80002f34 (083f2823) mem 80002fc0 00000001
core 0: 80002f38 (ff9ff06f) x0 80002f3c
core 0: 80002f30 (00000f17) x30 80002f30
core 0: 80002f34 (083f2823) mem 80002fc0 00000001
core 0: 80002f38 (ff9ff06f) x0 80002f3c
core 0: 80002f30 (00000f17) x30 80002f30
core 0: 80002f34 (083f2823) mem 80002fc0 00000001
core 0: 80002f38 (ff9ff06f) x0 80002f3c
core 0: 80002f30 (00000f17) x30 80002f30
core 0: 80002f34 (083f2823) mem 80002fc0 00000001
core 0: 80002f38 (ff9ff06f) x0 80002f3c
core 0: 80002f30 (00000f17) x30 80002f30
core 0: 80002f34 (083f2823) mem 80002fc0 00000001
core 0: 80002f38 (ff9ff06f) x0 80002f3c
core 0: 80002f30 (00000f17) x30 80002f30
core 0: 80002f34 (083f2823) mem 80002fc0 00000001
core 0: 80002f38 (ff9ff06f) x0 80002f3c
core 0: 80002f30 (00000f17) x30 80002f30
core 0: 80002f34 (083f2823) mem 80002fc0 00000001
core 0: 80002f38 (ff9ff06f) x0 80002f3c
core 0: 80002f30 (00000f17) x30 80002f30
core 0: 80002f34 (083f2823) mem 80002fc0 00000001
core 0: 80002f38 (ff9ff06f) x0 80002f3c
core 0: 80002f30 (00000f17) x30 80002f30
core 0: 80002f34 (083f2823) mem 80002fc0 00000001
core 0: 80002f38 (ff9ff06f) x0 80002f3c
core 0: 80002f30 (00000f17) x30 80002f30
core 0: 80002f34 (083f2823) mem 80002fc0 00000001
core 0: 80002f38 (ff9ff06f) x0 80002f3c
core 0: 80002f30 (00000f17) x30 80002f30
core 0: 80002f34 (083f2823) mem 80002fc0 00000001
core 0: 80002f38 (ff9ff06f) x0 80002f3c
core 0: 80002f30 (00000f17) x30 80002f30
core 0: 80002f34 (083f2823) mem 80002fc0 00000001
core 0: 80002f38 (ff9ff06f) x0 80002f3c
core 0: 80002f30 (00000f17) x30 80002f30
core 0: 80002f34 (083f2823) mem 80002fc0 00000001
core 0: 80002f38 (ff9ff06f) x0 80002f3c
core 0: 80002f30 (00000f17) x30 80002f30
core 0: 80002f34 (083f2823) mem 80002fc0 00000001
core 0: 80002f38 (ff9ff06f) x0 80002f3c
core 0: 80002f30 (00000f17) x30 80002f30
core 0: 80002f34 (083f2823) mem 80002fc0 00000001
core 0: 80002f38 (ff9ff06f) x0 80002f3c
core 0: 80002f30 (00000f17) x30 80002f30
core 0: 80002f34 (083f2823) mem 80002fc0 00000001
core 0: 80002f38 (ff9ff06f) x0 80002f3c
core 0: 80002f30 (00000f17) x30 80002f30
core 0: 80002f34 (083f2823) mem 80002fc0 00000001
core 0: 80002f38 (ff9ff06f) x0 80002f3c
core 0: 80002f30 (00000f17) x30 80002f30
core 0: 80002f34 (083f2823) mem 80002fc0 00000001
core 0: 80002f38 (ff9ff06f) x0 80002f3c
core 0: 80002f30 (00000f17) x30 80002f30
core 0: 80002f34 (083f2823) mem 80002fc0 00000001
core 0: 80002f38 (ff9ff06f) x0 80002f3c
core 0: 80002f30 (00000f17) x30 80002f30
core 0: 80002f34 (083f2823) mem 80002fc0 00000001
core 0: 80002f38 (ff9ff06f) x0 80002f3c
core 0: 80002f30 (00000f17) x30 80002f30
core 0: 80002f34 (083f2823) mem 80002fc0 00000001
core 0: 80002f38 (ff9ff06f) x0 80002f3c
core 0: 80002f30 (00000f17) x30 80002f30
core 0: 80002f34 (083f2823) mem 80002fc0 00000001
core 0: 80002f38 (ff9ff06f) x0 80002f3c
core 0: 80002f30 (00000f17) x30 80002f30
core 0: 80002f34 (083f2823) mem 80002fc0 00000001
core 0: 80002f38 (ff9ff06f) x0 80002f3c
core 0: 80002f30 (00000f17) x30 80002f30
core 0: 80002f34 (083f2823) mem 80002fc0 00000001
core 0: 80002f38 (ff9ff06f) x0 80002f3c
core 0: 80002f30 (00000f17) x30 80002f30
core 0: 80002f34 (083f2823) mem 80002fc0 00000001
core 0: 80002f38 (ff9ff06f) x0 80002f3c
core 0: 80002f30 (00000f17) x30 80002f30
core 0: 80002f34 (083f2823) mem 80002fc0 00000001
core 0: 80002f38 (ff9ff06f) x0 80002f3c
core 0: 80002f30 (00000f17) x30 80002f30
core 0: 80002f34 (083f2823) mem 80002fc0 00000001
core 0: 80002f38 (ff9ff06f) x0 80002f3c
core 0: 80002f30 (00000f17) x30 80002f30
core 0: 80002f34 (083f2823) mem 80002fc0 00000001
core 0: 80002f38 (ff9ff06f) x0 80002f3c
core 0: 80002f30 (00000f17) x30 80002f30
core 0: 80002f34 (083f2823) mem 80002fc0 00000001
core 0: 80002f38 (ff9ff06f) x0 80002f3c
core 0: 80002f30 (00000f17) x30 80002f30
core 0: 80002f34 (083f2823) mem 80002fc0 00000001
core 0: 80002f38 (ff9ff06f) x0 80002f3c
core 0: 80002f30 (00000f17) x30 80002f30
core 0: 80002f34 (083f2823) mem 80002fc0 00000001
core 0: 80002f38 (ff9ff06f) x0 80002f3c
core 0: 80002f30 (00000f17) x30 80002f30
core 0: 80002f34 (083f2823) mem 80002fc0 00000001
core 0: 80002f38 (ff9ff06f) x0 80002f3c
core 0: 80002f30 (00000f17) x30 80002f30
core 0: 80002f34 (083f2823) mem 80002fc0 00000001
core 0: 80002f38 (ff9ff06f) x0 80002f3c
core 0: 80002f30 (00000f17) x30 80002f30
core 0: 80002f34 (083f2823) mem 80002fc0 00000001
core 0: 80002f38 (ff9ff06f) x0 80002f3c
core 0: 80002f30 (00000f17) x30 80002f30
core 0: 80002f34 (083f2823) mem 80002fc0 00000001
core 0: 80002f38 (ff9ff06f) x0 80002f3c
core 0: 80002f30 (00000f17) x30 80002f30
core 0: 80002f34 (083f2823) mem 80002fc0 00000001
core 0: 80002f38 (ff9ff06f) x0 80002f3c
core 0: 80002f30 (00000f17) x30 80002f30
core 0: 80002f34 (083f2823) mem 80002fc0 00000001
core 0: 80002f38 (ff9ff06f) x0 80002f3c
core 0: 80002f30 (00000f17) x30 80002f30
core 0: 80002f34 (083f2823) mem 80002fc0 00000001
core 0: 80002f38 (ff9ff06f) x0 80002f3c
core 0: 80002f30 (00000f17) x30 80002f30
core 0: 80002f34 (083f2823) mem 80002fc0 00000001
core 0: 80002f38 (ff9ff06f) x0 80002f3c
core 0: 80002f30 (00000f17) x30 80002f30
core 0: 80002f34 (083f2823) mem 80002fc0 00000001
core 0: 80002f38 (ff9ff06f) x0 80002f3c
core 0: 80002f30 (00000f17) x30 80002f30
core 0: 80002f34 (083f2823) mem 80002fc0 00000001
core 0: 80002f38 (ff9ff06f) x0 80002f3c
core 0: 80002f30 (00000f17) x30 80002f30
core 0: 80002f34 (083f2823) mem 80002fc0 00000001
core 0: 80002f38 (ff9ff06f) x0 80002f3c
core 0: 80002f30 (00000f17) x30 80002f30
core 0: 80002f34 (083f2823) mem 80002fc0 00000001
core 0: 80002f38 (ff9ff06f) x0 80002f3c
core 0: 80002f30 (00000f17) x30 80002f30
core 0: 80002f34 (083f2823) mem 80002fc0 00000001
core 0: 80002f38 (ff9ff06f) x0 80002f3c
core 0: 80002f30 (00000f17) x30 80002f30
core 0: 80002f34 (083f2823) mem 80002fc0 00000001
core 0: 80002f38 (ff9ff06f) x0 80002f3c
core 0: 80002f30 (00000f17) x30 80002f30
core 0: 80002f34 (083f2823) mem 80002fc0 00000001
core 0: 80002f38 (ff9ff06f) x0 80002f3c
core 0: 80002f30 (00000f17) x30 80002f30
core 0: 80002f34 (083f2823) mem 80002fc0 00000001
core 0: 80002f38 (ff9ff06f) x0 80002f3c
core 0: 80002f30 (00000f17) x30 80002f30
core 0: 80002f34 (083f2823) mem 80002fc0 00000001
core 0: 80002f38 (ff9ff06f) x0 80002f3c
core 0: 80002f30 (00000f17) x30 80002f30
core 0: 80002f34 (083f2823) mem 80002fc0 00000001
core 0: 80002f38 (ff9ff06f) x0 80002f3c
core 0: 80002f30 (00000f17) x30 80002f30
core 0: 80002f34 (083f2823) mem 80002fc0 00000001
core 0: 80002f38 (ff9ff06f) x0 80002f3c
core 0: 80002f30 (00000f17) x30 80002f30
core 0: 80002f34 (083f2823) mem 80002fc0 00000001
core 0: 80002f38 (ff9ff06f) x0 80002f3c
core 0: 80002f30 (00000f17) x30 80002f30
core 0: 80002f34 (083f2823) mem 80002fc0 00000001
core 0: 80002f38 (ff9ff06f) x0 80002f3c
core 0: 80002f30 (00000f17) x30 80002f30
core 0: 80002f34 (083f2823) mem 80002fc0 00000001
core 0: 80002f38 (ff9ff06f) x0 80002f3c
core 0: 80002f30 (00000f17) x30 80002f30
core 0: 80002f34 (083f2823) mem 80002fc0 00000001
core 0: 80002f38 (ff9ff06f) x0 80002f3c
core 0: 80002f30 (00000f17) x30 80002f30
core 0: 80002f34 (083f2823) mem 80002fc0 00000001
core 0: 80002f38 (ff9ff06f) x0 80002f3c
core 0: 80002f30 (00000f17) x30 80002f30
core 0: 80002f34 (083f2823) mem 80002fc0 00000001
core 0: 80002f38 (ff9ff06f) x0 80002f3c
core 0: 80002f30 (00000f17) x30 80002f30
core 0: 80002f34 (083f2823) mem 80002fc0 00000001
core 0: 80002f38 (ff9ff06f) x0 80002f3c
core 0: 80002f30 (00000f17) x30 80002f30
core 0: 80002f34 (083f2823) mem 80002fc0 00000001
core 0: 80002f38 (ff9ff06f) x0 80002f3c
core 0: 80002f30 (00000f17) x30 80002f30
core 0: 80002f34 (083f2823) mem 80002fc0 00000001
core 0: 80002f38 (ff9ff06f) x0 80002f3c
core 0: 80002f30 (00000f17) x30 80002f30
core 0: 80002f34 (083f2823) mem 80002fc0 00000001
core 0: 80002f38 (ff9ff06f) x0 80002f3c
core 0: 80002f30 (00000f17) x30 80002f30
core 0: 80002f34 (083f2823) mem 80002fc0 00000001
core 0: 80002f38 (ff9ff06f) x0 80002f3c
core 0: 80002f30 (00000f17) x30 80002f30
core 0: 80002f34 (083f2823) mem 80002fc0 00000001
core 0: 80002f38 (ff9ff06f) x0 80002f3c
core 0: 80002f30 (00000f17) x30 80002f30
core 0: 80002f34 (083f2823) mem 80002fc0 00000001
core 0: 80002f38 (ff9ff06f) x0 80002f3c
core 0: 80002f30 (00000f17) x30 80002f30
core 0: 80002f34 (083f2823) mem 80002fc0 00000001
core 0: 80002f38 (ff9ff06f) x0 80002f3c
core 0: 80002f30 (00000f17) x30 80002f30
core 0: 80002f34 (083f2823) mem 80002fc0 00000001
core 0: 80002f38 (ff9ff06f) x0 80002f3c
core 0: 80002f30 (00000f17) x30 80002f30
core 0: 80002f34 (083f2823) mem 80002fc0 00000001
core 0: 80002f38 (ff9ff06f) x0 80002f3c
core 0: 80002f30 (00000f17) x30 80002f30
core 0: 80002f34 (083f2823) mem 80002fc0 00000001
core 0: 80002f38 (ff9ff06f) x0 80002f3c
core 0: 80002f30 (00000f17) x30 80002f30
core 0: 80002f34 (083f2823) mem 80002fc0 00000001
core 0: 80002f38 (ff9ff06f) x0 80002f3c
core 0: 80002f30 (00000f17) x30 80002f30
core 0: 80002f34 (083f2823) mem 80002fc0 00000001
core 0: 80002f38 (ff9ff06f) x0 80002f3c
core 0: 80002f30 (00000f17) x30 80002f30
core 0: 80002f34 (083f2823) mem 80002fc0 00000001
core 0: 80002f38 (ff9ff06f) x0 80002f3c
core 0: 80002f30 (00000f17) x30 80002f30
core 0: 80002f34 (083f2823) mem 80002fc0 00000001
core 0: 80002f38 (ff9ff06f) x0 80002f3c
core 0: 80002f30 (00000f17) x30 80002f30
core 0: 80002f34 (083f2823) mem 80002fc0 00000001
core 0: 80002f38 (ff9ff06f) x0 80002f3c
core 0: 80002f30 (00000f17) x30 80002f30
core 0: 80002f34 (083f2823) mem 80002fc0 00000001
core 0: 80002f38 (ff9ff06f) x0 80002f3c
core 0: 80002f30 (00000f17) x30 80002f30
core 0: 80002f34 (083f2823) mem 80002fc0 00000001
core 0: 80002f38 (ff9ff06f) x0 80002f3c
core 0: 80002f30 (00000f17) x30 80002f30
core 0: 80002f34 (083f2823) mem 80002fc0 00000001
core 0: 80002f38 (ff9ff06f) x0 80002f3c
core 0: 80002f30 (00000f17) x30 80002f30
core 0: 80002f34 (083f2823) mem 80002fc0 00000001
core 0: 80002f38 (ff9ff06f) x0 80002f3c
core 0: 80002f30 (00000f17) x30 80002f30
core 0: 80002f34 (083f2823) mem 80002fc0 00000001
core 0: 80002f38 (ff9ff06f) x0 80002f3c
core 0: 80002f30 (00000f17) x30 80002f30
core 0: 80002f34 (083f2823) mem 80002fc0 00000001
core 0: 80002f38 (ff9ff06f) x0 80002f3c
core 0: 80002f30 (00000f17) x30 80002f30
core 0: 80002f34 (083f2823) mem 80002fc0 00000001
core 0: 80002f38 (ff9ff06f) x0 80002f3c
core 0: 80002f30 (00000f17) x30 80002f30
core 0: 80002f34 (083f2823) mem 80002fc0 00000001
core 0: 80002f38 (ff9ff06f) x0 80002f3c
core 0: 80002f30 (00000f17) x30 80002f30
core 0: 80002f34 (083f2823) mem 80002fc0 00000001
core 0: 80002f38 (ff9ff06f) x0 80002f3c
core 0: 80002f30 (00000f17) x30 80002f30
core 0: 80002f34 (083f2823) mem 80002fc0 00000001
core 0: 80002f38 (ff9ff06f) x0 80002f3c
core 0: 80002f30 (00000f17) x30 80002f30
core 0: 80002f34 (083f2823) mem 80002fc0 00000001
core 0: 80002f38 (ff9ff06f) x0 80002f3c
core 0: 80002f30 (00000f17) x30 80002f30
core 0: 80002f34 (083f2823) mem 80002fc0 00000001
core 0: 80002f38 (ff9ff06f) x0 80002f3c
core 0: 80002f30 (00000f17) x30 80002f30
core 0: 80002f34 (083f2823) mem 80002fc0 00000001
core 0: 80002f38 (ff9ff06f) x0 80002f3c
core 0: 80002f30 (00000f17) x30 80002f30
core 0: 80002f34 (083f2823) mem 80002fc0 00000001
core 0: 80002f38 (ff9ff06f) x0 80002f3c
core 0: 80002f30 (00000f17) x30 80002f30
core 0: 80002f34 (083f2823) mem 80002fc0 00000001
core 0: 80002f38 (ff9ff06f) x0 80002f3c
core 0: 80002f30 (00000f17) x30 80002f30
core 0: 80002f34 (083f2823) mem 80002fc0 00000001
core 0: 80002f38 (ff9ff06f) x0 80002f3c
core 0: 80002f30 (00000f17) x30 80002f30
core 0: 80002f34 (083f2823) mem 80002fc0 00000001
core 0: 80002f38 (ff9ff06f) x0 80002f3c
core 0: 80002f30 (00000f17) x30 80002f30
core 0: 80002f34 (083f2823) mem 80002fc0 00000001
core 0: 80002f38 (ff9ff06f) x0 80002f3c
core 0: 80002f30 (00000f17) x30 80002f30
core 0: 80002f34 (083f2823) mem 80002fc0 00000001
core 0: 80002f38 (ff9ff06f) x0 80002f3c
core 0: 80002f30 (00000f17) x30 80002f30
core 0: 80002f34 (083f2823) mem 80002fc0 00000001
core 0: 80002f38 (ff9ff06f) x0 80002f3c
core 0: 80002f30 (00000f17) x30 80002f30
core 0: 80002f34 (083f2823) mem 80002fc0 00000001
core 0: 80002f38 (ff9ff06f) x0 80002f3c
core 0: 80002f30 (00000f17) x30 80002f30
core 0: 80002f34 (083f2823) mem 80002fc0 00000001
core 0: 80002f38 (ff9ff06f) x0 80002f3c
core 0: 80002f30 (00000f17) x30 80002f30
core 0: 80002f34 (083f2823) mem 80002fc0 00000001
core 0: 80002f38 (ff9ff06f) x0 80002f3c
core 0: 80002f30 (00000f17) x30 80002f30
core 0: 80002f34 (083f2823) mem 80002fc0 00000001
core 0: 80002f38 (ff9ff06f) x0 80002f3c
core 0: 80002f30 (00000f17) x30 80002f30
core 0: 80002f34 (083f2823) mem 80002fc0 00000001
core 0: 80002f38 (ff9ff06f) x0 80002f3c
core 0: 80002f30 (00000f17) x30 80002f30
core 0: 80002f34 (083f2823) mem 80002fc0 00000001
core 0: 80002f38 (ff9ff06f) x0 80002f3c
core 0: 80002f30 (00000f17) x30 80002f30
core 0: 80002f34 (083f2823) mem 80002fc0 00000001
core 0: 80002f38 (ff9ff06f) x0 80002f3c
core 0: 80002f30 (00000f17) x30 80002f30
core 0: 80002f34 (083f2823) mem 80002fc0 00000001
core 0: 80002f38 (ff9ff06f) x0 80002f3c
core 0: 80002f30 (00000f17) x30 80002f30
core 0: 80002f34 (083f2823) mem 80002fc0 00000001
core 0: 80002f38 (ff9ff06f) x0 80002f3c
core 0: 80002f30 (00000f17) x30 80002f30
core 0: 80002f34 (083f2823) mem 80002fc0 00000001
core 0: 80002f38 (ff9ff06f) x0 80002f3c
core 0: 80002f30 (00000f17) x30 80002f30
core 0: 80002f34 (083f2823) mem 80002fc0 00000001
core 0: 80002f38 (ff9ff06f) x0 80002f3c
core 0: 80002f30 (00000f17) x30 80002f30
core 0: 80002f34 (083f2823) mem 80002fc0 00000001
core 0: 80002f38 (ff9ff06f) x0 80002f3c
core 0: 80002f30 (00000f17) x30 80002f30
core 0: 80002f34 (083f2823) mem 80002fc0 00000001
core 0: 80002f38 (ff9ff06f) x0 80002f3c
core 0: 80002f30 (00000f17) x30 80002f30
core 0: 80002f34 (083f2823) mem 80002fc0 00000001
core 0: 80002f38 (ff9ff06f) x0 80002f3c
core 0: 80002f30 (00000f17) x30 80002f30
core 0: 80002f34 (083f2823) mem 80002fc0 00000001
core 0: 80002f38 (ff9ff06f) x0 80002f3c
core 0: 80002f30 (00000f17) x30 80002f30
core 0: 80002f34 (083f2823) mem 80002fc0 00000001
core 0: 80002f38 (ff9ff06f) x0 80002f3c
core 0: 80002f30 (00000f17) x30 80002f30
core 0: 80002f34 (083f2823) mem 80002fc0 00000001
core 0: 80002f38 (ff9ff06f) x0 80002f3c
core 0: 80002f30 (00000f17) x30 80002f30
core 0: 80002f34 (083f2823) mem 80002fc0 00000001
core 0: 80002f38 (ff9ff06f) x0 80002f3c
core 0: 80002f30 (00000f17) x30 80002f30
core 0: 80002f34 (083f2823) mem 80002fc0 00000001
core 0: 80002f38 (ff9ff06f) x0 80002f3c
core 0: 80002f30 (00000f17) x30 80002f30
core 0: 80002f34 (083f2823) mem 80002fc0 00000001
core 0: 80002f38 (ff9ff06f) x0 80002f3c
core 0: 80002f30 (00000f17) x30 80002f30
core 0: 80002f34 (083f2823) mem 80002fc0 00000001
core 0: 80002f38 (ff9ff06f) x0 80002f3c
core 0: 80002f30 (00000f17) x30 80002f30
core 0: 80002f34 (083f2823) mem 80002fc0 00000001
core 0: 80002f38 (ff9ff06f) x0 80002f3c
core 0: 80002f30 (00000f17) x30 80002f30
core 0: 80002f34 (083f2823) mem 80002fc0 00000001
core 0: 80002f38 (ff9ff06f) x0 80002f3c
core 0: 80002f30 (00000f17) x30 80002f30
core 0: 80002f34 (083f2823) mem 80002fc0 00000001
core 0: 80002f38 (ff9ff06f) x0 80002f3c
core 0: 80002f30 (00000f17) x30 80002f30
core 0: 80002f34 (083f2823) mem 80002fc0 00000001
core 0: 80002f38 (ff9ff06f) x0 80002f3c
core 0: 80002f30 (00000f17) x30 80002f30
core 0: 80002f34 (083f2823) mem 80002fc0 00000001
core 0: 80002f38 (ff9ff06f) x0 80002f3c
core 0: 80002f30 (00000f17) x30 80002f30
core 0: 80002f34 (083f2823) mem 80002fc0 00000001
core 0: 80002f38 (ff9ff06f) x0 80002f3c
core 0: 80002f30 (00000f17) x30 80002f30
core 0: 80002f34 (083f2823) mem 80002fc0 00000001
core 0: 80002f38 (ff9ff06f) x0 80002f3c
core 0: 80002f30 (00000f17) x30 80002f30
core 0: 80002f34 (083f2823) mem 80002fc0 00000001
core 0: 80002f38 (ff9ff06f) x0 80002f3c
core 0: 80002f30 (00000f17) x30 80002f30
core 0: 80002f34 (083f2823) mem 80002fc0 00000001
core 0: 80002f38 (ff9ff06f) x0 80002f3c
core 0: 80002f30 (00000f17) x30 80002f30
core 0: 80002f34 (083f2823) mem 80002fc0 00000001
core 0: 80002f38 (ff9ff06f) x0 80002f3c
core 0: 80002f30 (00000f17) x30 80002f30
core 0: 80002f34 (083f2823) mem 80002fc0 00000001
core 0: 80002f38 (ff9ff06f) x0 80002f3c
core 0: 80002f30 (00000f17) x30 80002f30
core 0: 80002f34 (083f2823) mem 80002fc0 00000001
core 0: 80002f38 (ff9ff06f) x0 80002f3c
core 0: 80002f30 (00000f17) x30 80002f30
core 0: 80002f34 (083f2823) mem 80002fc0 00000001
core 0: 80002f38 (ff9ff06f) x0 80002f3c
core 0: 80002f30 (00000f17) x30 80002f30
core 0: 80002f34 (083f2823) mem 80002fc0 00000001
core 0: 80002f38 (ff9ff06f) x0 80002f3c
core 0: 80002f30 (00000f17) x30 80002f30
core 0: 80002f34 (083f2823) mem 80002fc0 00000001
core 0: 80002f38 (ff9ff06f) x0 80002f3c
core 0: 80002f30 (00000f17) x30 80002f30
core 0: 80002f34 (083f2823) mem 80002fc0 00000001
core 0: 80002f38 (ff9ff06f) x0 80002f3c
core 0: 80002f30 (00000f17) x30 80002f30
core 0: 80002f34 (083f2823) mem 80002fc0 00000001
core 0: 80002f38 (ff9ff06f) x0 80002f3c
core 0: 80002f30 (00000f17) x30 80002f30
core 0: 80002f34 (083f2823) mem 80002fc0 00000001
core 0: 80002f38 (ff9ff06f) x0 80002f3c
core 0: 80002f30 (00000f17) x30 80002f30
core 0: 80002f34 (083f2823) mem 80002fc0 00000001
core 0: 80002f38 (ff9ff06f) x0 80002f3c
core 0: 80002f30 (00000f17) x30 80002f30
core 0: 80002f34 (083f2823) mem 80002fc0 00000001
core 0: 80002f38 (ff9ff06f) x0 80002f3c
core 0: 80002f30 (00000f17) x30 80002f30
core 0: 80002f34 (083f2823) mem 80002fc0 00000001
core 0: 80002f38 (ff9ff06f) x0 80002f3c
core 0: 80002f30 (00000f17) x30 80002f30
core 0: 80002f34 (083f2823) mem 80002fc0 00000001
core 0: 80002f38 (ff9ff06f) x0 80002f3c
core 0: 80002f30 (00000f17) x30 80002f30
core 0: 80002f34 (083f2823) mem 80002fc0 00000001
core 0: 80002f38 (ff9ff06f) x0 80002f3c
core 0: 80002f30 (00000f17) x30 80002f30
core 0: 80002f34 (083f2823) mem 80002fc0 00000001
core 0: 80002f38 (ff9ff06f) x0 80002f3c
core 0: 80002f30 (00000f17) x30 80002f30
core 0: 80002f34 (083f2823) mem 80002fc0 00000001
core 0: 80002f38 (ff9ff06f) x0 80002f3c
core 0: 80002f30 (00000f17) x30 80002f30
core 0: 80002f34 (083f2823) mem 80002fc0 00000001
core 0: 80002f38 (ff9ff06f) x0 80002f3c
core 0: 80002f30 (00000f17) x30 80002f30
core 0: 80002f34 (083f2823) mem 80002fc0 00000001
core 0: 80002f38 (ff9ff06f) x0 80002f3c
core 0: 80002f30 (00000f17) x30 80002f30
core 0: 80002f34 (083f2823) mem 80002fc0 00000001
core 0: 80002f38 (ff9ff06f) x0 80002f3c
core 0: 80002f30 (00000f17) x30 80002f30
core 0: 80002f34 (083f2823) mem 80002fc0 00000001
core 0: 80002f38 (ff9ff06f) x0 80002f3c
core 0: 80002f30 (00000f17) x30 80002f30
core 0: 80002f34 (083f2823) mem 80002fc0 00000001
core 0: 80002f38 (ff9ff06f) x0 80002f3c
core 0: 80002f30 (00000f17) x30 80002f30
core 0: 80002f34 (083f2823) mem 80002fc0 00000001
core 0: 80002f38 (ff9ff06f) x0 80002f3c
core 0: 80002f30 (00000f17) x30 80002f30
core 0: 80002f34 (083f2823) mem 80002fc0 00000001
core 0: 80002f38 (ff9ff06f) x0 80002f3c
core 0: 80002f30 (00000f17) x30 80002f30
core 0: 80002f34 (083f2823) mem 80002fc0 00000001
core 0: 80002f38 (ff9ff06f) x0 80002f3c
core 0: 80002f30 (00000f17) x30 80002f30
core 0: 80002f34 (083f2823) mem 80002fc0 00000001
core 0: 80002f38 (ff9ff06f) x0 80002f3c
core 0: 80002f30 (00000f17) x30 80002f30
core 0: 80002f34 (083f2823) mem 80002fc0 00000001
core 0: 80002f38 (ff9ff06f) x0 80002f3c
core 0: 80002f30 (00000f17) x30 80002f30
core 0: 80002f34 (083f2823) mem 80002fc0 00000001
core 0: 80002f38 (ff9ff06f) x0 80002f3c
core 0: 80002f30 (00000f17) x30 80002f30
core 0: 80002f34 (083f2823) mem 80002fc0 00000001
core 0: 80002f38 (ff9ff06f) x0 80002f3c
core 0: 80002f30 (00000f17) x30 80002f30
core 0: 80002f34 (083f2823) mem 80002fc0 00000001
core 0: 80002f38 (ff9ff06f) x0 80002f3c
core 0: 80002f30 (00000f17) x30 80002f30
core 0: 80002f34 (083f2823) mem 80002fc0 00000001
core 0: 80002f38 (ff9ff06f) x0 80002f3c
core 0: 80002f30 (00000f17) x30 80002f30
core 0: 80002f34 (083f2823) mem 80002fc0 00000001
core 0: 80002f38 (ff9ff06f) x0 80002f3c
core 0: 80002f30 (00000f17) x30 80002f30
core 0: 80002f34 (083f2823) mem 80002fc0 00000001
core 0: 80002f38 (ff9ff06f) x0 80002f3c
core 0: 80002f30 (00000f17) x30 80002f30
core 0: 80002f34 (083f2823) mem 80002fc0 00000001
core 0: 80002f38 (ff9ff06f) x0 80002f3c
core 0: 80002f30 (00000f17) x30 80002f30
core 0: 80002f34 (083f2823) mem 80002fc0 00000001
core 0: 80002f38 (ff9ff06f) x0 80002f3c
core 0: 80002f30 (00000f17) x30 80002f30
core 0: 80002f34 (083f2823) mem 80002fc0 00000001
core 0: 80002f38 (ff9ff06f) x0 80002f3c
core 0: 80002f30 (00000f17) x30 80002f30
core 0: 80002f34 (083f2823) mem 80002fc0 00000001
core 0: 80002f38 (ff9ff06f) x0 80002f3c
core 0: 80002f30 (00000f17) x30 80002f30
core 0: 80002f34 (083f2823) mem 80002fc0 00000001
core 0: 80002f38 (ff9ff06f) x0 80002f3c
core 0: 80002f30 (00000f17) x30 80002f30
core 0: 80002f34 (083f2823) mem 80002fc0 00000001
core 0: 80002f38 (ff9ff06f) x0 80002f3c
core 0: 80002f30 (00000f17) x30 80002f30
core 0: 80002f34 (083f2823) mem 80002fc0 00000001
core 0: 80002f38 (ff9ff06f) x0 80002f3c
core 0: 80002f30 (00000f17) x30 80002f30
core 0: 80002f34 (083f2823) mem 80002fc0 00000001
core 0: 80002f38 (ff9ff06f) x0 80002f3c
core 0: 80002f30 (00000f17) x30 80002f30
core 0: 80002f34 (083f2823) mem 80002fc0 00000001
core 0: 80002f38 (ff9ff06f) x0 80002f3c
core 0: 80002f30 (00000f17) x30 80002f30
core 0: 80002f34 (083f2823) mem 80002fc0 00000001
core 0: 80002f38 (ff9ff06f) x0 80002f3c
core 0: 80002f30 (00000f17) x30 80002f30
core 0: 80002f34 (083f2823) mem 80002fc0 00000001
core 0: 80002f38 (ff9ff06f) x0 80002f3c
core 0: 80002f30 (00000f17) x30 80002f30
core 0: 80002f34 (083f2823) mem 80002fc0 00000001
core 0: 80002f38 (ff9ff06f) x0 80002f3c
core 0: 80002f30 (00000f17) x30 80002f30
core 0: 80002f34 (083f2823) mem 80002fc0 00000001
core 0: 80002f38 (ff9ff06f) x0 80002f3c
core 0: 80002f30 (00000f17) x30 80002f30
core 0: 80002f34 (083f2823) mem 80002fc0 00000001
core 0: 80002f38 (ff9ff06f) x0 80002f3c
core 0: 80002f30 (00000f17) x30 80002f30
core 0: 80002f34 (083f2823) mem 80002fc0 00000001
core 0: 80002f38 (ff9ff06f) x0 80002f3c
core 0: 80002f30 (00000f17) x30 80002f30
core 0: 80002f34 (083f2823) mem 80002fc0 00000001
core 0: 80002f38 (ff9ff06f) x0 80002f3c
core 0: 80002f30 (00000f17) x30 80002f30
core 0: 80002f34 (083f2823) mem 80002fc0 00000001
core 0: 80002f38 (ff9ff06f) x0 80002f3c
core 0: 80002f30 (00000f17) x30 80002f30
core 0: 80002f34 (083f2823) mem 80002fc0 00000001
core 0: 80002f38 (ff9ff06f) x0 80002f3c
core 0: 80002f30 (00000f17) x30 80002f30
core 0: 80002f34 (083f2823) mem 80002fc0 00000001
core 0: 80002f38 (ff9ff06f) x0 80002f3c
core 0: 80002f30 (00000f17) x30 80002f30
core 0: 80002f34 (083f2823) mem 80002fc0 00000001
core 0: 80002f38 (ff9ff06f) x0 80002f3c
core 0: 80002f30 (00000f17) x30 80002f30
core 0: 80002f34 (083f2823) mem 80002fc0 00000001
core 0: 80002f38 (ff9ff06f) x0 80002f3c
core 0: 80002f30 (00000f17) x30 80002f30
core 0: 80002f34 (083f2823) mem 80002fc0 00000001
core 0: 80002f38 (ff9ff06f) x0 80002f3c
core 0: 80002f30 (00000f17) x30 80002f30
core 0: 80002f34 (083f2823) mem 80002fc0 00000001
core 0: 80002f38 (ff9ff06f) x0 80002f3c
core 0: 80002f30 (00000f17) x30 80002f30
core 0: 80002f34 (083f2823) mem 80002fc0 00000001
core 0: 80002f38 (ff9ff06f) x0 80002f3c
core 0: 80002f30 (00000f17) x30 80002f30
core 0: 80002f34 (083f2823) mem 80002fc0 00000001
core 0: 80002f38 (ff9ff06f) x0 80002f3c
core 0: 80002f30 (00000f17) x30 80002f30
core 0: 80002f34 (083f2823) mem 80002fc0 00000001
core 0: 80002f38 (ff9ff06f) x0 80002f3c
core 0: 80002f30 (00000f17) x30 80002f30
core 0: 80002f34 (083f2823) mem 80002fc0 00000001
core 0: 80002f38 (ff9ff06f) x0 80002f3c
core 0: 80002f30 (00000f17) x30 80002f30
core 0: 80002f34 (083f2823) mem 80002fc0 00000001
core 0: 80002f38 (ff9ff06f) x0 80002f3c
core 0: 80002f30 (00000f17) x30 80002f30
core 0: 80002f34 (083f2823) mem 80002fc0 00000001
core 0: 80002f38 (ff9ff06f) x0 80002f3c
core 0: 80002f30 (00000f17) x30 80002f30
core 0: 80002f34 (083f2823) mem 80002fc0 00000001
core 0: 80002f38 (ff9ff06f) x0 80002f3c
core 0: 80002f30 (00000f17) x30 80002f30
core 0: 80002f34 (083f2823) mem 80002fc0 00000001
core 0: 80002f38 (ff9ff06f) x0 80002f3c
core 0: 80002f30 (00000f17) x30 80002f30
core 0: 80002f34 (083f2823) mem 80002fc0 00000001
core 0: 80002f38 (ff9ff06f) x0 80002f3c
core 0: 80002f30 (00000f17) x30 80002f30
core 0: 80002f34 (083f2823) mem 80002fc0 00000001
core 0: 80002f38 (ff9ff06f) x0 80002f3c
core 0: 80002f30 (00000f17) x30 80002f30
core 0: 80002f34 (083f2823) mem 80002fc0 00000001
core 0: 80002f38 (ff9ff06f) x0 80002f3c
core 0: 80002f30 (00000f17) x30 80002f30
core 0: 80002f34 (083f2823) mem 80002fc0 00000001
core 0: 80002f38 (ff9ff06f) x0 80002f3c
core 0: 80002f30 (00000f17) x30 80002f30
core 0: 80002f34 (083f2823) mem 80002fc0 00000001
core 0: 80002f38 (ff9ff06f) x0 80002f3c
core 0: 80002f30 (00000f17) x30 80002f30
core 0: 80002f34 (083f2823) mem 80002fc0 00000001
core 0: 80002f38 (ff9ff06f) x0 80002f3c
core 0: 80002f30 (00000f17) x30 80002f30
core 0: 80002f34 (083f2823) mem 80002fc0 00000001
core 0: 80002f38 (ff9ff06f) x0 80002f3c
core 0: 80002f30 (00000f17) x30 80002f30
core 0: 80002f34 (083f2823) mem 80002fc0 00000001
core 0: 80002f38 (ff9ff06f) x0 80002f3c
core 0: 80002f30 (00000f17) x30 80002f30
core 0: 80002f34 (083f2823) mem 80002fc0 00000001
core 0: 80002f38 (ff9ff06f) x0 80002f3c
core 0: 80002f30 (00000f17) x30 80002f30
core 0: 80002f34 (083f2823) mem 80002fc0 00000001
core 0: 80002f38 (ff9ff06f) x0 80002f3c
core 0: 80002f30 (00000f17) x30 80002f30
core 0: 80002f34 (083f2823) mem 80002fc0 00000001
core 0: 80002f38 (ff9ff06f) x0 80002f3c
core 0: 80002f30 (00000f17) x30 80002f30
core 0: 80002f34 (083f2823) mem 80002fc0 00000001
core 0: 80002f38 (ff9ff06f) x0 80002f3c
core 0: 80002f30 (00000f17) x30 80002f30
core 0: 80002f34 (083f2823) mem 80002fc0 00000001
core 0: 80002f38 (ff9ff06f) x0 80002f3c
core 0: 80002f30 (00000f17) x30 80002f30
core 0: 80002f34 (083f2823) mem 80002fc0 00000001
core 0: 80002f38 (ff9ff06f) x0 80002f3c
core 0: 80002f30 (00000f17) x30 80002f30
core 0: 80002f34 (083f2823) mem 80002fc0 00000001
core 0: 80002f38 (ff9ff06f) x0 80002f3c
core 0: 80002f30 (00000f17) x30 80002f30
core 0: 80002f34 (083f2823) mem 80002fc0 00000001
core 0: 80002f38 (ff9ff06f) x0 80002f3c
core 0: 80002f30 (00000f17) x30 80002f30
core 0: 80002f34 (083f2823) mem 80002fc0 00000001
core 0: 80002f38 (ff9ff06f) x0 80002f3c
core 0: 80002f30 (00000f17) x30 80002f30
core 0: 80002f34 (083f2823) mem 80002fc0 00000001
core 0: 80002f38 (ff9ff06f) x0 80002f3c
core 0: 80002f30 (00000f17) x30 80002f30
core 0: 80002f34 (083f2823) mem 80002fc0 00000001
core 0: 80002f38 (ff9ff06f) x0 80002f3c
core 0: 80002f30 (00000f17) x30 80002f30
core 0: 80002f34 (083f2823) mem 80002fc0 00000001
core 0: 80002f38 (ff9ff06f) x0 80002f3c
core 0: 80002f30 (00000f17) x30 80002f30
core 0: 80002f34 (083f2823) mem 80002fc0 00000001
core 0: 80002f38 (ff9ff06f) x0 80002f3c
core 0: 80002f30 (00000f17) x30 80002f30
core 0: 80002f34 (083f2823) mem 80002fc0 00000001
core 0: 80002f38 (ff9ff06f) x0 80002f3c
core 0: 80002f30 (00000f17) x30 80002f30
core 0: 80002f34 (083f2823) mem 80002fc0 00000001
core 0: 80002f38 (ff9ff06f) x0 80002f3c
core 0: 80002f30 (00000f17) x30 80002f30
core 0: 80002f34 (083f2823) mem 80002fc0 00000001
core 0: 80002f38 (ff9ff06f) x0 80002f3c
core 0: 80002f30 (00000f17) x30 80002f30
core 0: 80002f34 (083f2823) mem 80002fc0 00000001
core 0: 80002f38 (ff9ff06f) x0 80002f3c
core 0: 80002f30 (00000f17) x30 80002f30
core 0: 80002f34 (083f2823) mem 80002fc0 00000001
core 0: 80002f38 (ff9ff06f) x0 80002f3c
core 0: 80002f30 (00000f17) x30 80002f30
core 0: 80002f34 (083f2823) mem 80002fc0 00000001
core 0: 80002f38 (ff9ff06f) x0 80002f3c
core 0: 80002f30 (00000f17) x30 80002f30
core 0: 80002f34 (083f2823) mem 80002fc0 00000001
core 0: 80002f38 (ff9ff06f) x0 80002f3c
core 0: 80002f30 (00000f17) x30 80002f30
core 0: 80002f34 (083f2823) mem 80002fc0 00000001
core 0: 80002f38 (ff9ff06f) x0 80002f3c
core 0: 80002f30 (00000f17) x30 80002f30
core 0: 80002f34 (083f2823) mem 80002fc0 00000001
core 0: 80002f38 (ff9ff06f) x0 80002f3c
core 0: 80002f30 (00000f17) x30 80002f30
core 0: 80002f34 (083f2823) mem 80002fc0 00000001
core 0: 80002f38 (ff9ff06f) x0 80002f3c
core 0: 80002f30 (00000f17) x30 80002f30
core 0: 80002f34 (083f2823) mem 80002fc0 00000001
core 0: 80002f38 (ff9ff06f) x0 80002f3c
core 0: 80002f30 (00000f17) x30 80002f30
core 0: 80002f34 (083f2823) mem 80002fc0 00000001
core 0: 80002f38 (ff9ff06f) x0 80002f3c
core 0: 80002f30 (00000f17) x30 80002f30
core 0: 80002f34 (083f2823) mem 80002fc0 00000001
core 0: 80002f38 (ff9ff06f) x0 80002f3c
core 0: 80002f30 (00000f17) x30 80002f30
core 0: 80002f34 (083f2823) mem 80002fc0 00000001
core 0: 80002f38 (ff9ff06f) x0 80002f3c
core 0: 80002f30 (00000f17) x30 80002f30
core 0: 80002f34 (083f2823) mem 80002fc0 00000001
core 0: 80002f38 (ff9ff06f) x0 80002f3c
core 0: 80002f30 (00000f17) x30 80002f30
core 0: 80002f34 (083f2823) mem 80002fc0 00000001
core 0: 80002f38 (ff9ff06f) x0 80002f3c
core 0: 80002f30 (00000f17) x30 80002f30
core 0: 80002f34 (083f2823) mem 80002fc0 00000001
core 0: 80002f38 (ff9ff06f) x0 80002f3c
core 0: 80002f30 (00000f17) x30 80002f30
core 0: 80002f34 (083f2823) mem 80002fc0 00000001
core 0: 80002f38 (ff9ff06f) x0 80002f3c
core 0: 80002f30 (00000f17) x30 80002f30
core 0: 80002f34 (083f2823) mem 80002fc0 00000001
core 0: 80002f38 (ff9ff06f) x0 80002f3c
core 0: 80002f30 (00000f17) x30 80002f30
core 0: 80002f34 (083f2823) mem 80002fc0 00000001
core 0: 80002f38 (ff9ff06f) x0 80002f3c
core 0: 80002f30 (00000f17) x30 80002f30
core 0: 80002f34 (083f2823) mem 80002fc0 00000001
core 0: 80002f38 (ff9ff06f) x0 80002f3c
core 0: 80002f30 (00000f17) x30 80002f30
core 0: 80002f34 (083f2823) mem 80002fc0 00000001
core 0: 80002f38 (ff9ff06f) x0 80002f3c
core 0: 80002f30 (00000f17) x30 80002f30
core 0: 80002f34 (083f2823) mem 80002fc0 00000001
core 0: 80002f38 (ff9ff06f) x0 80002f3c
core 0: 80002f30 (00000f17) x30 80002f30
core 0: 80002f34 (083f2823) mem 80002fc0 00000001
core 0: 80002f38 (ff9ff06f) x0 80002f3c
core 0: 80002f30 (00000f17) x30 80002f30
core 0: 80002f34 (083f2823) mem 80002fc0 00000001
core 0: 80002f38 (ff9ff06f) x0 80002f3c
core 0: 80002f30 (00000f17) x30 80002f30
core 0: 80002f34 (083f2823) mem 80002fc0 00000001
core 0: 80002f38 (ff9ff06f) x0 80002f3c
core 0: 80002f30 (00000f17) x30 80002f30
core 0: 80002f34 (083f2823) mem 80002fc0 00000001
core 0: 80002f38 (ff9ff06f) x0 80002f3c
core 0: 80002f30 (00000f17) x30 80002f30
core 0: 80002f34 (083f2823) mem 80002fc0 00000001
core 0: 80002f38 (ff9ff06f) x0 80002f3c
core 0: 80002f30 (00000f17) x30 80002f30
core 0: 80002f34 (083f2823) mem 80002fc0 00000001
core 0: 80002f38 (ff9ff06f) x0 80002f3c
core 0: 80002f30 (00000f17) x30 80002f30
core 0: 80002f34 (083f2823) mem 80002fc0 00000001
core 0: 80002f38 (ff9ff06f) x0 80002f3c
core 0: 80002f30 (00000f17) x30 80002f30
core 0: 80002f34 (083f2823) mem 80002fc0 00000001
core 0: 80002f38 (ff9ff06f) x0 80002f3c
core 0: 80002f30 (00000f17) x30 80002f30
core 0: 80002f34 (083f2823) mem 80002fc0 00000001
core 0: 80002f38 (ff9ff06f) x0 80002f3c
core 0: 80002f30 (00000f17) x30 80002f30
core 0: 80002f34 (083f2823) mem 80002fc0 00000001
core 0: 80002f38 (ff9ff06f) x0 80002f3c
core 0: 80002f30 (00000f17) x30 80002f30
core 0: 80002f34 (083f2823) mem 80002fc0 00000001
core 0: 80002f38 (ff9ff06f) x0 80002f3c
core 0: 80002f30 (00000f17) x30 80002f30
core 0: 80002f34 (083f2823) mem 80002fc0 00000001
core 0: 80002f38 (ff9ff06f) x0 80002f3c
core 0: 80002f30 (00000f17) x30 80002f30
core 0: 80002f34 (083f2823) mem 80002fc0 00000001
core 0: 80002f38 (ff9ff06f) x0 80002f3c
core 0: 80002f30 (00000f17) x30 80002f30
core 0: 80002f34 (083f2823) mem 80002fc0 00000001
core 0: 80002f38 (ff9ff06f) x0 80002f3c
core 0: 80002f30 (00000f17) x30 80002f30
core 0: 80002f34 (083f2823) mem 80002fc0 00000001
core 0: 80002f38 (ff9ff06f) x0 80002f3c
core 0: 80002f30 (00000f17) x30 80002f30
core 0: 80002f34 (083f2823) mem 80002fc0 00000001
core 0: 80002f38 (ff9ff06f) x0 80002f3c
core 0: 80002f30 (00000f17) x30 80002f30
core 0: 80002f34 (083f2823) mem 80002fc0 00000001
core 0: 80002f38 (ff9ff06f) x0 80002f3c
core 0: 80002f30 (00000f17) x30 80002f30
core 0: 80002f34 (083f2823) mem 80002fc0 00000001
core 0: 80002f38 (ff9ff06f) x0 80002f3c
core 0: 80002f30 (00000f17) x30 80002f30
core 0: 80002f34 (083f2823) mem 80002fc0 00000001
core 0: 80002f38 (ff9ff06f) x0 80002f3c
core 0: 80002f30 (00000f17) x30 80002f30
core 0: 80002f34 (083f2823) mem 80002fc0 00000001
core 0: 80002f38 (ff9ff06f) x0 80002f3c
core 0: 80002f30 (00000f17) x30 80002f30
core 0: 80002f34 (083f2823) mem 80002fc0 00000001
core 0: 80002f38 (ff9ff06f) x0 80002f3c
core 0: 80002f30 (00000f17) x30 80002f30
core 0: 80002f34 (083f2823) mem 80002fc0 00000001
core 0: 80002f38 (ff9ff06f) x0 80002f3c
core 0: 80002f30 (00000f17) x30 80002f30
core 0: 80002f34 (083f2823) mem 80002fc0 00000001
core 0: 80002f38 (ff9ff06f) x0 80002f3c
core 0: 80002f30 (00000f17) x30 80002f30
core 0: 80002f34 (083f2823) mem 80002fc0 00000001
core 0: 80002f38 (ff9ff06f) x0 80002f3c
core 0: 80002f30 (00000f17) x30 80002f30
core 0: 80002f34 (083f2823) mem 80002fc0 00000001
core 0: 80002f38 (ff9ff06f) x0 80002f3c
core 0: 80002f30 (00000f17) x30 80002f30
core 0: 80002f34 (083f2823) mem 80002fc0 00000001
core 0: 80002f38 (ff9ff06f) x0 80002f3c
core 0: 80002f30 (00000f17) x30 80002f30
core 0: 80002f34 (083f2823) mem 80002fc0 00000001
core 0: 80002f38 (ff9ff06f) x0 80002f3c
core 0: 80002f30 (00000f17) x30 80002f30
core 0: 80002f34 (083f2823) mem 80002fc0 00000001
core 0: 80002f38 (ff9ff06f) x0 80002f3c
core 0: 80002f30 (00000f17) x30 80002f30
core 0: 80002f34 (083f2823) mem 80002fc0 00000001
core 0: 80002f38 (ff9ff06f) x0 80002f3c
core 0: 80002f30 (00000f17) x30 80002f30
core 0: 80002f34 (083f2823) mem 80002fc0 00000001
core 0: 80002f38 (ff9ff06f) x0 80002f3c
core 0: 80002f30 (00000f17) x30 80002f30
core 0: 80002f34 (083f2823) mem 80002fc0 00000001
core 0: 80002f38 (ff9ff06f) x0 80002f3c
core 0: 80002f30 (00000f17) x30 80002f30
core 0: 80002f34 (083f2823) mem 80002fc0 00000001
core 0: 80002f38 (ff9ff06f) x0 80002f3c
core 0: 80002f30 (00000f17) x30 80002f30
core 0: 80002f34 (083f2823) mem 80002fc0 00000001
core 0: 80002f38 (ff9ff06f) x0 80002f3c
core 0: 80002f30 (00000f17) x30 80002f30
core 0: 80002f34 (083f2823) mem 80002fc0 00000001
core 0: 80002f38 (ff9ff06f) x0 80002f3c
core 0: 80002f30 (00000f17) x30 80002f30
core 0: 80002f34 (083f2823) mem 80002fc0 00000001
core 0: 80002f38 (ff9ff06f) x0 80002f3c
core 0: 80002f30 (00000f17) x30 80002f30
core 0: 80002f34 (083f2823) mem 80002fc0 00000001
core 0: 80002f38 (ff9ff06f) x0 80002f3c
core 0: 80002f30 (00000f17) x30 80002f30
core 0: 80002f34 (083f2823) mem 80002fc0 00000001
core 0: 80002f38 (ff9ff06f) x0 80002f3c
core 0: 80002f30 (00000f17) x30 80002f30
core 0: 80002f34 (083f2823) mem 80002fc0 00000001
core 0: 80002f38 (ff9ff06f) x0 80002f3c
core 0: 80002f30 (00000f17) x30 80002f30
core 0: 80002f34 (083f2823) mem 80002fc0 00000001
core 0: 80002f38 (ff9ff06f) x0 80002f3c
core 0: 80002f30 (00000f17) x30 80002f30
core 0: 80002f34 (083f2823) mem 80002fc0 00000001
core 0: 80002f38 (ff9ff06f) x0 80002f3c
core 0: 80002f30 (00000f17) x30 80002f30
core 0: 80002f34 (083f2823) mem 80002fc0 00000001
core 0: 80002f38 (ff9ff06f) x0 80002f3c
core 0: 80002f30 (00000f17) x30 80002f30
core 0: 80002f34 (083f2823) mem 80002fc0 00000001
core 0: 80002f38 (ff9ff06f) x0 80002f3c
core 0: 80002f30 (00000f17) x30 80002f30
core 0: 80002f34 (083f2823) mem 80002fc0 00000001
core 0: 80002f38 (ff9ff06f) x0 80002f3c
core 0: 80002f30 (00000f17) x30 80002f30
core 0: 80002f34 (083f2823) mem 80002fc0 00000001
core 0: 80002f38 (ff9ff06f) x0 80002f3c
core 0: 80002f30 (00000f17) x30 80002f30
core 0: 80002f34 (083f2823) mem 80002fc0 00000001
core 0: 80002f38 (ff9ff06f) x0 80002f3c
core 0: 80002f30 (00000f17) x30 80002f30
core 0: 80002f34 (083f2823) mem 80002fc0 00000001
core 0: 80002f38 (ff9ff06f) x0 80002f3c
core 0: 80002f30 (00000f17) x30 80002f30
core 0: 80002f34 (083f2823) mem 80002fc0 00000001
core 0: 80002f38 (ff9ff06f) x0 80002f3c
core 0: 80002f30 (00000f17) x30 80002f30
core 0: 80002f34 (083f2823) mem 80002fc0 00000001
core 0: 80002f38 (ff9ff06f) x0 80002f3c
core 0: 80002f30 (00000f17) x30 80002f30
core 0: 80002f34 (083f2823) mem 80002fc0 00000001
core 0: 80002f38 (ff9ff06f) x0 80002f3c
core 0: 80002f30 (00000f17) x30 80002f30
core 0: 80002f34 (083f2823) mem 80002fc0 00000001
core 0: 80002f38 (ff9ff06f) x0 80002f3c
core 0: 80002f30 (00000f17) x30 80002f30
core 0: 80002f34 (083f2823) mem 80002fc0 00000001
core 0: 80002f38 (ff9ff06f) x0 80002f3c
core 0: 80002f30 (00000f17) x30 80002f30
core 0: 80002f34 (083f2823) mem 80002fc0 00000001
core 0: 80002f38 (ff9ff06f) x0 80002f3c
core 0: 80002f30 (00000f17) x30 80002f30
core 0: 80002f34 (083f2823) mem 80002fc0 00000001
core 0: 80002f38 (ff9ff06f) x0 80002f3c
core 0: 80002f30 (00000f17) x30 80002f30
core 0: 80002f34 (083f2823) mem 80002fc0 00000001
core 0: 80002f38 (ff9ff06f) x0 80002f3c
core 0: 80002f30 (00000f17) x30 80002f30
core 0: 80002f34 (083f2823) mem 80002fc0 00000001
core 0: 80002f38 (ff9ff06f) x0 80002f3c
core 0: 80002f30 (00000f17) x30 80002f30
core 0: 80002f34 (083f2823) mem 80002fc0 00000001
core 0: 80002f38 (ff9ff06f) x0 80002f3c
core 0: 80002f30 (00000f17) x30 80002f30
core 0: 80002f34 (083f2823) mem 80002fc0 00000001
core 0: 80002f38 (ff9ff06f) x0 80002f3c
core 0: 80002f30 (00000f17) x30 80002f30
core 0: 80002f34 (083f2823) mem 80002fc0 00000001
core 0: 80002f38 (ff9ff06f) x0 80002f3c
core 0: 80002f30 (00000f17) x30 80002f30
core 0: 80002f34 (083f2823) mem 80002fc0 00000001
core 0: 80002f38 (ff9ff06f) x0 80002f3c
core 0: 80002f30 (00000f17) x30 80002f30
core 0: 80002f34 (083f2823) mem 80002fc0 00000001
core 0: 80002f38 (ff9ff06f) x0 80002f3c
core 0: 80002f30 (00000f17) x30 80002f30
core 0: 80002f34 (083f2823) mem 80002fc0 00000001
core 0: 80002f38 (ff9ff06f) x0 80002f3c
core 0: 80002f30 (00000f17) x30 80002f30
core 0: 80002f34 (083f2823) mem 80002fc0 00000001
core 0: 80002f38 (ff9ff06f) x0 80002f3c
core 0: 80002f30 (00000f17) x30 80002f30
core 0: 80002f34 (083f2823) mem 80002fc0 00000001
core 0: 80002f38 (ff9ff06f) x0 80002f3c
core 0: 80002f30 (00000f17) x30 80002f30
core 0: 80002f34 (083f2823) mem 80002fc0 00000001
core 0: 80002f38 (ff9ff06f) x0 80002f3c
core 0: 80002f30 (00000f17) x30 80002f30
core 0: 80002f34 (083f2823) mem 80002fc0 00000001
core 0: 80002f38 (ff9ff06f) x0 80002f3c
core 0: 80002f30 (00000f17) x30 80002f30
core 0: 80002f34 (083f2823) mem 80002fc0 00000001
core 0: 80002f38 (ff9ff06f) x0 80002f3c
core 0: 80002f30 (00000f17) x30 80002f30
core 0: 80002f34 (083f2823) mem 80002fc0 00000001
core 0: 80002f38 (ff9ff06f) x0 80002f3c
core 0: 80002f30 (00000f17) x30 80002f30
core 0: 80002f34 (083f2823) mem 80002fc0 00000001
core 0: 80002f38 (ff9ff06f) x0 80002f3c
core 0: 80002f30 (00000f17) x30 80002f30
core 0: 80002f34 (083f2823) mem 80002fc0 00000001
core 0: 80002f38 (ff9ff06f) x0 80002f3c
core 0: 80002f30 (00000f17) x30 80002f30
core 0: 80002f34 (083f2823) mem 80002fc0 00000001
core 0: 80002f38 (ff9ff06f) x0 80002f3c
core 0: 80002f30 (00000f17) x30 80002f30
core 0: 80002f34 (083f2823) mem 80002fc0 00000001
core 0: 80002f38 (ff9ff06f) x0 80002f3c
core 0: 80002f30 (00000f17) x30 80002f30
core 0: 80002f34 (083f2823) mem 80002fc0 00000001
core 0: 80002f38 (ff9ff06f) x0 80002f3c
core 0: 80002f30 (00000f17) x30 80002f30
core 0: 80002f34 (083f2823) mem 80002fc0 00000001
core 0: 80002f38 (ff9ff06f) x0 80002f3c
core 0: 80002f30 (00000f17) x30 80002f30
core 0: 80002f34 (083f2823) mem 80002fc0 00000001
core 0: 80002f38 (ff9ff06f) x0 80002f3c
core 0: 80002f30 (00000f17) x30 80002f30
core 0: 80002f34 (083f2823) mem 80002fc0 00000001
core 0: 80002f38 (ff9ff06f) x0 80002f3c
core 0: 80002f30 (00000f17) x30 80002f30
core 0: 80002f34 (083f2823) mem 80002fc0 00000001
core 0: 80002f38 (ff9ff06f) x0 80002f3c
core 0: 80002f30 (00000f17) x30 80002f30
core 0: 80002f34 (083f2823) mem 80002fc0 00000001
core 0: 80002f38 (ff9ff06f) x0 80002f3c
core 0: 80002f30 (00000f17) x30 80002f30
core 0: 80002f34 (083f2823) mem 80002fc0 00000001
core 0: 80002f38 (ff9ff06f) x0 80002f3c
core 0: 80002f30 (00000f17) x30 80002f30
core 0: 80002f34 (083f2823) mem 80002fc0 00000001
core 0: 80002f38 (ff9ff06f) x0 80002f3c
core 0: 80002f30 (00000f17) x30 80002f30
core 0: 80002f34 (083f2823) mem 80002fc0 00000001
core 0: 80002f38 (ff9ff06f) x0 80002f3c
core 0: 80002f30 (00000f17) x30 80002f30
core 0: 80002f34 (083f2823) mem 80002fc0 00000001
core 0: 80002f38 (ff9ff06f) x0 80002f3c
core 0: 80002f30 (00000f17) x30 80002f30
core 0: 80002f34 (083f2823) mem 80002fc0 00000001
core 0: 80002f38 (ff9ff06f) x0 80002f3c
core 0: 80002f30 (00000f17) x30 80002f30
core 0: 80002f34 (083f2823) mem 80002fc0 00000001
core 0: 80002f38 (ff9ff06f) x0 80002f3c
core 0: 80002f30 (00000f17) x30 80002f30
core 0: 80002f34 (083f2823) mem 80002fc0 00000001
core 0: 80002f38 (ff9ff06f) x0 80002f3c
core 0: 80002f30 (00000f17) x30 80002f30
core 0: 80002f34 (083f2823) mem 80002fc0 00000001
core 0: 80002f38 (ff9ff06f) x0 80002f3c
core 0: 80002f30 (00000f17) x30 80002f30
core 0: 80002f34 (083f2823) mem 80002fc0 00000001
core 0: 80002f38 (ff9ff06f) x0 80002f3c
core 0: 80002f30 (00000f17) x30 80002f30
core 0: 80002f34 (083f2823) mem 80002fc0 00000001
core 0: 80002f38 (ff9ff06f) x0 80002f3c
core 0: 80002f30 (00000f17) x30 80002f30
core 0: 80002f34 (083f2823) mem 80002fc0 00000001
core 0: 80002f38 (ff9ff06f) x0 80002f3c
core 0: 80002f30 (00000f17) x30 80002f30
core 0: 80002f34 (083f2823) mem 80002fc0 00000001
core 0: 80002f38 (ff9ff06f) x0 80002f3c
core 0: 80002f30 (00000f17) x30 80002f30
core 0: 80002f34 (083f2823) mem 80002fc0 00000001
core 0: 80002f38 (ff9ff06f) x0 80002f3c
core 0: 80002f30 (00000f17) x30 80002f30
core 0: 80002f34 (083f2823) mem 80002fc0 00000001
core 0: 80002f38 (ff9ff06f) x0 80002f3c
core 0: 80002f30 (00000f17) x30 80002f30
core 0: 80002f34 (083f2823) mem 80002fc0 00000001
core 0: 80002f38 (ff9ff06f) x0 80002f3c
core 0: 80002f30 (00000f17) x30 80002f30
core 0: 80002f34 (083f2823) mem 80002fc0 00000001
core 0: 80002f38 (ff9ff06f) x0 80002f3c
core 0: 80002f30 (00000f17) x30 80002f30
core 0: 80002f34 (083f2823) mem 80002fc0 00000001
core 0: 80002f38 (ff9ff06f) x0 80002f3c
core 0: 80002f30 (00000f17) x30 80002f30
core 0: 80002f34 (083f2823) mem 80002fc0 00000001
core 0: 80002f38 (ff9ff06f) x0 80002f3c
core 0: 80002f30 (00000f17) x30 80002f30
core 0: 80002f34 (083f2823) mem 80002fc0 00000001
core 0: 80002f38 (ff9ff06f) x0 80002f3c
core 0: 80002f30 (00000f17) x30 80002f30
core 0: 80002f34 (083f2823) mem 80002fc0 00000001
core 0: 80002f38 (ff9ff06f) x0 80002f3c
core 0: 80002f30 (00000f17) x30 80002f30
core 0: 80002f34 (083f2823) mem 80002fc0 00000001
core 0: 80002f38 (ff9ff06f) x0 80002f3c
core 0: 80002f30 (00000f17) x30 80002f30
core 0: 80002f34 (083f2823) mem 80002fc0 00000001
core 0: 80002f38 (ff9ff06f) x0 80002f3c
core 0: 80002f30 (00000f17) x30 80002f30
core 0: 80002f34 (083f2823) mem 80002fc0 00000001
core 0: 80002f38 (ff9ff06f) x0 80002f3c
core 0: 80002f30 (00000f17) x30 80002f30
core 0: 80002f34 (083f2823) mem 80002fc0 00000001
core 0: 80002f38 (ff9ff06f) x0 80002f3c
core 0: 80002f30 (00000f17) x30 80002f30
core 0: 80002f34 (083f2823) mem 80002fc0 00000001
core 0: 80002f38 (ff9ff06f) x0 80002f3c
core 0: 80002f30 (00000f17) x30 80002f30
core 0: 80002f34 (083f2823) mem 80002fc0 00000001
core 0: 80002f38 (ff9ff06f) x0 80002f3c
core 0: 80002f30 (00000f17) x30 80002f30
core 0: 80002f34 (083f2823) mem 80002fc0 00000001
core 0: 80002f38 (ff9ff06f) x0 80002f3c
core 0: 80002f30 (00000f17) x30 80002f30
core 0: 80002f34 (083f2823) mem 80002fc0 00000001
core 0: 80002f38 (ff9ff06f) x0 80002f3c
core 0: 80002f30 (00000f17) x30 80002f30
core 0: 80002f34 (083f2823) mem 80002fc0 00000001
core 0: 80002f38 (ff9ff06f) x0 80002f3c
core 0: 80002f30 (00000f17) x30 80002f30
core 0: 80002f34 (083f2823) mem 80002fc0 00000001
core 0: 80002f38 (ff9ff06f) x0 80002f3c
core 0: 80002f30 (00000f17) x30 80002f30
core 0: 80002f34 (083f2823) mem 80002fc0 00000001
core 0: 80002f38 (ff9ff06f) x0 80002f3c
core 0: 80002f30 (00000f17) x30 80002f30
core 0: 80002f34 (083f2823) mem 80002fc0 00000001
core 0: 80002f38 (ff9ff06f) x0 80002f3c
core 0: 80002f30 (00000f17) x30 80002f30
core 0: 80002f34 (083f2823) mem 80002fc0 00000001
core 0: 80002f38 (ff9ff06f) x0 80002f3c
core 0: 80002f30 (00000f17) x30 80002f30
core 0: 80002f34 (083f2823) mem 80002fc0 00000001
core 0: 80002f38 (ff9ff06f) x0 80002f3c
core 0: 80002f30 (00000f17) x30 80002f30
core 0: 80002f34 (083f2823) mem 80002fc0 00000001
core 0: 80002f38 (ff9ff06f) x0 80002f3c
core 0: 80002f30 (00000f17) x30 80002f30
core 0: 80002f34 (083f2823) mem 80002fc0 00000001
core 0: 80002f38 (ff9ff06f) x0 80002f3c
core 0: 80002f30 (00000f17) x30 80002f30
core 0: 80002f34 (083f2823) mem 80002fc0 00000001
core 0: 80002f38 (ff9ff06f) x0 80002f3c
core 0: 80002f30 (00000f17) x30 80002f30
core 0: 80002f34 (083f2823) mem 80002fc0 00000001
core 0: 80002f38 (ff9ff06f) x0 80002f3c
core 0: 80002f30 (00000f17) x30 80002f30
core 0: 80002f34 (083f2823) mem 80002fc0 00000001
core 0: 80002f38 (ff9ff06f) x0 80002f3c
core 0: 80002f30 (00000f17) x30 80002f30
core 0: 80002f34 (083f2823) mem 80002fc0 00000001
core 0: 80002f38 (ff9ff06f) x0 80002f3c
core 0: 80002f30 (00000f17) x30 80002f30
core 0: 80002f34 (083f2823) mem 80002fc0 00000001
core 0: 80002f38 (ff9ff06f) x0 80002f3c
core 0: 80002f30 (00000f17) x30 80002f30
core 0: 80002f34 (083f2823) mem 80002fc0 00000001
core 0: 80002f38 (ff9ff06f) x0 80002f3c
core 0: 80002f30 (00000f17) x30 80002f30
core 0: 80002f34 (083f2823) mem 80002fc0 00000001
core 0: 80002f38 (ff9ff06f) x0 80002f3c
core 0: 80002f30 (00000f17) x30 80002f30
core 0: 80002f34 (083f2823) mem 80002fc0 00000001
core 0: 80002f38 (ff9ff06f) x0 80002f3c
core 0: 80002f30 (00000f17) x30 80002f30
core 0: 80002f34 (083f2823) mem 80002fc0 00000001
core 0: 80002f38 (ff9ff06f) x0 80002f3c
core 0: 80002f30 (00000f17) x30 80002f30
core 0: 80002f34 (083f2823) mem 80002fc0 00000001
core 0: 80002f38 (ff9ff06f) x0 80002f3c
core 0: 80002f30 (00000f17) x30 80002f30
core 0: 80002f34 (083f2823) mem 80002fc0 00000001
core 0: 80002f38 (ff9ff06f) x0 80002f3c
core 0: 80002f30 (00000f17) x30 80002f30
core 0: 80002f34 (083f2823) mem 80002fc0 00000001
core 0: 80002f38 (ff9ff06f) x0 80002f3c
core 0: 80002f30 (00000f17) x30 80002f30
core 0: 80002f34 (083f2823) mem 80002fc0 00000001
core 0: 80002f38 (ff9ff06f) x0 80002f3c
core 0: 80002f30 (00000f17) x30 80002f30
core 0: 80002f34 (083f2823) mem 80002fc0 00000001
core 0: 80002f38 (ff9ff06f) x0 80002f3c
core 0: 80002f30 (00000f17) x30 80002f30
core 0: 80002f34 (083f2823) mem 80002fc0 00000001
core 0: 80002f38 (ff9ff06f) x0 80002f3c
core 0: 80002f30 (00000f17) x30 80002f30
core 0: 80002f34 (083f2823) mem 80002fc0 00000001
core 0: 80002f38 (ff9ff06f) x0 80002f3c
core 0: 80002f30 (00000f17) x30 80002f30
core 0: 80002f34 (083f2823) mem 80002fc0 00000001
core 0: 80002f38 (ff9ff06f) x0 80002f3c
core 0: 80002f30 (00000f17) x30 80002f30
core 0: 80002f34 (083f2823) mem 80002fc0 00000001
core 0: 80002f38 (ff9ff06f) x0 80002f3c
core 0: 80002f30 (00000f17) x30 80002f30
core 0: 80002f34 (083f2823) mem 80002fc0 00000001
core 0: 80002f38 (ff9ff06f) x0 80002f3c
core 0: 80002f30 (00000f17) x30 80002f30
core 0: 80002f34 (083f2823) mem 80002fc0 00000001
core 0: 80002f38 (ff9ff06f) x0 80002f3c
core 0: 80002f30 (00000f17) x30 80002f30
core 0: 80002f34 (083f2823) mem 80002fc0 00000001
core 0: 80002f38 (ff9ff06f) x0 80002f3c
core 0: 80002f30 (00000f17) x30 80002f30
core 0: 80002f34 (083f2823) mem 80002fc0 00000001
core 0: 80002f38 (ff9ff06f) x0 80002f3c
core 0: 80002f30 (00000f17) x30 80002f30
core 0: 80002f34 (083f2823) mem 80002fc0 00000001
core 0: 80002f38 (ff9ff06f) x0 80002f3c
core 0: 80002f30 (00000f17) x30 80002f30
core 0: 80002f34 (083f2823) mem 80002fc0 00000001
core 0: 80002f38 (ff9ff06f) x0 80002f3c
core 0: 80002f30 (00000f17) x30 80002f30
core 0: 80002f34 (083f2823) mem 80002fc0 00000001
core 0: 80002f38 (ff9ff06f) x0 80002f3c
core 0: 80002f30 (00000f17) x30 80002f30
core 0: 80002f34 (083f2823) mem 80002fc0 00000001
core 0: 80002f38 (ff9ff06f) x0 80002f3c
core 0: 80002f30 (00000f17) x30 80002f30
core 0: 80002f34 (083f2823) mem 80002fc0 00000001
core 0: 80002f38 (ff9ff06f) x0 80002f3c
core 0: 80002f30 (00000f17) x30 80002f30
core 0: 80002f34 (083f2823) mem 80002fc0 00000001
core 0: 80002f38 (ff9ff06f) x0 80002f3c
core 0: 80002f30 (00000f17) x30 80002f30
core 0: 80002f34 (083f2823) mem 80002fc0 00000001
core 0: 80002f38 (ff9ff06f) x0 80002f3c
core 0: 80002f30 (00000f17) x30 80002f30
core 0: 80002f34 (083f2823) mem 80002fc0 00000001
core 0: 80002f38 (ff9ff06f) x0 80002f3c
core 0: 80002f30 (00000f17) x30 80002f30
core 0: 80002f34 (083f2823) mem 80002fc0 00000001
core 0: 80002f38 (ff9ff06f) x0 80002f3c
core 0: 80002f30 (00000f17) x30 80002f30
core 0: 80002f34 (083f2823) mem 80002fc0 00000001
core 0: 80002f38 (ff9ff06f) x0 80002f3c
core 0: 80002f30 (00000f17) x30 80002f30
core 0: 80002f34 (083f2823) mem 80002fc0 00000001
core 0: 80002f38 (ff9ff06f) x0 80002f3c
core 0: 80002f30 (00000f17) x30 80002f30
core 0: 80002f34 (083f2823) mem 80002fc0 00000001
core 0: 80002f38 (ff9ff06f) x0 80002f3c
core 0: 80002f30 (00000f17) x30 80002f30
core 0: 80002f34 (083f2823) mem 80002fc0 00000001
core 0: 80002f38 (ff9ff06f) x0 80002f3c
core 0: 80002f30 (00000f17) x30 80002f30
core 0: 80002f34 (083f2823) mem 80002fc0 00000001
core 0: 80002f38 (ff9ff06f) x0 80002f3c
core 0: 80002f30 (00000f17) x30 80002f30
core 0: 80002f34 (083f2823) mem 80002fc0 00000001
core 0: 80002f38 (ff9ff06f) x0 80002f3c
core 0: 80002f30 (00000f17) x30 80002f30
core 0: 80002f34 (083f2823) mem 80002fc0 00000001
core 0: 80002f38 (ff9ff06f) x0 80002f3c
core 0: 80002f30 (00000f17) x30 80002f30
core 0: 80002f34 (083f2823) mem 80002fc0 00000001
core 0: 80002f38 (ff9ff06f) x0 80002f3c
core 0: 80002f30 (00000f17) x30 80002f30
core 0: 80002f34 (083f2823) mem 80002fc0 00000001
core 0: 80002f38 (ff9ff06f) x0 80002f3c
core 0: 80002f30 (00000f17) x30 80002f30
core 0: 80002f34 (083f2823) mem 80002fc0 00000001
core 0: 80002f38 (ff9ff06f) x0 80002f3c
core 0: 80002f30 (00000f17) x30 80002f30
core 0: 80002f34 (083f2823) mem 80002fc0 00000001
core 0: 80002f38 (ff9ff06f) x0 80002f3c
core 0: 80002f30 (00000f17) x30 80002f30
core 0: 80002f34 (083f2823) mem 80002fc0 00000001
core 0: 80002f38 (ff9ff06f) x0 80002f3c
core 0: 80002f30 (00000f17) x30 80002f30
core 0: 80002f34 (083f2823) mem 80002fc0 00000001
core 0: 80002f38 (ff9ff06f) x0 80002f3c
core 0: 80002f30 (00000f17) x30 80002f30
core 0: 80002f34 (083f2823) mem 80002fc0 00000001
core 0: 80002f38 (ff9ff06f) x0 80002f3c
core 0: 80002f30 (00000f17) x30 80002f30
core 0: 80002f34 (083f2823) mem 80002fc0 00000001
core 0: 80002f38 (ff9ff06f) x0 80002f3c
core 0: 80002f30 (00000f17) x30 80002f30
core 0: 80002f34 (083f2823) mem 80002fc0 00000001
core 0: 80002f38 (ff9ff06f) x0 80002f3c
core 0: 80002f30 (00000f17) x30 80002f30
core 0: 80002f34 (083f2823) mem 80002fc0 00000001
core 0: 80002f38 (ff9ff06f) x0 80002f3c
core 0: 80002f30 (00000f17) x30 80002f30
core 0: 80002f34 (083f2823) mem 80002fc0 00000001
core 0: 80002f38 (ff9ff06f) x0 80002f3c
core 0: 80002f30 (00000f17) x30 80002f30
core 0: 80002f34 (083f2823) mem 80002fc0 00000001
core 0: 80002f38 (ff9ff06f) x0 80002f3c
core 0: 80002f30 (00000f17) x30 80002f30
core 0: 80002f34 (083f2823) mem 80002fc0 00000001
core 0: 80002f38 (ff9ff06f) x0 80002f3c
core 0: 80002f30 (00000f17) x30 80002f30
core 0: 80002f34 (083f2823) mem 80002fc0 00000001
core 0: 80002f38 (ff9ff06f) x0 80002f3c
core 0: 80002f30 (00000f17) x30 80002f30
core 0: 80002f34 (083f2823) mem 80002fc0 00000001
core 0: 80002f38 (ff9ff06f) x0 80002f3c
core 0: 80002f30 (00000f17) x30 80002f30
core 0: 80002f34 (083f2823) mem 80002fc0 00000001
core 0: 80002f38 (ff9ff06f) x0 80002f3c
core 0: 80002f30 (00000f17) x30 80002f30
core 0: 80002f34 (083f2823) mem 80002fc0 00000001
core 0: 80002f38 (ff9ff06f) x0 80002f3c
core 0: 80002f30 (00000f17) x30 80002f30
core 0: 80002f34 (083f2823) mem 80002fc0 00000001
core 0: 80002f38 (ff9ff06f) x0 80002f3c
core 0: 80002f30 (00000f17) x30 80002f30
core 0: 80002f34 (083f2823) mem 80002fc0 00000001
core 0: 80002f38 (ff9ff06f) x0 80002f3c
core 0: 80002f30 (00000f17) x30 80002f30
core 0: 80002f34 (083f2823) mem 80002fc0 00000001
core 0: 80002f38 (ff9ff06f) x0 80002f3c
core 0: 80002f30 (00000f17) x30 80002f30
core 0: 80002f34 (083f2823) mem 80002fc0 00000001
core 0: 80002f38 (ff9ff06f) x0 80002f3c
core 0: 80002f30 (00000f17) x30 80002f30
core 0: 80002f34 (083f2823) mem 80002fc0 00000001
core 0: 80002f38 (ff9ff06f) x0 80002f3c
core 0: 80002f30 (00000f17) x30 80002f30
core 0: 80002f34 (083f2823) mem 80002fc0 00000001
core 0: 80002f38 (ff9ff06f) x0 80002f3c
core 0: 80002f30 (00000f17) x30 80002f30
core 0: 80002f34 (083f2823) mem 80002fc0 00000001
core 0: 80002f38 (ff9ff06f) x0 80002f3c
core 0: 80002f30 (00000f17) x30 80002f30
core 0: 80002f34 (083f2823) mem 80002fc0 00000001
core 0: 80002f38 (ff9ff06f) x0 80002f3c
core 0: 80002f30 (00000f17) x30 80002f30
core 0: 80002f34 (083f2823) mem 80002fc0 00000001
core 0: 80002f38 (ff9ff06f) x0 80002f3c
core 0: 80002f30 (00000f17) x30 80002f30
core 0: 80002f34 (083f2823) mem 80002fc0 00000001
core 0: 80002f38 (ff9ff06f) x0 80002f3c
core 0: 80002f30 (00000f17) x30 80002f30
core 0: 80002f34 (083f2823) mem 80002fc0 00000001
core 0: 80002f38 (ff9ff06f) x0 80002f3c
core 0: 80002f30 (00000f17) x30 80002f30
core 0: 80002f34 (083f2823) mem 80002fc0 00000001
core 0: 80002f38 (ff9ff06f) x0 80002f3c
core 0: 80002f30 (00000f17) x30 80002f30
core 0: 80002f34 (083f2823) mem 80002fc0 00000001
core 0: 80002f38 (ff9ff06f) x0 80002f3c
core 0: 80002f30 (00000f17) x30 80002f30
core 0: 80002f34 (083f2823) mem 80002fc0 00000001
core 0: 80002f38 (ff9ff06f) x0 80002f3c
core 0: 80002f30 (00000f17) x30 80002f30
core 0: 80002f34 (083f2823) mem 80002fc0 00000001
core 0: 80002f38 (ff9ff06f) x0 80002f3c
core 0: 80002f30 (00000f17) x30 80002f30
core 0: 80002f34 (083f2823) mem 80002fc0 00000001
core 0: 80002f38 (ff9ff06f) x0 80002f3c
core 0: 80002f30 (00000f17) x30 80002f30
core 0: 80002f34 (083f2823) mem 80002fc0 00000001
core 0: 80002f38 (ff9ff06f) x0 80002f3c
core 0: 80002f30 (00000f17) x30 80002f30
core 0: 80002f34 (083f2823) mem 80002fc0 00000001
core 0: 80002f38 (ff9ff06f) x0 80002f3c
core 0: 80002f30 (00000f17) x30 80002f30
core 0: 80002f34 (083f2823) mem 80002fc0 00000001
core 0: 80002f38 (ff9ff06f) x0 80002f3c
core 0: 80002f30 (00000f17) x30 80002f30
core 0: 80002f34 (083f2823) mem 80002fc0 00000001
core 0: 80002f38 (ff9ff06f) x0 80002f3c
core 0: 80002f30 (00000f17) x30 80002f30
core 0: 80002f34 (083f2823) mem 80002fc0 00000001
core 0: 80002f38 (ff9ff06f) x0 80002f3c
core 0: 80002f30 (00000f17) x30 80002f30
core 0: 80002f34 (083f2823) mem 80002fc0 00000001
core 0: 80002f38 (ff9ff06f) x0 80002f3c
core 0: 80002f30 (00000f17) x30 80002f30
core 0: 80002f34 (083f2823) mem 80002fc0 00000001
core 0: 80002f38 (ff9ff06f) x0 80002f3c
core 0: 80002f30 (00000f17) x30 80002f30
core 0: 80002f34 (083f2823) mem 80002fc0 00000001
core 0: 80002f38 (ff9ff06f) x0 80002f3c
core 0: 80002f30 (00000f17) x30 80002f30
core 0: 80002f34 (083f2823) mem 80002fc0 00000001
core 0: 80002f38 (ff9ff06f) x0 80002f3c
core 0: 80002f30 (00000f17) x30 80002f30
core 0: 80002f34 (083f2823) mem 80002fc0 00000001
core 0: 80002f38 (ff9ff06f) x0 80002f3c
core 0: 80002f30 (00000f17) x30 80002f30
core 0: 80002f34 (083f2823) mem 80002fc0 00000001
core 0: 80002f38 (ff9ff06f) x0 80002f3c
core 0: 80002f30 (00000f17) x30 80002f30
core 0: 80002f34 (083f2823) mem 80002fc0 00000001
core 0: 80002f38 (ff9ff06f) x0 80002f3c
core 0: 80002f30 (00000f17) x30 80002f30
core 0: 80002f34 (083f2823) mem 80002fc0 00000001
core 0: 80002f38 (ff9ff06f) x0 80002f3c
core 0: 80002f30 (00000f17) x30 80002f30
core 0: 80002f34 (083f2823) mem 80002fc0 00000001
core 0: 80002f38 (ff9ff06f) x0 80002f3c
core 0: 80002f30 (00000f17) x30 80002f30
core 0: 80002f34 (083f2823) mem 80002fc0 00000001
core 0: 80002f38 (ff9ff06f) x0 80002f3c
core 0: 80002f30 (00000f17) x30 80002f30
core 0: 80002f34 (083f2823) mem 80002fc0 00000001
core 0: 80002f38 (ff9ff06f) x0 80002f3c
core 0: 80002f30 (00000f17) x30 80002f30
core 0: 80002f34 (083f2823) mem 80002fc0 00000001
core 0: 80002f38 (ff9ff06f) x0 80002f3c
core 0: 80002f30 (00000f17) x30 80002f30
core 0: 80002f34 (083f2823) mem 80002fc0 00000001
core 0: 80002f38 (ff9ff06f) x0 80002f3c
core 0: 80002f30 (00000f17) x30 80002f30
core 0: 80002f34 (083f2823) mem 80002fc0 00000001
core 0: 80002f38 (ff9ff06f) x0 80002f3c
core 0: 80002f30 (00000f17) x30 80002f30
core 0: 80002f34 (083f2823) mem 80002fc0 00000001
core 0: 80002f38 (ff9ff06f) x0 80002f3c
core 0: 80002f30 (00000f17) x30 80002f30
core 0: 80002f34 (083f2823) mem 80002fc0 00000001
core 0: 80002f38 (ff9ff06f) x0 80002f3c
core 0: 80002f30 (00000f17) x30 80002f30
core 0: 80002f34 (083f2823) mem 80002fc0 00000001
core 0: 80002f38 (ff9ff06f) x0 80002f3c
core 0: 80002f30 (00000f17) x30 80002f30
core 0: 80002f34 (083f2823) mem 80002fc0 00000001
core 0: 80002f38 (ff9ff06f) x0 80002f3c
core 0: 80002f30 (00000f17) x30 80002f30
core 0: 80002f34 (083f2823) mem 80002fc0 00000001
core 0: 80002f38 (ff9ff06f) x0 80002f3c
core 0: 80002f30 (00000f17) x30 80002f30
core 0: 80002f34 (083f2823) mem 80002fc0 00000001
core 0: 80002f38 (ff9ff06f) x0 80002f3c
core 0: 80002f30 (00000f17) x30 80002f30
core 0: 80002f34 (083f2823) mem 80002fc0 00000001
core 0: 80002f38 (ff9ff06f) x0 80002f3c
core 0: 80002f30 (00000f17) x30 80002f30
core 0: 80002f34 (083f2823) mem 80002fc0 00000001
core 0: 80002f38 (ff9ff06f) x0 80002f3c
core 0: 80002f30 (00000f17) x30 80002f30
core 0: 80002f34 (083f2823) mem 80002fc0 00000001
core 0: 80002f38 (ff9ff06f) x0 80002f3c
core 0: 80002f30 (00000f17) x30 80002f30
core 0: 80002f34 (083f2823) mem 80002fc0 00000001
core 0: 80002f38 (ff9ff06f) x0 80002f3c
core 0: 80002f30 (00000f17) x30 80002f30
core 0: 80002f34 (083f2823) mem 80002fc0 00000001
core 0: 80002f38 (ff9ff06f) x0 80002f3c
core 0: 80002f30 (00000f17) x30 80002f30
core 0: 80002f34 (083f2823) mem 80002fc0 00000001
core 0: 80002f38 (ff9ff06f) x0 80002f3c
core 0: 80002f30 (00000f17) x30 80002f30
core 0: 80002f34 (083f2823) mem 80002fc0 00000001
core 0: 80002f38 (ff9ff06f) x0 80002f3c
core 0: 80002f30 (00000f17) x30 80002f30
core 0: 80002f34 (083f2823) mem 80002fc0 00000001
core 0: 80002f38 (ff9ff06f) x0 80002f3c
core 0: 80002f30 (00000f17) x30 80002f30
core 0: 80002f34 (083f2823) mem 80002fc0 00000001
core 0: 80002f38 (ff9ff06f) x0 80002f3c
core 0: 80002f30 (00000f17) x30 80002f30
core 0: 80002f34 (083f2823) mem 80002fc0 00000001
core 0: 80002f38 (ff9ff06f) x0 80002f3c
core 0: 80002f30 (00000f17) x30 80002f30
core 0: 80002f34 (083f2823) mem 80002fc0 00000001
core 0: 80002f38 (ff9ff06f) x0 80002f3c
core 0: 80002f30 (00000f17) x30 80002f30
core 0: 80002f34 (083f2823) mem 80002fc0 00000001
core 0: 80002f38 (ff9ff06f) x0 80002f3c
core 0: 80002f30 (00000f17) x30 80002f30
core 0: 80002f34 (083f2823) mem 80002fc0 00000001
core 0: 80002f38 (ff9ff06f) x0 80002f3c
core 0: 80002f30 (00000f17) x30 80002f30
core 0: 80002f34 (083f2823) mem 80002fc0 00000001
core 0: 80002f38 (ff9ff06f) x0 80002f3c
core 0: 80002f30 (00000f17) x30 80002f30
core 0: 80002f34 (083f2823) mem 80002fc0 00000001
core 0: 80002f38 (ff9ff06f) x0 80002f3c
core 0: 80002f30 (00000f17) x30 80002f30
core 0: 80002f34 (083f2823) mem 80002fc0 00000001
core 0: 80002f38 (ff9ff06f) x0 80002f3c
core 0: 80002f30 (00000f17) x30 80002f30
core 0: 80002f34 (083f2823) mem 80002fc0 00000001
core 0: 80002f38 (ff9ff06f) x0 80002f3c
core 0: 80002f30 (00000f17) x30 80002f30
core 0: 80002f34 (083f2823) mem 80002fc0 00000001
core 0: 80002f38 (ff9ff06f) x0 80002f3c
core 0: 80002f30 (00000f17) x30 80002f30
core 0: 80002f34 (083f2823) mem 80002fc0 00000001
core 0: 80002f38 (ff9ff06f) x0 80002f3c
core 0: 80002f30 (00000f17) x30 80002f30
core 0: 80002f34 (083f2823) mem 80002fc0 00000001
core 0: 80002f38 (ff9ff06f) x0 80002f3c
core 0: 80002f30 (00000f17) x30 80002f30
core 0: 80002f34 (083f2823) mem 80002fc0 00000001
core 0: 80002f38 (ff9ff06f) x0 80002f3c
core 0: 80002f30 (00000f17) x30 80002f30
core 0: 80002f34 (083f2823) mem 80002fc0 00000001
core 0: 80002f38 (ff9ff06f) x0 80002f3c
core 0: 80002f30 (00000f17) x30 80002f30
core 0: 80002f34 (083f2823) mem 80002fc0 00000001
core 0: 80002f38 (ff9ff06f) x0 80002f3c
core 0: 80002f30 (00000f17) x30 80002f30
core 0: 80002f34 (083f2823) mem 80002fc0 00000001
core 0: 80002f38 (ff9ff06f) x0 80002f3c
core 0: 80002f30 (00000f17) x30 80002f30
core 0: 80002f34 (083f2823) mem 80002fc0 00000001
core 0: 80002f38 (ff9ff06f) x0 80002f3c
core 0: 80002f30 (00000f17) x30 80002f30
core 0: 80002f34 (083f2823) mem 80002fc0 00000001
core 0: 80002f38 (ff9ff06f) x0 80002f3c
core 0: 80002f30 (00000f17) x30 80002f30
core 0: 80002f34 (083f2823) mem 80002fc0 00000001
core 0: 80002f38 (ff9ff06f) x0 80002f3c
core 0: 80002f30 (00000f17) x30 80002f30
core 0: 80002f34 (083f2823) mem 80002fc0 00000001
core 0: 80002f38 (ff9ff06f) x0 80002f3c
core 0: 80002f30 (00000f17) x30 80002f30
core 0: 80002f34 (083f2823) mem 80002fc0 00000001
core 0: 80002f38 (ff9ff06f) x0 80002f3c
core 0: 80002f30 (00000f17) x30 80002f30
core 0: 80002f34 (083f2823) mem 80002fc0 00000001
core 0: 80002f38 (ff9ff06f) x0 80002f3c
core 0: 80002f30 (00000f17) x30 80002f30
core 0: 80002f34 (083f2823) mem 80002fc0 00000001
core 0: 80002f38 (ff9ff06f) x0 80002f3c
core 0: 80002f30 (00000f17) x30 80002f30
core 0: 80002f34 (083f2823) mem 80002fc0 00000001
core 0: 80002f38 (ff9ff06f) x0 80002f3c
core 0: 80002f30 (00000f17) x30 80002f30
core 0: 80002f34 (083f2823) mem 80002fc0 00000001
core 0: 80002f38 (ff9ff06f) x0 80002f3c
core 0: 80002f30 (00000f17) x30 80002f30
core 0: 80002f34 (083f2823) mem 80002fc0 00000001
core 0: 80002f38 (ff9ff06f) x0 80002f3c
core 0: 80002f30 (00000f17) x30 80002f30
core 0: 80002f34 (083f2823) mem 80002fc0 00000001
core 0: 80002f38 (ff9ff06f) x0 80002f3c
core 0: 80002f30 (00000f17) x30 80002f30
core 0: 80002f34 (083f2823) mem 80002fc0 00000001
core 0: 80002f38 (ff9ff06f) x0 80002f3c
core 0: 80002f30 (00000f17) x30 80002f30
core 0: 80002f34 (083f2823) mem 80002fc0 00000001
core 0: 80002f38 (ff9ff06f) x0 80002f3c
core 0: 80002f30 (00000f17) x30 80002f30
core 0: 80002f34 (083f2823) mem 80002fc0 00000001
core 0: 80002f38 (ff9ff06f) x0 80002f3c
core 0: 80002f30 (00000f17) x30 80002f30
core 0: 80002f34 (083f2823) mem 80002fc0 00000001
core 0: 80002f38 (ff9ff06f) x0 80002f3c
core 0: 80002f30 (00000f17) x30 80002f30
core 0: 80002f34 (083f2823) mem 80002fc0 00000001
core 0: 80002f38 (ff9ff06f) x0 80002f3c
core 0: 80002f30 (00000f17) x30 80002f30
core 0: 80002f34 (083f2823) mem 80002fc0 00000001
core 0: 80002f38 (ff9ff06f) x0 80002f3c
core 0: 80002f30 (00000f17) x30 80002f30
core 0: 80002f34 (083f2823) mem 80002fc0 00000001
core 0: 80002f38 (ff9ff06f) x0 80002f3c
core 0: 80002f30 (00000f17) x30 80002f30
core 0: 80002f34 (083f2823) mem 80002fc0 00000001
core 0: 80002f38 (ff9ff06f) x0 80002f3c
core 0: 80002f30 (00000f17) x30 80002f30
core 0: 80002f34 (083f2823) mem 80002fc0 00000001
core 0: 80002f38 (ff9ff06f) x0 80002f3c
core 0: 80002f30 (00000f17) x30 80002f30
core 0: 80002f34 (083f2823) mem 80002fc0 00000001
core 0: 80002f38 (ff9ff06f) x0 80002f3c
core 0: 80002f30 (00000f17) x30 80002f30
core 0: 80002f34 (083f2823) mem 80002fc0 00000001
core 0: 80002f38 (ff9ff06f) x0 80002f3c
core 0: 80002f30 (00000f17) x30 80002f30
core 0: 80002f34 (083f2823) mem 80002fc0 00000001
core 0: 80002f38 (ff9ff06f) x0 80002f3c
core 0: 80002f30 (00000f17) x30 80002f30
core 0: 80002f34 (083f2823) mem 80002fc0 00000001
core 0: 80002f38 (ff9ff06f) x0 80002f3c
core 0: 80002f30 (00000f17) x30 80002f30
core 0: 80002f34 (083f2823) mem 80002fc0 00000001
core 0: 80002f38 (ff9ff06f) x0 80002f3c
core 0: 80002f30 (00000f17) x30 80002f30
core 0: 80002f34 (083f2823) mem 80002fc0 00000001
core 0: 80002f38 (ff9ff06f) x0 80002f3c
core 0: 80002f30 (00000f17) x30 80002f30
core 0: 80002f34 (083f2823) mem 80002fc0 00000001
core 0: 80002f38 (ff9ff06f) x0 80002f3c
core 0: 80002f30 (00000f17) x30 80002f30
core 0: 80002f34 (083f2823) mem 80002fc0 00000001
core 0: 80002f38 (ff9ff06f) x0 80002f3c
core 0: 80002f30 (00000f17) x30 80002f30
core 0: 80002f34 (083f2823) mem 80002fc0 00000001
core 0: 80002f38 (ff9ff06f) x0 80002f3c
core 0: 80002f30 (00000f17) x30 80002f30
core 0: 80002f34 (083f2823) mem 80002fc0 00000001
core 0: 80002f38 (ff9ff06f) x0 80002f3c
core 0: 80002f30 (00000f17) x30 80002f30
core 0: 80002f34 (083f2823) mem 80002fc0 00000001
core 0: 80002f38 (ff9ff06f) x0 80002f3c
core 0: 80002f30 (00000f17) x30 80002f30
core 0: 80002f34 (083f2823) mem 80002fc0 00000001
core 0: 80002f38 (ff9ff06f) x0 80002f3c
core 0: 80002f30 (00000f17) x30 80002f30
core 0: 80002f34 (083f2823) mem 80002fc0 00000001
core 0: 80002f38 (ff9ff06f) x0 80002f3c
core 0: 80002f30 (00000f17) x30 80002f30
core 0: 80002f34 (083f2823) mem 80002fc0 00000001
core 0: 80002f38 (ff9ff06f) x0 80002f3c
core 0: 80002f30 (00000f17) x30 80002f30
core 0: 80002f34 (083f2823) mem 80002fc0 00000001
core 0: 80002f38 (ff9ff06f) x0 80002f3c
core 0: 80002f30 (00000f17) x30 80002f30
core 0: 80002f34 (083f2823) mem 80002fc0 00000001
core 0: 80002f38 (ff9ff06f) x0 80002f3c
core 0: 80002f30 (00000f17) x30 80002f30
core 0: 80002f34 (083f2823) mem 80002fc0 00000001
core 0: 80002f38 (ff9ff06f) x0 80002f3c
core 0: 80002f30 (00000f17) x30 80002f30
core 0: 80002f34 (083f2823) mem 80002fc0 00000001
core 0: 80002f38 (ff9ff06f) x0 80002f3c
core 0: 80002f30 (00000f17) x30 80002f30
core 0: 80002f34 (083f2823) mem 80002fc0 00000001
core 0: 80002f38 (ff9ff06f) x0 80002f3c
core 0: 80002f30 (00000f17) x30 80002f30
core 0: 80002f34 (083f2823) mem 80002fc0 00000001
core 0: 80002f38 (ff9ff06f) x0 80002f3c
core 0: 80002f30 (00000f17) x30 80002f30
core 0: 80002f34 (083f2823) mem 80002fc0 00000001
core 0: 80002f38 (ff9ff06f) x0 80002f3c
core 0: 80002f30 (00000f17) x30 80002f30
core 0: 80002f34 (083f2823) mem 80002fc0 00000001
core 0: 80002f38 (ff9ff06f) x0 80002f3c
core 0: 80002f30 (00000f17) x30 80002f30
core 0: 80002f34 (083f2823) mem 80002fc0 00000001
core 0: 80002f38 (ff9ff06f) x0 80002f3c
core 0: 80002f30 (00000f17) x30 80002f30
core 0: 80002f34 (083f2823) mem 80002fc0 00000001
core 0: 80002f38 (ff9ff06f) x0 80002f3c
core 0: 80002f30 (00000f17) x30 80002f30
core 0: 80002f34 (083f2823) mem 80002fc0 00000001
core 0: 80002f38 (ff9ff06f) x0 80002f3c
core 0: 80002f30 (00000f17) x30 80002f30
core 0: 80002f34 (083f2823) mem 80002fc0 00000001
core 0: 80002f38 (ff9ff06f) x0 80002f3c
core 0: 80002f30 (00000f17) x30 80002f30
core 0: 80002f34 (083f2823) mem 80002fc0 00000001
core 0: 80002f38 (ff9ff06f) x0 80002f3c
core 0: 80002f30 (00000f17) x30 80002f30
core 0: 80002f34 (083f2823) mem 80002fc0 00000001
core 0: 80002f38 (ff9ff06f) x0 80002f3c
core 0: 80002f30 (00000f17) x30 80002f30
core 0: 80002f34 (083f2823) mem 80002fc0 00000001
core 0: 80002f38 (ff9ff06f) x0 80002f3c
core 0: 80002f30 (00000f17) x30 80002f30
core 0: 80002f34 (083f2823) mem 80002fc0 00000001
core 0: 80002f38 (ff9ff06f) x0 80002f3c
core 0: 80002f30 (00000f17) x30 80002f30
core 0: 80002f34 (083f2823) mem 80002fc0 00000001
core 0: 80002f38 (ff9ff06f) x0 80002f3c
core 0: 80002f30 (00000f17) x30 80002f30
core 0: 80002f34 (083f2823) mem 80002fc0 00000001
core 0: 80002f38 (ff9ff06f) x0 80002f3c
core 0: 80002f30 (00000f17) x30 80002f30
core 0: 80002f34 (083f2823) mem 80002fc0 00000001
core 0: 80002f38 (ff9ff06f) x0 80002f3c
core 0: 80002f30 (00000f17) x30 80002f30
core 0: 80002f34 (083f2823) mem 80002fc0 00000001
core 0: 80002f38 (ff9ff06f) x0 80002f3c
core 0: 80002f30 (00000f17) x30 80002f30
core 0: 80002f34 (083f2823) mem 80002fc0 00000001
core 0: 80002f38 (ff9ff06f) x0 80002f3c
core 0: 80002f30 (00000f17) x30 80002f30
core 0: 80002f34 (083f2823) mem 80002fc0 00000001
core 0: 80002f38 (ff9ff06f) x0 80002f3c
core 0: 80002f30 (00000f17) x30 80002f30
core 0: 80002f34 (083f2823) mem 80002fc0 00000001
core 0: 80002f38 (ff9ff06f) x0 80002f3c
core 0: 80002f30 (00000f17) x30 80002f30
core 0: 80002f34 (083f2823) mem 80002fc0 00000001
core 0: 80002f38 (ff9ff06f) x0 80002f3c
core 0: 80002f30 (00000f17) x30 80002f30
core 0: 80002f34 (083f2823) mem 80002fc0 00000001
core 0: 80002f38 (ff9ff06f) x0 80002f3c
core 0: 80002f30 (00000f17) x30 80002f30
core 0: 80002f34 (083f2823) mem 80002fc0 00000001
core 0: 80002f38 (ff9ff06f) x0 80002f3c
core 0: 80002f30 (00000f17) x30 80002f30
core 0: 80002f34 (083f2823) mem 80002fc0 00000001
core 0: 80002f38 (ff9ff06f) x0 80002f3c
core 0: 80002f30 (00000f17) x30 80002f30
core 0: 80002f34 (083f2823) mem 80002fc0 00000001
core 0: 80002f38 (ff9ff06f) x0 80002f3c
core 0: 80002f30 (00000f17) x30 80002f30
core 0: 80002f34 (083f2823) mem 80002fc0 00000001
core 0: 80002f38 (ff9ff06f) x0 80002f3c
core 0: 80002f30 (00000f17) x30 80002f30
core 0: 80002f34 (083f2823) mem 80002fc0 00000001
core 0: 80002f38 (ff9ff06f) x0 80002f3c
core 0: 80002f30 (00000f17) x30 80002f30
core 0: 80002f34 (083f2823) mem 80002fc0 00000001
core 0: 80002f38 (ff9ff06f) x0 80002f3c
core 0: 80002f30 (00000f17) x30 80002f30
core 0: 80002f34 (083f2823) mem 80002fc0 00000001
core 0: 80002f38 (ff9ff06f) x0 80002f3c
core 0: 80002f30 (00000f17) x30 80002f30
core 0: 80002f34 (083f2823) mem 80002fc0 00000001
core 0: 80002f38 (ff9ff06f) x0 80002f3c
core 0: 80002f30 (00000f17) x30 80002f30
core 0: 80002f34 (083f2823) mem 80002fc0 00000001
core 0: 80002f38 (ff9ff06f) x0 80002f3c
core 0: 80002f30 (00000f17) x30 80002f30
core 0: 80002f34 (083f2823) mem 80002fc0 00000001
core 0: 80002f38 (ff9ff06f) x0 80002f3c
core 0: 80002f30 (00000f17) x30 80002f30
core 0: 80002f34 (083f2823) mem 80002fc0 00000001
core 0: 80002f38 (ff9ff06f) x0 80002f3c
core 0: 80002f30 (00000f17) x30 80002f30
core 0: 80002f34 (083f2823) mem 80002fc0 00000001
core 0: 80002f38 (ff9ff06f) x0 80002f3c
core 0: 80002f30 (00000f17) x30 80002f30
core 0: 80002f34 (083f2823) mem 80002fc0 00000001
core 0: 80002f38 (ff9ff06f) x0 80002f3c
core 0: 80002f30 (00000f17) x30 80002f30
core 0: 80002f34 (083f2823) mem 80002fc0 00000001
core 0: 80002f38 (ff9ff06f) x0 80002f3c
core 0: 80002f30 (00000f17) x30 80002f30
core 0: 80002f34 (083f2823) mem 80002fc0 00000001
core 0: 80002f38 (ff9ff06f) x0 80002f3c
core 0: 80002f30 (00000f17) x30 80002f30
core 0: 80002f34 (083f2823) mem 80002fc0 00000001
core 0: 80002f38 (ff9ff06f) x0 80002f3c
core 0: 80002f30 (00000f17) x30 80002f30
core 0: 80002f34 (083f2823) mem 80002fc0 00000001
core 0: 80002f38 (ff9ff06f) x0 80002f3c
core 0: 80002f30 (00000f17) x30 80002f30
core 0: 80002f34 (083f2823) mem 80002fc0 00000001
core 0: 80002f38 (ff9ff06f) x0 80002f3c
core 0: 80002f30 (00000f17) x30 80002f30
core 0: 80002f34 (083f2823) mem 80002fc0 00000001
core 0: 80002f38 (ff9ff06f) x0 80002f3c
core 0: 80002f30 (00000f17) x30 80002f30
core 0: 80002f34 (083f2823) mem 80002fc0 00000001
core 0: 80002f38 (ff9ff06f) x0 80002f3c
core 0: 80002f30 (00000f17) x30 80002f30
core 0: 80002f34 (083f2823) mem 80002fc0 00000001
core 0: 80002f38 (ff9ff06f) x0 80002f3c
core 0: 80002f30 (00000f17) x30 80002f30
core 0: 80002f34 (083f2823) mem 80002fc0 00000001
core 0: 80002f38 (ff9ff06f) x0 80002f3c
core 0: 80002f30 (00000f17) x30 80002f30
core 0: 80002f34 (083f2823) mem 80002fc0 00000001
core 0: 80002f38 (ff9ff06f) x0 80002f3c
core 0: 80002f30 (00000f17) x30 80002f30
core 0: 80002f34 (083f2823) mem 80002fc0 00000001
core 0: 80002f38 (ff9ff06f) x0 80002f3c
core 0: 80002f30 (00000f17) x30 80002f30
core 0: 80002f34 (083f2823) mem 80002fc0 00000001
core 0: 80002f38 (ff9ff06f) x0 80002f3c
core 0: 80002f30 (00000f17) x30 80002f30
core 0: 80002f34 (083f2823) mem 80002fc0 00000001
core 0: 80002f38 (ff9ff06f) x0 80002f3c
core 0: 80002f30 (00000f17) x30 80002f30
core 0: 80002f34 (083f2823) mem 80002fc0 00000001
core 0: 80002f38 (ff9ff06f) x0 80002f3c
core 0: 80002f30 (00000f17) x30 80002f30
core 0: 80002f34 (083f2823) mem 80002fc0 00000001
core 0: 80002f38 (ff9ff06f) x0 80002f3c
core 0: 80002f30 (00000f17) x30 80002f30
core 0: 80002f34 (083f2823) mem 80002fc0 00000001
core 0: 80002f38 (ff9ff06f) x0 80002f3c
core 0: 80002f30 (00000f17) x30 80002f30
core 0: 80002f34 (083f2823) mem 80002fc0 00000001
core 0: 80002f38 (ff9ff06f) x0 80002f3c
core 0: 80002f30 (00000f17) x30 80002f30
core 0: 80002f34 (083f2823) mem 80002fc0 00000001
core 0: 80002f38 (ff9ff06f) x0 80002f3c
core 0: 80002f30 (00000f17) x30 80002f30
core 0: 80002f34 (083f2823) mem 80002fc0 00000001
core 0: 80002f38 (ff9ff06f) x0 80002f3c
core 0: 80002f30 (00000f17) x30 80002f30
core 0: 80002f34 (083f2823) mem 80002fc0 00000001
core 0: 80002f38 (ff9ff06f) x0 80002f3c
core 0: 80002f30 (00000f17) x30 80002f30
core 0: 80002f34 (083f2823) mem 80002fc0 00000001
core 0: 80002f38 (ff9ff06f) x0 80002f3c
core 0: 80002f30 (00000f17) x30 80002f30
core 0: 80002f34 (083f2823) mem 80002fc0 00000001
core 0: 80002f38 (ff9ff06f) x0 80002f3c
core 0: 80002f30 (00000f17) x30 80002f30
core 0: 80002f34 (083f2823) mem 80002fc0 00000001
core 0: 80002f38 (ff9ff06f) x0 80002f3c
core 0: 80002f30 (00000f17) x30 80002f30
core 0: 80002f34 (083f2823) mem 80002fc0 00000001
core 0: 80002f38 (ff9ff06f) x0 80002f3c
core 0: 80002f30 (00000f17) x30 80002f30
core 0: 80002f34 (083f2823) mem 80002fc0 00000001
core 0: 80002f38 (ff9ff06f) x0 80002f3c
core 0: 80002f30 (00000f17) x30 80002f30
core 0: 80002f34 (083f2823) mem 80002fc0 00000001
core 0: 80002f38 (ff9ff06f) x0 80002f3c
core 0: 80002f30 (00000f17) x30 80002f30
core 0: 80002f34 (083f2823) mem 80002fc0 00000001
core 0: 80002f38 (ff9ff06f) x0 80002f3c
core 0: 80002f30 (00000f17) x30 80002f30
core 0: 80002f34 (083f2823) mem 80002fc0 00000001
core 0: 80002f38 (ff9ff06f) x0 80002f3c
core 0: 80002f30 (00000f17) x30 80002f30
core 0: 80002f34 (083f2823) mem 80002fc0 00000001
core 0: 80002f38 (ff9ff06f) x0 80002f3c
core 0: 80002f30 (00000f17) x30 80002f30
core 0: 80002f34 (083f2823) mem 80002fc0 00000001
core 0: 80002f38 (ff9ff06f) x0 80002f3c
core 0: 80002f30 (00000f17) x30 80002f30
core 0: 80002f34 (083f2823) mem 80002fc0 00000001
core 0: 80002f38 (ff9ff06f) x0 80002f3c
core 0: 80002f30 (00000f17) x30 80002f30
core 0: 80002f34 (083f2823) mem 80002fc0 00000001
core 0: 80002f38 (ff9ff06f) x0 80002f3c
core 0: 80002f30 (00000f17) x30 80002f30
core 0: 80002f34 (083f2823) mem 80002fc0 00000001
core 0: 80002f38 (ff9ff06f) x0 80002f3c
core 0: 80002f30 (00000f17) x30 80002f30
core 0: 80002f34 (083f2823) mem 80002fc0 00000001
core 0: 80002f38 (ff9ff06f) x0 80002f3c
core 0: 80002f30 (00000f17) x30 80002f30
core 0: 80002f34 (083f2823) mem 80002fc0 00000001
core 0: 80002f38 (ff9ff06f) x0 80002f3c
core 0: 80002f30 (00000f17) x30 80002f30
core 0: 80002f34 (083f2823) mem 80002fc0 00000001
core 0: 80002f38 (ff9ff06f) x0 80002f3c
core 0: 80002f30 (00000f17) x30 80002f30
core 0: 80002f34 (083f2823) mem 80002fc0 00000001
core 0: 80002f38 (ff9ff06f) x0 80002f3c
core 0: 80002f30 (00000f17) x30 80002f30
core 0: 80002f34 (083f2823) mem 80002fc0 00000001
core 0: 80002f38 (ff9ff06f) x0 80002f3c
core 0: 80002f30 (00000f17) x30 80002f30
core 0: 80002f34 (083f2823) mem 80002fc0 00000001
core 0: 80002f38 (ff9ff06f) x0 80002f3c
core 0: 80002f30 (00000f17) x30 80002f30
core 0: 80002f34 (083f2823) mem 80002fc0 00000001
core 0: 80002f38 (ff9ff06f) x0 80002f3c
core 0: 80002f30 (00000f17) x30 80002f30
core 0: 80002f34 (083f2823) mem 80002fc0 00000001
core 0: 80002f38 (ff9ff06f) x0 80002f3c
core 0: 80002f30 (00000f17) x30 80002f30
core 0: 80002f34 (083f2823) mem 80002fc0 00000001
core 0: 80002f38 (ff9ff06f) x0 80002f3c
core 0: 80002f30 (00000f17) x30 80002f30
core 0: 80002f34 (083f2823) mem 80002fc0 00000001
core 0: 80002f38 (ff9ff06f) x0 80002f3c
core 0: 80002f30 (00000f17) x30 80002f30
core 0: 80002f34 (083f2823) mem 80002fc0 00000001
core 0: 80002f38 (ff9ff06f) x0 80002f3c
core 0: 80002f30 (00000f17) x30 80002f30
core 0: 80002f34 (083f2823) mem 80002fc0 00000001
core 0: 80002f38 (ff9ff06f) x0 80002f3c
core 0: 80002f30 (00000f17) x30 80002f30
core 0: 80002f34 (083f2823) mem 80002fc0 00000001
core 0: 80002f38 (ff9ff06f) x0 80002f3c
core 0: 80002f30 (00000f17) x30 80002f30
core 0: 80002f34 (083f2823) mem 80002fc0 00000001
core 0: 80002f38 (ff9ff06f) x0 80002f3c
core 0: 80002f30 (00000f17) x30 80002f30
core 0: 80002f34 (083f2823) mem 80002fc0 00000001
core 0: 80002f38 (ff9ff06f) x0 80002f3c
core 0: 80002f30 (00000f17) x30 80002f30
core 0: 80002f34 (083f2823) mem 80002fc0 00000001
core 0: 80002f38 (ff9ff06f) x0 80002f3c
core 0: 80002f30 (00000f17) x30 80002f30
core 0: 80002f34 (083f2823) mem 80002fc0 00000001
core 0: 80002f38 (ff9ff06f) x0 80002f3c
core 0: 80002f30 (00000f17) x30 80002f30
core 0: 80002f34 (083f2823) mem 80002fc0 00000001
core 0: 80002f38 (ff9ff06f) x0 80002f3c
core 0: 80002f30 (00000f17) x30 80002f30
core 0: 80002f34 (083f2823) mem 80002fc0 00000001
core 0: 80002f38 (ff9ff06f) x0 80002f3c
core 0: 80002f30 (00000f17) x30 80002f30
core 0: 80002f34 (083f2823) mem 80002fc0 00000001
core 0: 80002f38 (ff9ff06f) x0 80002f3c
core 0: 80002f30 (00000f17) x30 80002f30
core 0: 80002f34 (083f2823) mem 80002fc0 00000001
core 0: 80002f38 (ff9ff06f) x0 80002f3c
core 0: 80002f30 (00000f17) x30 80002f30
core 0: 80002f34 (083f2823) mem 80002fc0 00000001
core 0: 80002f38 (ff9ff06f) x0 80002f3c
core 0: 80002f30 (00000f17) x30 80002f30
core 0: 80002f34 (083f2823) mem 80002fc0 00000001
core 0: 80002f38 (ff9ff06f) x0 80002f3c
core 0: 80002f30 (00000f17) x30 80002f30
core 0: 80002f34 (083f2823) mem 80002fc0 00000001
core 0: 80002f38 (ff9ff06f) x0 80002f3c
core 0: 80002f30 (00000f17) x30 80002f30
core 0: 80002f34 (083f2823) mem 80002fc0 00000001
core 0: 80002f38 (ff9ff06f) x0 80002f3c
core 0: 80002f30 (00000f17) x30 80002f30
core 0: 80002f34 (083f2823) mem 80002fc0 00000001
core 0: 80002f38 (ff9ff06f) x0 80002f3c
core 0: 80002f30 (00000f17) x30 80002f30
core 0: 80002f34 (083f2823) mem 80002fc0 00000001
core 0: 80002f38 (ff9ff06f) x0 80002f3c
core 0: 80002f30 (00000f17) x30 80002f30
core 0: 80002f34 (083f2823) mem 80002fc0 00000001
core 0: 80002f38 (ff9ff06f) x0 80002f3c
core 0: 80002f30 (00000f17) x30 80002f30
core 0: 80002f34 (083f2823) mem 80002fc0 00000001
core 0: 80002f38 (ff9ff06f) x0 80002f3c
core 0: 80002f30 (00000f17) x30 80002f30
core 0: 80002f34 (083f2823) mem 80002fc0 00000001
core 0: 80002f38 (ff9ff06f) x0 80002f3c
core 0: 80002f30 (00000f17) x30 80002f30
core 0: 80002f34 (083f2823) mem 80002fc0 00000001
core 0: 80002f38 (ff9ff06f) x0 80002f3c
core 0: 80002f30 (00000f17) x30 80002f30
core 0: 80002f34 (083f2823) mem 80002fc0 00000001
core 0: 80002f38 (ff9ff06f) x0 80002f3c
core 0: 80002f30 (00000f17) x30 80002f30
core 0: 80002f34 (083f2823) mem 80002fc0 00000001
core 0: 80002f38 (ff9ff06f) x0 80002f3c
core 0: 80002f30 (00000f17) x30 80002f30
core 0: 80002f34 (083f2823) mem 80002fc0 00000001
core 0: 80002f38 (ff9ff06f) x0 80002f3c
core 0: 80002f30 (00000f17) x30 80002f30
core 0: 80002f34 (083f2823) mem 80002fc0 00000001
core 0: 80002f38 (ff9ff06f) x0 80002f3c
core 0: 80002f30 (00000f17) x30 80002f30
core 0: 80002f34 (083f2823) mem 80002fc0 00000001
core 0: 80002f38 (ff9ff06f) x0 80002f3c
core 0: 80002f30 (00000f17) x30 80002f30
core 0: 80002f34 (083f2823) mem 80002fc0 00000001
core 0: 80002f38 (ff9ff06f) x0 80002f3c
core 0: 80002f30 (00000f17) x30 80002f30
core 0: 80002f34 (083f2823) mem 80002fc0 00000001
core 0: 80002f38 (ff9ff06f) x0 80002f3c
core 0: 80002f30 (00000f17) x30 80002f30
core 0: 80002f34 (083f2823) mem 80002fc0 00000001
core 0: 80002f38 (ff9ff06f) x0 80002f3c
core 0: 80002f30 (00000f17) x30 80002f30
core 0: 80002f34 (083f2823) mem 80002fc0 00000001
core 0: 80002f38 (ff9ff06f) x0 80002f3c
core 0: 80002f30 (00000f17) x30 80002f30
core 0: 80002f34 (083f2823) mem 80002fc0 00000001
core 0: 80002f38 (ff9ff06f) x0 80002f3c
core 0: 80002f30 (00000f17) x30 80002f30
core 0: 80002f34 (083f2823) mem 80002fc0 00000001
core 0: 80002f38 (ff9ff06f) x0 80002f3c
core 0: 80002f30 (00000f17) x30 80002f30
core 0: 80002f34 (083f2823) mem 80002fc0 00000001
core 0: 80002f38 (ff9ff06f) x0 80002f3c
core 0: 80002f30 (00000f17) x30 80002f30
core 0: 80002f34 (083f2823) mem 80002fc0 00000001
core 0: 80002f38 (ff9ff06f) x0 80002f3c
core 0: 80002f30 (00000f17) x30 80002f30
core 0: 80002f34 (083f2823) mem 80002fc0 00000001
core 0: 80002f38 (ff9ff06f) x0 80002f3c
core 0: 80002f30 (00000f17) x30 80002f30
core 0: 80002f34 (083f2823) mem 80002fc0 00000001
core 0: 80002f38 (ff9ff06f) x0 80002f3c
core 0: 80002f30 (00000f17) x30 80002f30
core 0: 80002f34 (083f2823) mem 80002fc0 00000001
core 0: 80002f38 (ff9ff06f) x0 80002f3c
core 0: 80002f30 (00000f17) x30 80002f30
core 0: 80002f34 (083f2823) mem 80002fc0 00000001
core 0: 80002f38 (ff9ff06f) x0 80002f3c
core 0: 80002f30 (00000f17) x30 80002f30
core 0: 80002f34 (083f2823) mem 80002fc0 00000001
core 0: 80002f38 (ff9ff06f) x0 80002f3c
core 0: 80002f30 (00000f17) x30 80002f30
core 0: 80002f34 (083f2823) mem 80002fc0 00000001
core 0: 80002f38 (ff9ff06f) x0 80002f3c
core 0: 80002f30 (00000f17) x30 80002f30
core 0: 80002f34 (083f2823) mem 80002fc0 00000001
core 0: 80002f38 (ff9ff06f) x0 80002f3c
core 0: 80002f30 (00000f17) x30 80002f30
core 0: 80002f34 (083f2823) mem 80002fc0 00000001
core 0: 80002f38 (ff9ff06f) x0 80002f3c
core 0: 80002f30 (00000f17) x30 80002f30
core 0: 80002f34 (083f2823) mem 80002fc0 00000001
core 0: 80002f38 (ff9ff06f) x0 80002f3c
core 0: 80002f30 (00000f17) x30 80002f30
core 0: 80002f34 (083f2823) mem 80002fc0 00000001
core 0: 80002f38 (ff9ff06f) x0 80002f3c
core 0: 80002f30 (00000f17) x30 80002f30
core 0: 80002f34 (083f2823) mem 80002fc0 00000001
core 0: 80002f38 (ff9ff06f) x0 80002f3c
core 0: 80002f30 (00000f17) x30 80002f30
core 0: 80002f34 (083f2823) mem 80002fc0 00000001
core 0: 80002f38 (ff9ff06f) x0 80002f3c
core 0: 80002f30 (00000f17) x30 80002f30
core 0: 80002f34 (083f2823) mem 80002fc0 00000001
core 0: 80002f38 (ff9ff06f) x0 80002f3c
core 0: 80002f30 (00000f17) x30 80002f30
core 0: 80002f34 (083f2823) mem 80002fc0 00000001
core 0: 80002f38 (ff9ff06f) x0 80002f3c
core 0: 80002f30 (00000f17) x30 80002f30
core 0: 80002f34 (083f2823) mem 80002fc0 00000001
core 0: 80002f38 (ff9ff06f) x0 80002f3c
core 0: 80002f30 (00000f17) x30 80002f30
core 0: 80002f34 (083f2823) mem 80002fc0 00000001
core 0: 80002f38 (ff9ff06f) x0 80002f3c
core 0: 80002f30 (00000f17) x30 80002f30
core 0: 80002f34 (083f2823) mem 80002fc0 00000001
core 0: 80002f38 (ff9ff06f) x0 80002f3c
core 0: 80002f30 (00000f17) x30 80002f30
core 0: 80002f34 (083f2823) mem 80002fc0 00000001
core 0: 80002f38 (ff9ff06f) x0 80002f3c
core 0: 80002f30 (00000f17) x30 80002f30
core 0: 80002f34 (083f2823) mem 80002fc0 00000001
core 0: 80002f38 (ff9ff06f) x0 80002f3c
core 0: 80002f30 (00000f17) x30 80002f30
core 0: 80002f34 (083f2823) mem 80002fc0 00000001
core 0: 80002f38 (ff9ff06f) x0 80002f3c
core 0: 80002f30 (00000f17) x30 80002f30
core 0: 80002f34 (083f2823) mem 80002fc0 00000001
core 0: 80002f38 (ff9ff06f) x0 80002f3c
core 0: 80002f30 (00000f17) x30 80002f30
core 0: 80002f34 (083f2823) mem 80002fc0 00000001
core 0: 80002f38 (ff9ff06f) x0 80002f3c
core 0: 80002f30 (00000f17) x30 80002f30
core 0: 80002f34 (083f2823) mem 80002fc0 00000001
core 0: 80002f38 (ff9ff06f) x0 80002f3c
core 0: 80002f30 (00000f17) x30 80002f30
core 0: 80002f34 (083f2823) mem 80002fc0 00000001
core 0: 80002f38 (ff9ff06f) x0 80002f3c
core 0: 80002f30 (00000f17) x30 80002f30
core 0: 80002f34 (083f2823) mem 80002fc0 00000001
core 0: 80002f38 (ff9ff06f) x0 80002f3c
core 0: 80002f30 (00000f17) x30 80002f30
core 0: 80002f34 (083f2823) mem 80002fc0 00000001
core 0: 80002f38 (ff9ff06f) x0 80002f3c
core 0: 80002f30 (00000f17) x30 80002f30
core 0: 80002f34 (083f2823) mem 80002fc0 00000001
core 0: 80002f38 (ff9ff06f) x0 80002f3c
core 0: 80002f30 (00000f17) x30 80002f30
core 0: 80002f34 (083f2823) mem 80002fc0 00000001
core 0: 80002f38 (ff9ff06f) x0 80002f3c
core 0: 80002f30 (00000f17) x30 80002f30
core 0: 80002f34 (083f2823) mem 80002fc0 00000001
core 0: 80002f38 (ff9ff06f) x0 80002f3c
core 0: 80002f30 (00000f17) x30 80002f30
core 0: 80002f34 (083f2823) mem 80002fc0 00000001
core 0: 80002f38 (ff9ff06f) x0 80002f3c
core 0: 80002f30 (00000f17) x30 80002f30
core 0: 80002f34 (083f2823) mem 80002fc0 00000001
core 0: 80002f38 (ff9ff06f) x0 80002f3c
core 0: 80002f30 (00000f17) x30 80002f30
core 0: 80002f34 (083f2823) mem 80002fc0 00000001
core 0: 80002f38 (ff9ff06f) x0 80002f3c
core 0: 80002f30 (00000f17) x30 80002f30
core 0: 80002f34 (083f2823) mem 80002fc0 00000001
core 0: 80002f38 (ff9ff06f) x0 80002f3c
core 0: 80002f30 (00000f17) x30 80002f30
core 0: 80002f34 (083f2823) mem 80002fc0 00000001
core 0: 80002f38 (ff9ff06f) x0 80002f3c
core 0: 80002f30 (00000f17) x30 80002f30
core 0: 80002f34 (083f2823) mem 80002fc0 00000001
core 0: 80002f38 (ff9ff06f) x0 80002f3c
core 0: 80002f30 (00000f17) x30 80002f30
core 0: 80002f34 (083f2823) mem 80002fc0 00000001
core 0: 80002f38 (ff9ff06f) x0 80002f3c
core 0: 80002f30 (00000f17) x30 80002f30
core 0: 80002f34 (083f2823) mem 80002fc0 00000001
core 0: 80002f38 (ff9ff06f) x0 80002f3c
core 0: 80002f30 (00000f17) x30 80002f30
core 0: 80002f34 (083f2823) mem 80002fc0 00000001
core 0: 80002f38 (ff9ff06f) x0 80002f3c
core 0: 80002f30 (00000f17) x30 80002f30
core 0: 80002f34 (083f2823) mem 80002fc0 00000001
core 0: 80002f38 (ff9ff06f) x0 80002f3c
core 0: 80002f30 (00000f17) x30 80002f30
core 0: 80002f34 (083f2823) mem 80002fc0 00000001
core 0: 80002f38 (ff9ff06f) x0 80002f3c
core 0: 80002f30 (00000f17) x30 80002f30
core 0: 80002f34 (083f2823) mem 80002fc0 00000001
core 0: 80002f38 (ff9ff06f) x0 80002f3c
core 0: 80002f30 (00000f17) x30 80002f30
core 0: 80002f34 (083f2823) mem 80002fc0 00000001
core 0: 80002f38 (ff9ff06f) x0 80002f3c
core 0: 80002f30 (00000f17) x30 80002f30
core 0: 80002f34 (083f2823) mem 80002fc0 00000001
core 0: 80002f38 (ff9ff06f) x0 80002f3c
core 0: 80002f30 (00000f17) x30 80002f30
core 0: 80002f34 (083f2823) mem 80002fc0 00000001
core 0: 80002f38 (ff9ff06f) x0 80002f3c
core 0: 80002f30 (00000f17) x30 80002f30
core 0: 80002f34 (083f2823) mem 80002fc0 00000001
core 0: 80002f38 (ff9ff06f) x0 80002f3c
core 0: 80002f30 (00000f17) x30 80002f30
core 0: 80002f34 (083f2823) mem 80002fc0 00000001
core 0: 80002f38 (ff9ff06f) x0 80002f3c
core 0: 80002f30 (00000f17) x30 80002f30
core 0: 80002f34 (083f2823) mem 80002fc0 00000001
core 0: 80002f38 (ff9ff06f) x0 80002f3c
core 0: 80002f30 (00000f17) x30 80002f30
core 0: 80002f34 (083f2823) mem 80002fc0 00000001
core 0: 80002f38 (ff9ff06f) x0 80002f3c
core 0: 80002f30 (00000f17) x30 80002f30
core 0: 80002f34 (083f2823) mem 80002fc0 00000001
core 0: 80002f38 (ff9ff06f) x0 80002f3c
core 0: 80002f30 (00000f17) x30 80002f30
core 0: 80002f34 (083f2823) mem 80002fc0 00000001
core 0: 80002f38 (ff9ff06f) x0 80002f3c
core 0: 80002f30 (00000f17) x30 80002f30
core 0: 80002f34 (083f2823) mem 80002fc0 00000001
core 0: 80002f38 (ff9ff06f) x0 80002f3c
core 0: 80002f30 (00000f17) x30 80002f30
core 0: 80002f34 (083f2823) mem 80002fc0 00000001
core 0: 80002f38 (ff9ff06f) x0 80002f3c
core 0: 80002f30 (00000f17) x30 80002f30
core 0: 80002f34 (083f2823) mem 80002fc0 00000001
core 0: 80002f38 (ff9ff06f) x0 80002f3c
core 0: 80002f30 (00000f17) x30 80002f30
core 0: 80002f34 (083f2823) mem 80002fc0 00000001
core 0: 80002f38 (ff9ff06f) x0 80002f3c
core 0: 80002f30 (00000f17) x30 80002f30
core 0: 80002f34 (083f2823) mem 80002fc0 00000001
core 0: 80002f38 (ff9ff06f) x0 80002f3c
core 0: 80002f30 (00000f17) x30 80002f30
core 0: 80002f34 (083f2823) mem 80002fc0 00000001
core 0: 80002f38 (ff9ff06f) x0 80002f3c
core 0: 80002f30 (00000f17) x30 80002f30
core 0: 80002f34 (083f2823) mem 80002fc0 00000001
core 0: 80002f38 (ff9ff06f) x0 80002f3c
core 0: 80002f30 (00000f17) x30 80002f30
core 0: 80002f34 (083f2823) mem 80002fc0 00000001
core 0: 80002f38 (ff9ff06f) x0 80002f3c
core 0: 80002f30 (00000f17) x30 80002f30
core 0: 80002f34 (083f2823) mem 80002fc0 00000001
core 0: 80002f38 (ff9ff06f) x0 80002f3c
core 0: 80002f30 (00000f17) x30 80002f30
core 0: 80002f34 (083f2823) mem 80002fc0 00000001
core 0: 80002f38 (ff9ff06f) x0 80002f3c
core 0: 80002f30 (00000f17) x30 80002f30
core 0: 80002f34 (083f2823) mem 80002fc0 00000001
core 0: 80002f38 (ff9ff06f) x0 80002f3c
core 0: 80002f30 (00000f17) x30 80002f30
core 0: 80002f34 (083f2823) mem 80002fc0 00000001
core 0: 80002f38 (ff9ff06f) x0 80002f3c
core 0: 80002f30 (00000f17) x30 80002f30
core 0: 80002f34 (083f2823) mem 80002fc0 00000001
core 0: 80002f38 (ff9ff06f) x0 80002f3c
core 0: 80002f30 (00000f17) x30 80002f30
core 0: 80002f34 (083f2823) mem 80002fc0 00000001
core 0: 80002f38 (ff9ff06f) x0 80002f3c
core 0: 80002f30 (00000f17) x30 80002f30
core 0: 80002f34 (083f2823) mem 80002fc0 00000001
core 0: 80002f38 (ff9ff06f) x0 80002f3c
core 0: 80002f30 (00000f17) x30 80002f30
core 0: 80002f34 (083f2823) mem 80002fc0 00000001
core 0: 80002f38 (ff9ff06f) x0 80002f3c
core 0: 80002f30 (00000f17) x30 80002f30
core 0: 80002f34 (083f2823) mem 80002fc0 00000001
core 0: 80002f38 (ff9ff06f) x0 80002f3c
core 0: 80002f30 (00000f17) x30 80002f30
core 0: 80002f34 (083f2823) mem 80002fc0 00000001
core 0: 80002f38 (ff9ff06f) x0 80002f3c
core 0: 80002f30 (00000f17) x30 80002f30
core 0: 80002f34 (083f2823) mem 80002fc0 00000001
core 0: 80002f38 (ff9ff06f) x0 80002f3c
core 0: 80002f30 (00000f17) x30 80002f30
core 0: 80002f34 (083f2823) mem 80002fc0 00000001
core 0: 80002f38 (ff9ff06f) x0 80002f3c
core 0: 80002f30 (00000f17) x30 80002f30
core 0: 80002f34 (083f2823) mem 80002fc0 00000001
core 0: 80002f38 (ff9ff06f) x0 80002f3c
core 0: 80002f30 (00000f17) x30 80002f30
core 0: 80002f34 (083f2823) mem 80002fc0 00000001
core 0: 80002f38 (ff9ff06f) x0 80002f3c
core 0: 80002f30 (00000f17) x30 80002f30
core 0: 80002f34 (083f2823) mem 80002fc0 00000001
core 0: 80002f38 (ff9ff06f) x0 80002f3c
core 0: 80002f30 (00000f17) x30 80002f30
core 0: 80002f34 (083f2823) mem 80002fc0 00000001
core 0: 80002f38 (ff9ff06f) x0 80002f3c
core 0: 80002f30 (00000f17) x30 80002f30
core 0: 80002f34 (083f2823) mem 80002fc0 00000001
core 0: 80002f38 (ff9ff06f) x0 80002f3c
core 0: 80002f30 (00000f17) x30 80002f30
core 0: 80002f34 (083f2823) mem 80002fc0 00000001
core 0: 80002f38 (ff9ff06f) x0 80002f3c
core 0: 80002f30 (00000f17) x30 80002f30
core 0: 80002f34 (083f2823) mem 80002fc0 00000001
core 0: 80002f38 (ff9ff06f) x0 80002f3c
core 0: 80002f30 (00000f17) x30 80002f30
core 0: 80002f34 (083f2823) mem 80002fc0 00000001
core 0: 80002f38 (ff9ff06f) x0 80002f3c
core 0: 80002f30 (00000f17) x30 80002f30
core 0: 80002f34 (083f2823) mem 80002fc0 00000001
core 0: 80002f38 (ff9ff06f) x0 80002f3c
core 0: 80002f30 (00000f17) x30 80002f30
core 0: 80002f34 (083f2823) mem 80002fc0 00000001
core 0: 80002f38 (ff9ff06f) x0 80002f3c
core 0: 80002f30 (00000f17) x30 80002f30
core 0: 80002f34 (083f2823) mem 80002fc0 00000001
core 0: 80002f38 (ff9ff06f) x0 80002f3c
core 0: 80002f30 (00000f17) x30 80002f30
core 0: 80002f34 (083f2823) mem 80002fc0 00000001
core 0: 80002f38 (ff9ff06f) x0 80002f3c
core 0: 80002f30 (00000f17) x30 80002f30
core 0: 80002f34 (083f2823) mem 80002fc0 00000001
core 0: 80002f38 (ff9ff06f) x0 80002f3c
core 0: 80002f30 (00000f17) x30 80002f30
core 0: 80002f34 (083f2823) mem 80002fc0 00000001
core 0: 80002f38 (ff9ff06f) x0 80002f3c
core 0: 80002f30 (00000f17) x30 80002f30
core 0: 80002f34 (083f2823) mem 80002fc0 00000001
core 0: 80002f38 (ff9ff06f) x0 80002f3c
core 0: 80002f30 (00000f17) x30 80002f30
core 0: 80002f34 (083f2823) mem 80002fc0 00000001
core 0: 80002f38 (ff9ff06f) x0 80002f3c
core 0: 80002f30 (00000f17) x30 80002f30
core 0: 80002f34 (083f2823) mem 80002fc0 00000001
core 0: 80002f38 (ff9ff06f) x0 80002f3c
core 0: 80002f30 (00000f17) x30 80002f30
core 0: 80002f34 (083f2823) mem 80002fc0 00000001
core 0: 80002f38 (ff9ff06f) x0 80002f3c
core 0: 80002f30 (00000f17) x30 80002f30
core 0: 80002f34 (083f2823) mem 80002fc0 00000001
core 0: 80002f38 (ff9ff06f) x0 80002f3c
core 0: 80002f30 (00000f17) x30 80002f30
core 0: 80002f34 (083f2823) mem 80002fc0 00000001
core 0: 80002f38 (ff9ff06f) x0 80002f3c
core 0: 80002f30 (00000f17) x30 80002f30
core 0: 80002f34 (083f2823) mem 80002fc0 00000001
core 0: 80002f38 (ff9ff06f) x0 80002f3c
core 0: 80002f30 (00000f17) x30 80002f30
core 0: 80002f34 (083f2823) mem 80002fc0 00000001
core 0: 80002f38 (ff9ff06f) x0 80002f3c
core 0: 80002f30 (00000f17) x30 80002f30
core 0: 80002f34 (083f2823) mem 80002fc0 00000001
core 0: 80002f38 (ff9ff06f) x0 80002f3c
core 0: 80002f30 (00000f17) x30 80002f30
core 0: 80002f34 (083f2823) mem 80002fc0 00000001
core 0: 80002f38 (ff9ff06f) x0 80002f3c
core 0: 80002f30 (00000f17) x30 80002f30
core 0: 80002f34 (083f2823) mem 80002fc0 00000001
core 0: 80002f38 (ff9ff06f) x0 80002f3c
core 0: 80002f30 (00000f17) x30 80002f30
core 0: 80002f34 (083f2823) mem 80002fc0 00000001
core 0: 80002f38 (ff9ff06f) x0 80002f3c
core 0: 80002f30 (00000f17) x30 80002f30
core 0: 80002f34 (083f2823) mem 80002fc0 00000001
core 0: 80002f38 (ff9ff06f) x0 80002f3c
core 0: 80002f30 (00000f17) x30 80002f30
core 0: 80002f34 (083f2823) mem 80002fc0 00000001
core 0: 80002f38 (ff9ff06f) x0 80002f3c
core 0: 80002f30 (00000f17) x30 80002f30
core 0: 80002f34 (083f2823) mem 80002fc0 00000001
core 0: 80002f38 (ff9ff06f) x0 80002f3c
core 0: 80002f30 (00000f17) x30 80002f30
core 0: 80002f34 (083f2823) mem 80002fc0 00000001
core 0: 80002f38 (ff9ff06f) x0 80002f3c
core 0: 80002f30 (00000f17) x30 80002f30
core 0: 80002f34 (083f2823) mem 80002fc0 00000001
core 0: 80002f38 (ff9ff06f) x0 80002f3c
core 0: 80002f30 (00000f17) x30 80002f30
core 0: 80002f34 (083f2823) mem 80002fc0 00000001
core 0: 80002f38 (ff9ff06f) x0 80002f3c
core 0: 80002f30 (00000f17) x30 80002f30
core 0: 80002f34 (083f2823) mem 80002fc0 00000001
core 0: 80002f38 (ff9ff06f) x0 80002f3c
core 0: 80002f30 (00000f17) x30 80002f30
core 0: 80002f34 (083f2823) mem 80002fc0 00000001
core 0: 80002f38 (ff9ff06f) x0 80002f3c
core 0: 80002f30 (00000f17) x30 80002f30
core 0: 80002f34 (083f2823) mem 80002fc0 00000001
core 0: 80002f38 (ff9ff06f) x0 80002f3c
core 0: 80002f30 (00000f17) x30 80002f30
core 0: 80002f34 (083f2823) mem 80002fc0 00000001
core 0: 80002f38 (ff9ff06f) x0 80002f3c
core 0: 80002f30 (00000f17) x30 80002f30
core 0: 80002f34 (083f2823) mem 80002fc0 00000001
core 0: 80002f38 (ff9ff06f) x0 80002f3c
core 0: 80002f30 (00000f17) x30 80002f30
core 0: 80002f34 (083f2823) mem 80002fc0 00000001
core 0: 80002f38 (ff9ff06f) x0 80002f3c
core 0: 80002f30 (00000f17) x30 80002f30
core 0: 80002f34 (083f2823) mem 80002fc0 00000001
core 0: 80002f38 (ff9ff06f) x0 80002f3c
core 0: 80002f30 (00000f17) x30 80002f30
core 0: 80002f34 (083f2823) mem 80002fc0 00000001
core 0: 80002f38 (ff9ff06f) x0 80002f3c
core 0: 80002f30 (00000f17) x30 80002f30
core 0: 80002f34 (083f2823) mem 80002fc0 00000001
core 0: 80002f38 (ff9ff06f) x0 80002f3c
core 0: 80002f30 (00000f17) x30 80002f30
core 0: 80002f34 (083f2823) mem 80002fc0 00000001
core 0: 80002f38 (ff9ff06f) x0 80002f3c
core 0: 80002f30 (00000f17) x30 80002f30
core 0: 80002f34 (083f2823) mem 80002fc0 00000001
core 0: 80002f38 (ff9ff06f) x0 80002f3c
core 0: 80002f30 (00000f17) x30 80002f30
core 0: 80002f34 (083f2823) mem 80002fc0 00000001
core 0: 80002f38 (ff9ff06f) x0 80002f3c
core 0: 80002f30 (00000f17) x30 80002f30
core 0: 80002f34 (083f2823) mem 80002fc0 00000001
core 0: 80002f38 (ff9ff06f) x0 80002f3c
core 0: 80002f30 (00000f17) x30 80002f30
core 0: 80002f34 (083f2823) mem 80002fc0 00000001
core 0: 80002f38 (ff9ff06f) x0 80002f3c
core 0: 80002f30 (00000f17) x30 80002f30
core 0: 80002f34 (083f2823) mem 80002fc0 00000001
core 0: 80002f38 (ff9ff06f) x0 80002f3c
core 0: 80002f30 (00000f17) x30 80002f30
core 0: 80002f34 (083f2823) mem 80002fc0 00000001
core 0: 80002f38 (ff9ff06f) x0 80002f3c
core 0: 80002f30 (00000f17) x30 80002f30
core 0: 80002f34 (083f2823) mem 80002fc0 00000001
core 0: 80002f38 (ff9ff06f) x0 80002f3c
core 0: 80002f30 (00000f17) x30 80002f30
core 0: 80002f34 (083f2823) mem 80002fc0 00000001
core 0: 80002f38 (ff9ff06f) x0 80002f3c
core 0: 80002f30 (00000f17) x30 80002f30
core 0: 80002f34 (083f2823) mem 80002fc0 00000001
core 0: 80002f38 (ff9ff06f) x0 80002f3c
core 0: 80002f30 (00000f17) x30 80002f30
core 0: 80002f34 (083f2823) mem 80002fc0 00000001
core 0: 80002f38 (ff9ff06f) x0 80002f3c
core 0: 80002f30 (00000f17) x30 80002f30
core 0: 80002f34 (083f2823) mem 80002fc0 00000001
core 0: 80002f38 (ff9ff06f) x0 80002f3c
core 0: 80002f30 (00000f17) x30 80002f30
core 0: 80002f34 (083f2823) mem 80002fc0 00000001
core 0: 80002f38 (ff9ff06f) x0 80002f3c
core 0: 80002f30 (00000f17) x30 80002f30
core 0: 80002f34 (083f2823) mem 80002fc0 00000001
core 0: 80002f38 (ff9ff06f) x0 80002f3c
core 0: 80002f30 (00000f17) x30 80002f30
core 0: 80002f34 (083f2823) mem 80002fc0 00000001
core 0: 80002f38 (ff9ff06f) x0 80002f3c
core 0: 80002f30 (00000f17) x30 80002f30
core 0: 80002f34 (083f2823) mem 80002fc0 00000001
core 0: 80002f38 (ff9ff06f) x0 80002f3c
core 0: 80002f30 (00000f17) x30 80002f30
core 0: 80002f34 (083f2823) mem 80002fc0 00000001
core 0: 80002f38 (ff9ff06f) x0 80002f3c
core 0: 80002f30 (00000f17) x30 80002f30
core 0: 80002f34 (083f2823) mem 80002fc0 00000001
core 0: 80002f38 (ff9ff06f) x0 80002f3c
core 0: 80002f30 (00000f17) x30 80002f30
core 0: 80002f34 (083f2823) mem 80002fc0 00000001
core 0: 80002f38 (ff9ff06f) x0 80002f3c
core 0: 80002f30 (00000f17) x30 80002f30
core 0: 80002f34 (083f2823) mem 80002fc0 00000001
core 0: 80002f38 (ff9ff06f) x0 80002f3c
core 0: 80002f30 (00000f17) x30 80002f30
core 0: 80002f34 (083f2823) mem 80002fc0 00000001
core 0: 80002f38 (ff9ff06f) x0 80002f3c
core 0: 80002f30 (00000f17) x30 80002f30
core 0: 80002f34 (083f2823) mem 80002fc0 00000001
core 0: 80002f38 (ff9ff06f) x0 80002f3c
core 0: 80002f30 (00000f17) x30 80002f30
core 0: 80002f34 (083f2823) mem 80002fc0 00000001
core 0: 80002f38 (ff9ff06f) x0 80002f3c
core 0: 80002f30 (00000f17) x30 80002f30
core 0: 80002f34 (083f2823) mem 80002fc0 00000001
core 0: 80002f38 (ff9ff06f) x0 80002f3c
core 0: 80002f30 (00000f17) x30 80002f30
core 0: 80002f34 (083f2823) mem 80002fc0 00000001
core 0: 80002f38 (ff9ff06f) x0 80002f3c
core 0: 80002f30 (00000f17) x30 80002f30
core 0: 80002f34 (083f2823) mem 80002fc0 00000001
core 0: 80002f38 (ff9ff06f) x0 80002f3c
core 0: 80002f30 (00000f17) x30 80002f30
core 0: 80002f34 (083f2823) mem 80002fc0 00000001
core 0: 80002f38 (ff9ff06f) x0 80002f3c
core 0: 80002f30 (00000f17) x30 80002f30
core 0: 80002f34 (083f2823) mem 80002fc0 00000001
core 0: 80002f38 (ff9ff06f) x0 80002f3c
core 0: 80002f30 (00000f17) x30 80002f30
core 0: 80002f34 (083f2823) mem 80002fc0 00000001
core 0: 80002f38 (ff9ff06f) x0 80002f3c
core 0: 80002f30 (00000f17) x30 80002f30
core 0: 80002f34 (083f2823) mem 80002fc0 00000001
core 0: 80002f38 (ff9ff06f) x0 80002f3c
core 0: 80002f30 (00000f17) x30 80002f30
core 0: 80002f34 (083f2823) mem 80002fc0 00000001
core 0: 80002f38 (ff9ff06f) x0 80002f3c
core 0: 80002f30 (00000f17) x30 80002f30
core 0: 80002f34 (083f2823) mem 80002fc0 00000001
core 0: 80002f38 (ff9ff06f) x0 80002f3c
core 0: 80002f30 (00000f17) x30 80002f30
core 0: 80002f34 (083f2823) mem 80002fc0 00000001
core 0: 80002f38 (ff9ff06f) x0 80002f3c
core 0: 80002f30 (00000f17) x30 80002f30
core 0: 80002f34 (083f2823) mem 80002fc0 00000001
core 0: 80002f38 (ff9ff06f) x0 80002f3c
core 0: 80002f30 (00000f17) x30 80002f30
core 0: 80002f34 (083f2823) mem 80002fc0 00000001
core 0: 80002f38 (ff9ff06f) x0 80002f3c
core 0: 80002f30 (00000f17) x30 80002f30
core 0: 80002f34 (083f2823) mem 80002fc0 00000001
core 0: 80002f38 (ff9ff06f) x0 80002f3c
core 0: 80002f30 (00000f17) x30 80002f30
core 0: 80002f34 (083f2823) mem 80002fc0 00000001
core 0: 80002f38 (ff9ff06f) x0 80002f3c
core 0: 80002f30 (00000f17) x30 80002f30
core 0: 80002f34 (083f2823) mem 80002fc0 00000001
core 0: 80002f38 (ff9ff06f) x0 80002f3c
core 0: 80002f30 (00000f17) x30 80002f30
core 0: 80002f34 (083f2823) mem 80002fc0 00000001
core 0: 80002f38 (ff9ff06f) x0 80002f3c
core 0: 80002f30 (00000f17) x30 80002f30
core 0: 80002f34 (083f2823) mem 80002fc0 00000001
core 0: 80002f38 (ff9ff06f) x0 80002f3c
core 0: 80002f30 (00000f17) x30 80002f30
core 0: 80002f34 (083f2823) mem 80002fc0 00000001
core 0: 80002f38 (ff9ff06f) x0 80002f3c
core 0: 80002f30 (00000f17) x30 80002f30
core 0: 80002f34 (083f2823) mem 80002fc0 00000001
core 0: 80002f38 (ff9ff06f) x0 80002f3c
core 0: 80002f30 (00000f17) x30 80002f30
core 0: 80002f34 (083f2823) mem 80002fc0 00000001
core 0: 80002f38 (ff9ff06f) x0 80002f3c
core 0: 80002f30 (00000f17) x30 80002f30
core 0: 80002f34 (083f2823) mem 80002fc0 00000001
core 0: 80002f38 (ff9ff06f) x0 80002f3c
core 0: 80002f30 (00000f17) x30 80002f30
core 0: 80002f34 (083f2823) mem 80002fc0 00000001
core 0: 80002f38 (ff9ff06f) x0 80002f3c
core 0: 80002f30 (00000f17) x30 80002f30
core 0: 80002f34 (083f2823) mem 80002fc0 00000001
core 0: 80002f38 (ff9ff06f) x0 80002f3c
core 0: 80002f30 (00000f17) x30 80002f30
core 0: 80002f34 (083f2823) mem 80002fc0 00000001
core 0: 80002f38 (ff9ff06f) x0 80002f3c
core 0: 80002f30 (00000f17) x30 80002f30
core 0: 80002f34 (083f2823) mem 80002fc0 00000001
core 0: 80002f38 (ff9ff06f) x0 80002f3c
core 0: 80002f30 (00000f17) x30 80002f30
core 0: 80002f34 (083f2823) mem 80002fc0 00000001
core 0: 80002f38 (ff9ff06f) x0 80002f3c
core 0: 80002f30 (00000f17) x30 80002f30
core 0: 80002f34 (083f2823) mem 80002fc0 00000001
core 0: 80002f38 (ff9ff06f) x0 80002f3c
core 0: 80002f30 (00000f17) x30 80002f30
core 0: 80002f34 (083f2823) mem 80002fc0 00000001
core 0: 80002f38 (ff9ff06f) x0 80002f3c
core 0: 80002f30 (00000f17) x30 80002f30
core 0: 80002f34 (083f2823) mem 80002fc0 00000001
core 0: 80002f38 (ff9ff06f) x0 80002f3c
core 0: 80002f30 (00000f17) x30 80002f30
core 0: 80002f34 (083f2823) mem 80002fc0 00000001
core 0: 80002f38 (ff9ff06f) x0 80002f3c
core 0: 80002f30 (00000f17) x30 80002f30
core 0: 80002f34 (083f2823) mem 80002fc0 00000001
core 0: 80002f38 (ff9ff06f) x0 80002f3c
core 0: 80002f30 (00000f17) x30 80002f30
core 0: 80002f34 (083f2823) mem 80002fc0 00000001
core 0: 80002f38 (ff9ff06f) x0 80002f3c
core 0: 80002f30 (00000f17) x30 80002f30
core 0: 80002f34 (083f2823) mem 80002fc0 00000001
core 0: 80002f38 (ff9ff06f) x0 80002f3c
core 0: 80002f30 (00000f17) x30 80002f30
core 0: 80002f34 (083f2823) mem 80002fc0 00000001
core 0: 80002f38 (ff9ff06f) x0 80002f3c
core 0: 80002f30 (00000f17) x30 80002f30
core 0: 80002f34 (083f2823) mem 80002fc0 00000001
core 0: 80002f38 (ff9ff06f) x0 80002f3c
core 0: 80002f30 (00000f17) x30 80002f30
core 0: 80002f34 (083f2823) mem 80002fc0 00000001
core 0: 80002f38 (ff9ff06f) x0 80002f3c
core 0: 80002f30 (00000f17) x30 80002f30
core 0: 80002f34 (083f2823) mem 80002fc0 00000001
core 0: 80002f38 (ff9ff06f) x0 80002f3c
core 0: 80002f30 (00000f17) x30 80002f30
core 0: 80002f34 (083f2823) mem 80002fc0 00000001
core 0: 80002f38 (ff9ff06f) x0 80002f3c
core 0: 80002f30 (00000f17) x30 80002f30
core 0: 80002f34 (083f2823) mem 80002fc0 00000001
core 0: 80002f38 (ff9ff06f) x0 80002f3c
core 0: 80002f30 (00000f17) x30 80002f30
core 0: 80002f34 (083f2823) mem 80002fc0 00000001
core 0: 80002f38 (ff9ff06f) x0 80002f3c
core 0: 80002f30 (00000f17) x30 80002f30
core 0: 80002f34 (083f2823) mem 80002fc0 00000001
core 0: 80002f38 (ff9ff06f) x0 80002f3c
core 0: 80002f30 (00000f17) x30 80002f30
core 0: 80002f34 (083f2823) mem 80002fc0 00000001
core 0: 80002f38 (ff9ff06f) x0 80002f3c
core 0: 80002f30 (00000f17) x30 80002f30
core 0: 80002f34 (083f2823) mem 80002fc0 00000001
core 0: 80002f38 (ff9ff06f) x0 80002f3c
core 0: 80002f30 (00000f17) x30 80002f30
core 0: 80002f34 (083f2823) mem 80002fc0 00000001
core 0: 80002f38 (ff9ff06f) x0 80002f3c
core 0: 80002f30 (00000f17) x30 80002f30
core 0: 80002f34 (083f2823) mem 80002fc0 00000001
core 0: 80002f38 (ff9ff06f) x0 80002f3c
core 0: 80002f30 (00000f17) x30 80002f30
core 0: 80002f34 (083f2823) mem 80002fc0 00000001
core 0: 80002f38 (ff9ff06f) x0 80002f3c
core 0: 80002f30 (00000f17) x30 80002f30
core 0: 80002f34 (083f2823) mem 80002fc0 00000001
core 0: 80002f38 (ff9ff06f) x0 80002f3c
core 0: 80002f30 (00000f17) x30 80002f30
core 0: 80002f34 (083f2823) mem 80002fc0 00000001
core 0: 80002f38 (ff9ff06f) x0 80002f3c
core 0: 80002f30 (00000f17) x30 80002f30
core 0: 80002f34 (083f2823) mem 80002fc0 00000001
core 0: 80002f38 (ff9ff06f) x0 80002f3c
core 0: 80002f30 (00000f17) x30 80002f30
core 0: 80002f34 (083f2823) mem 80002fc0 00000001
core 0: 80002f38 (ff9ff06f) x0 80002f3c
core 0: 80002f30 (00000f17) x30 80002f30
core 0: 80002f34 (083f2823) mem 80002fc0 00000001
core 0: 80002f38 (ff9ff06f) x0 80002f3c
core 0: 80002f30 (00000f17) x30 80002f30
core 0: 80002f34 (083f2823) mem 80002fc0 00000001
core 0: 80002f38 (ff9ff06f) x0 80002f3c
core 0: 80002f30 (00000f17) x30 80002f30
core 0: 80002f34 (083f2823) mem 80002fc0 00000001
core 0: 80002f38 (ff9ff06f) x0 80002f3c
core 0: 80002f30 (00000f17) x30 80002f30
core 0: 80002f34 (083f2823) mem 80002fc0 00000001
core 0: 80002f38 (ff9ff06f) x0 80002f3c
core 0: 80002f30 (00000f17) x30 80002f30
core 0: 80002f34 (083f2823) mem 80002fc0 00000001
core 0: 80002f38 (ff9ff06f) x0 80002f3c
core 0: 80002f30 (00000f17) x30 80002f30
core 0: 80002f34 (083f2823) mem 80002fc0 00000001
core 0: 80002f38 (ff9ff06f) x0 80002f3c
core 0: 80002f30 (00000f17) x30 80002f30
core 0: 80002f34 (083f2823) mem 80002fc0 00000001
core 0: 80002f38 (ff9ff06f) x0 80002f3c
core 0: 80002f30 (00000f17) x30 80002f30
core 0: 80002f34 (083f2823) mem 80002fc0 00000001
core 0: 80002f38 (ff9ff06f) x0 80002f3c
core 0: 80002f30 (00000f17) x30 80002f30
core 0: 80002f34 (083f2823) mem 80002fc0 00000001
core 0: 80002f38 (ff9ff06f) x0 80002f3c
core 0: 80002f30 (00000f17) x30 80002f30
core 0: 80002f34 (083f2823) mem 80002fc0 00000001
core 0: 80002f38 (ff9ff06f) x0 80002f3c
core 0: 80002f30 (00000f17) x30 80002f30
core 0: 80002f34 (083f2823) mem 80002fc0 00000001
core 0: 80002f38 (ff9ff06f) x0 80002f3c
core 0: 80002f30 (00000f17) x30 80002f30
core 0: 80002f34 (083f2823) mem 80002fc0 00000001
core 0: 80002f38 (ff9ff06f) x0 80002f3c
core 0: 80002f30 (00000f17) x30 80002f30
core 0: 80002f34 (083f2823) mem 80002fc0 00000001
core 0: 80002f38 (ff9ff06f) x0 80002f3c
core 0: 80002f30 (00000f17) x30 80002f30
core 0: 80002f34 (083f2823) mem 80002fc0 00000001
core 0: 80002f38 (ff9ff06f) x0 80002f3c
core 0: 80002f30 (00000f17) x30 80002f30
core 0: 80002f34 (083f2823) mem 80002fc0 00000001
core 0: 80002f38 (ff9ff06f) x0 80002f3c
core 0: 80002f30 (00000f17) x30 80002f30
core 0: 80002f34 (083f2823) mem 80002fc0 00000001
core 0: 80002f38 (ff9ff06f) x0 80002f3c
core 0: 80002f30 (00000f17) x30 80002f30
core 0: 80002f34 (083f2823) mem 80002fc0 00000001
core 0: 80002f38 (ff9ff06f) x0 80002f3c
core 0: 80002f30 (00000f17) x30 80002f30
core 0: 80002f34 (083f2823) mem 80002fc0 00000001
core 0: 80002f38 (ff9ff06f) x0 80002f3c
core 0: 80002f30 (00000f17) x30 80002f30
core 0: 80002f34 (083f2823) mem 80002fc0 00000001
core 0: 80002f38 (ff9ff06f) x0 80002f3c
core 0: 80002f30 (00000f17) x30 80002f30
core 0: 80002f34 (083f2823) mem 80002fc0 00000001
core 0: 80002f38 (ff9ff06f) x0 80002f3c
core 0: 80002f30 (00000f17) x30 80002f30
core 0: 80002f34 (083f2823) mem 80002fc0 00000001
core 0: 80002f38 (ff9ff06f) x0 80002f3c
core 0: 80002f30 (00000f17) x30 80002f30
core 0: 80002f34 (083f2823) mem 80002fc0 00000001
core 0: 80002f38 (ff9ff06f) x0 80002f3c
core 0: 80002f30 (00000f17) x30 80002f30
core 0: 80002f34 (083f2823) mem 80002fc0 00000001
core 0: 80002f38 (ff9ff06f) x0 80002f3c
core 0: 80002f30 (00000f17) x30 80002f30
core 0: 80002f34 (083f2823) mem 80002fc0 00000001
core 0: 80002f38 (ff9ff06f) x0 80002f3c
core 0: 80002f30 (00000f17) x30 80002f30
core 0: 80002f34 (083f2823) mem 80002fc0 00000001
core 0: 80002f38 (ff9ff06f) x0 80002f3c
core 0: 80002f30 (00000f17) x30 80002f30
core 0: 80002f34 (083f2823) mem 80002fc0 00000001
core 0: 80002f38 (ff9ff06f) x0 80002f3c
core 0: 80002f30 (00000f17) x30 80002f30
core 0: 80002f34 (083f2823) mem 80002fc0 00000001
core 0: 80002f38 (ff9ff06f) x0 80002f3c
core 0: 80002f30 (00000f17) x30 80002f30
core 0: 80002f34 (083f2823) mem 80002fc0 00000001
core 0: 80002f38 (ff9ff06f) x0 80002f3c
core 0: 80002f30 (00000f17) x30 80002f30
core 0: 80002f34 (083f2823) mem 80002fc0 00000001
core 0: 80002f38 (ff9ff06f) x0 80002f3c
core 0: 80002f30 (00000f17) x30 80002f30
core 0: 80002f34 (083f2823) mem 80002fc0 00000001
core 0: 80002f38 (ff9ff06f) x0 80002f3c
core 0: 80002f30 (00000f17) x30 80002f30
core 0: 80002f34 (083f2823) mem 80002fc0 00000001
core 0: 80002f38 (ff9ff06f) x0 80002f3c
core 0: 80002f30 (00000f17) x30 80002f30
core 0: 80002f34 (083f2823) mem 80002fc0 00000001
core 0: 80002f38 (ff9ff06f) x0 80002f3c
core 0: 80002f30 (00000f17) x30 80002f30
core 0: 80002f34 (083f2823) mem 80002fc0 00000001
core 0: 80002f38 (ff9ff06f) x0 80002f3c
core 0: 80002f30 (00000f17) x30 80002f30
core 0: 80002f34 (083f2823) mem 80002fc0 00000001
core 0: 80002f38 (ff9ff06f) x0 80002f3c
core 0: 80002f30 (00000f17) x30 80002f30
core 0: 80002f34 (083f2823) mem 80002fc0 00000001
core 0: 80002f38 (ff9ff06f) x0 80002f3c
core 0: 80002f30 (00000f17) x30 80002f30
core 0: 80002f34 (083f2823) mem 80002fc0 00000001
core 0: 80002f38 (ff9ff06f) x0 80002f3c
core 0: 80002f30 (00000f17) x30 80002f30
core 0: 80002f34 (083f2823) mem 80002fc0 00000001
core 0: 80002f38 (ff9ff06f) x0 80002f3c
core 0: 80002f30 (00000f17) x30 80002f30
core 0: 80002f34 (083f2823) mem 80002fc0 00000001
core 0: 80002f38 (ff9ff06f) x0 80002f3c
core 0: 80002f30 (00000f17) x30 80002f30
core 0: 80002f34 (083f2823) mem 80002fc0 00000001
core 0: 80002f38 (ff9ff06f) x0 80002f3c
core 0: 80002f30 (00000f17) x30 80002f30
core 0: 80002f34 (083f2823) mem 80002fc0 00000001
core 0: 80002f38 (ff9ff06f) x0 80002f3c
core 0: 80002f30 (00000f17) x30 80002f30
core 0: 80002f34 (083f2823) mem 80002fc0 00000001
core 0: 80002f38 (ff9ff06f) x0 80002f3c
core 0: 80002f30 (00000f17) x30 80002f30
core 0: 80002f34 (083f2823) mem 80002fc0 00000001
core 0: 80002f38 (ff9ff06f) x0 80002f3c
core 0: 80002f30 (00000f17) x30 80002f30
core 0: 80002f34 (083f2823) mem 80002fc0 00000001
core 0: 80002f38 (ff9ff06f) x0 80002f3c
core 0: 80002f30 (00000f17) x30 80002f30
core 0: 80002f34 (083f2823) mem 80002fc0 00000001
core 0: 80002f38 (ff9ff06f) x0 80002f3c
core 0: 80002f30 (00000f17) x30 80002f30
core 0: 80002f34 (083f2823) mem 80002fc0 00000001
core 0: 80002f38 (ff9ff06f) x0 80002f3c
core 0: 80002f30 (00000f17) x30 80002f30
core 0: 80002f34 (083f2823) mem 80002fc0 00000001
core 0: 80002f38 (ff9ff06f) x0 80002f3c
core 0: 80002f30 (00000f17) x30 80002f30
core 0: 80002f34 (083f2823) mem 80002fc0 00000001
core 0: 80002f38 (ff9ff06f) x0 80002f3c
core 0: 80002f30 (00000f17) x30 80002f30
core 0: 80002f34 (083f2823) mem 80002fc0 00000001
core 0: 80002f38 (ff9ff06f) x0 80002f3c
core 0: 80002f30 (00000f17) x30 80002f30
core 0: 80002f34 (083f2823) mem 80002fc0 00000001
core 0: 80002f38 (ff9ff06f) x0 80002f3c
core 0: 80002f30 (00000f17) x30 80002f30
core 0: 80002f34 (083f2823) mem 80002fc0 00000001
core 0: 80002f38 (ff9ff06f) x0 80002f3c
core 0: 80002f30 (00000f17) x30 80002f30
core 0: 80002f34 (083f2823) mem 80002fc0 00000001
core 0: 80002f38 (ff9ff06f) x0 80002f3c
core 0: 80002f30 (00000f17) x30 80002f30
core 0: 80002f34 (083f2823) mem 80002fc0 00000001
core 0: 80002f38 (ff9ff06f) x0 80002f3c
core 0: 80002f30 (00000f17) x30 80002f30
core 0: 80002f34 (083f2823) mem 80002fc0 00000001
core 0: 80002f38 (ff9ff06f) x0 80002f3c
core 0: 80002f30 (00000f17) x30 80002f30
core 0: 80002f34 (083f2823) mem 80002fc0 00000001
core 0: 80002f38 (ff9ff06f) x0 80002f3c
core 0: 80002f30 (00000f17) x30 80002f30
core 0: 80002f34 (083f2823) mem 80002fc0 00000001
core 0: 80002f38 (ff9ff06f) x0 80002f3c
core 0: 80002f30 (00000f17) x30 80002f30
core 0: 80002f34 (083f2823) mem 80002fc0 00000001
core 0: 80002f38 (ff9ff06f) x0 80002f3c
core 0: 80002f30 (00000f17) x30 80002f30
core 0: 80002f34 (083f2823) mem 80002fc0 00000001
core 0: 80002f38 (ff9ff06f) x0 80002f3c
core 0: 80002f30 (00000f17) x30 80002f30
core 0: 80002f34 (083f2823) mem 80002fc0 00000001
core 0: 80002f38 (ff9ff06f) x0 80002f3c
core 0: 80002f30 (00000f17) x30 80002f30
core 0: 80002f34 (083f2823) mem 80002fc0 00000001
core 0: 80002f38 (ff9ff06f) x0 80002f3c
core 0: 80002f30 (00000f17) x30 80002f30
core 0: 80002f34 (083f2823) mem 80002fc0 00000001
core 0: 80002f38 (ff9ff06f) x0 80002f3c
core 0: 80002f30 (00000f17) x30 80002f30
core 0: 80002f34 (083f2823) mem 80002fc0 00000001
core 0: 80002f38 (ff9ff06f) x0 80002f3c
core 0: 80002f30 (00000f17) x30 80002f30
core 0: 80002f34 (083f2823) mem 80002fc0 00000001
core 0: 80002f38 (ff9ff06f) x0 80002f3c
core 0: 80002f30 (00000f17) x30 80002f30
core 0: 80002f34 (083f2823) mem 80002fc0 00000001
core 0: 80002f38 (ff9ff06f) x0 80002f3c
core 0: 80002f30 (00000f17) x30 80002f30
core 0: 80002f34 (083f2823) mem 80002fc0 00000001
core 0: 80002f38 (ff9ff06f) x0 80002f3c
core 0: 80002f30 (00000f17) x30 80002f30
core 0: 80002f34 (083f2823) mem 80002fc0 00000001
core 0: 80002f38 (ff9ff06f) x0 80002f3c
core 0: 80002f30 (00000f17) x30 80002f30
core 0: 80002f34 (083f2823) mem 80002fc0 00000001
core 0: 80002f38 (ff9ff06f) x0 80002f3c
core 0: 80002f30 (00000f17) x30 80002f30
core 0: 80002f34 (083f2823) mem 80002fc0 00000001
core 0: 80002f38 (ff9ff06f) x0 80002f3c
core 0: 80002f30 (00000f17) x30 80002f30
core 0: 80002f34 (083f2823) mem 80002fc0 00000001
core 0: 80002f38 (ff9ff06f) x0 80002f3c
core 0: 80002f30 (00000f17) x30 80002f30
core 0: 80002f34 (083f2823) mem 80002fc0 00000001
core 0: 80002f38 (ff9ff06f) x0 80002f3c
core 0: 80002f30 (00000f17) x30 80002f30
core 0: 80002f34 (083f2823) mem 80002fc0 00000001
core 0: 80002f38 (ff9ff06f) x0 80002f3c
core 0: 80002f30 (00000f17) x30 80002f30
core 0: 80002f34 (083f2823) mem 80002fc0 00000001
core 0: 80002f38 (ff9ff06f) x0 80002f3c
core 0: 80002f30 (00000f17) x30 80002f30
core 0: 80002f34 (083f2823) mem 80002fc0 00000001
core 0: 80002f38 (ff9ff06f) x0 80002f3c
core 0: 80002f30 (00000f17) x30 80002f30
core 0: 80002f34 (083f2823) mem 80002fc0 00000001
core 0: 80002f38 (ff9ff06f) x0 80002f3c
core 0: 80002f30 (00000f17) x30 80002f30
core 0: 80002f34 (083f2823) mem 80002fc0 00000001
core 0: 80002f38 (ff9ff06f) x0 80002f3c
core 0: 80002f30 (00000f17) x30 80002f30
core 0: 80002f34 (083f2823) mem 80002fc0 00000001
core 0: 80002f38 (ff9ff06f) x0 80002f3c
core 0: 80002f30 (00000f17) x30 80002f30
core 0: 80002f34 (083f2823) mem 80002fc0 00000001
core 0: 80002f38 (ff9ff06f) x0 80002f3c
core 0: 80002f30 (00000f17) x30 80002f30
core 0: 80002f34 (083f2823) mem 80002fc0 00000001
core 0: 80002f38 (ff9ff06f) x0 80002f3c
core 0: 80002f30 (00000f17) x30 80002f30
core 0: 80002f34 (083f2823) mem 80002fc0 00000001
core 0: 80002f38 (ff9ff06f) x0 80002f3c
core 0: 80002f30 (00000f17) x30 80002f30
core 0: 80002f34 (083f2823) mem 80002fc0 00000001
core 0: 80002f38 (ff9ff06f) x0 80002f3c
core 0: 80002f30 (00000f17) x30 80002f30
core 0: 80002f34 (083f2823) mem 80002fc0 00000001
core 0: 80002f38 (ff9ff06f) x0 80002f3c
core 0: 80002f30 (00000f17) x30 80002f30
core 0: 80002f34 (083f2823) mem 80002fc0 00000001
core 0: 80002f38 (ff9ff06f) x0 80002f3c
core 0: 80002f30 (00000f17) x30 80002f30
core 0: 80002f34 (083f2823) mem 80002fc0 00000001
core 0: 80002f38 (ff9ff06f) x0 80002f3c
core 0: 80002f30 (00000f17) x30 80002f30
core 0: 80002f34 (083f2823) mem 80002fc0 00000001
core 0: 80002f38 (ff9ff06f) x0 80002f3c
core 0: 80002f30 (00000f17) x30 80002f30
core 0: 80002f34 (083f2823) mem 80002fc0 00000001
core 0: 80002f38 (ff9ff06f) x0 80002f3c
core 0: 80002f30 (00000f17) x30 80002f30
core 0: 80002f34 (083f2823) mem 80002fc0 00000001
core 0: 80002f38 (ff9ff06f) x0 80002f3c
core 0: 80002f30 (00000f17) x30 80002f30
core 0: 80002f34 (083f2823) mem 80002fc0 00000001
core 0: 80002f38 (ff9ff06f) x0 80002f3c
core 0: 80002f30 (00000f17) x30 80002f30
core 0: 80002f34 (083f2823) mem 80002fc0 00000001
core 0: 80002f38 (ff9ff06f) x0 80002f3c
core 0: 80002f30 (00000f17) x30 80002f30
core 0: 80002f34 (083f2823) mem 80002fc0 00000001
core 0: 80002f38 (ff9ff06f) x0 80002f3c
core 0: 80002f30 (00000f17) x30 80002f30
core 0: 80002f34 (083f2823) mem 80002fc0 00000001
core 0: 80002f38 (ff9ff06f) x0 80002f3c
core 0: 80002f30 (00000f17) x30 80002f30
core 0: 80002f34 (083f2823) mem 80002fc0 00000001
core 0: 80002f38 (ff9ff06f) x0 80002f3c
core 0: 80002f30 (00000f17) x30 80002f30
core 0: 80002f34 (083f2823) mem 80002fc0 00000001
core 0: 80002f38 (ff9ff06f) x0 80002f3c
core 0: 80002f30 (00000f17) x30 80002f30
core 0: 80002f34 (083f2823) mem 80002fc0 00000001
core 0: 80002f38 (ff9ff06f) x0 80002f3c
core 0: 80002f30 (00000f17) x30 80002f30
core 0: 80002f34 (083f2823) mem 80002fc0 00000001
core 0: 80002f38 (ff9ff06f) x0 80002f3c
core 0: 80002f30 (00000f17) x30 80002f30
core 0: 80002f34 (083f2823) mem 80002fc0 00000001
core 0: 80002f38 (ff9ff06f) x0 80002f3c
core 0: 80002f30 (00000f17) x30 80002f30
core 0: 80002f34 (083f2823) mem 80002fc0 00000001
core 0: 80002f38 (ff9ff06f) x0 80002f3c
core 0: 80002f30 (00000f17) x30 80002f30
core 0: 80002f34 (083f2823) mem 80002fc0 00000001
core 0: 80002f38 (ff9ff06f) x0 80002f3c
core 0: 80002f30 (00000f17) x30 80002f30
core 0: 80002f34 (083f2823) mem 80002fc0 00000001
core 0: 80002f38 (ff9ff06f) x0 80002f3c
core 0: 80002f30 (00000f17) x30 80002f30
core 0: 80002f34 (083f2823) mem 80002fc0 00000001
core 0: 80002f38 (ff9ff06f) x0 80002f3c
core 0: 80002f30 (00000f17) x30 80002f30
core 0: 80002f34 (083f2823) mem 80002fc0 00000001
core 0: 80002f38 (ff9ff06f) x0 80002f3c
core 0: 80002f30 (00000f17) x30 80002f30
core 0: 80002f34 (083f2823) mem 80002fc0 00000001
core 0: 80002f38 (ff9ff06f) x0 80002f3c
core 0: 80002f30 (00000f17) x30 80002f30
core 0: 80002f34 (083f2823) mem 80002fc0 00000001
core 0: 80002f38 (ff9ff06f) x0 80002f3c
core 0: 80002f30 (00000f17) x30 80002f30
core 0: 80002f34 (083f2823) mem 80002fc0 00000001
core 0: 80002f38 (ff9ff06f) x0 80002f3c
core 0: 80002f30 (00000f17) x30 80002f30
core 0: 80002f34 (083f2823) mem 80002fc0 00000001
core 0: 80002f38 (ff9ff06f) x0 80002f3c
core 0: 80002f30 (00000f17) x30 80002f30
core 0: 80002f34 (083f2823) mem 80002fc0 00000001
core 0: 80002f38 (ff9ff06f) x0 80002f3c
core 0: 80002f30 (00000f17) x30 80002f30
core 0: 80002f34 (083f2823) mem 80002fc0 00000001
core 0: 80002f38 (ff9ff06f) x0 80002f3c
core 0: 80002f30 (00000f17) x30 80002f30
core 0: 80002f34 (083f2823) mem 80002fc0 00000001
core 0: 80002f38 (ff9ff06f) x0 80002f3c
core 0: 80002f30 (00000f17) x30 80002f30
core 0: 80002f34 (083f2823) mem 80002fc0 00000001
core 0: 80002f38 (ff9ff06f) x0 80002f3c
core 0: 80002f30 (00000f17) x30 80002f30
core 0: 80002f34 (083f2823) mem 80002fc0 00000001
core 0: 80002f38 (ff9ff06f) x0 80002f3c
core 0: 80002f30 (00000f17) x30 80002f30
core 0: 80002f34 (083f2823) mem 80002fc0 00000001
core 0: 80002f38 (ff9ff06f) x0 80002f3c
core 0: 80002f30 (00000f17) x30 80002f30
core 0: 80002f34 (083f2823) mem 80002fc0 00000001
core 0: 80002f38 (ff9ff06f) x0 80002f3c
core 0: 80002f30 (00000f17) x30 80002f30
core 0: 80002f34 (083f2823) mem 80002fc0 00000001
core 0: 80002f38 (ff9ff06f) x0 80002f3c
core 0: 80002f30 (00000f17) x30 80002f30
core 0: 80002f34 (083f2823) mem 80002fc0 00000001
core 0: 80002f38 (ff9ff06f) x0 80002f3c
core 0: 80002f30 (00000f17) x30 80002f30
core 0: 80002f34 (083f2823) mem 80002fc0 00000001
core 0: 80002f38 (ff9ff06f) x0 80002f3c
core 0: 80002f30 (00000f17) x30 80002f30
core 0: 80002f34 (083f2823) mem 80002fc0 00000001
core 0: 80002f38 (ff9ff06f) x0 80002f3c
core 0: 80002f30 (00000f17) x30 80002f30
core 0: 80002f34 (083f2823) mem 80002fc0 00000001
core 0: 80002f38 (ff9ff06f) x0 80002f3c
core 0: 80002f30 (00000f17) x30 80002f30
core 0: 80002f34 (083f2823) mem 80002fc0 00000001
core 0: 80002f38 (ff9ff06f) x0 80002f3c
core 0: 80002f30 (00000f17) x30 80002f30
core 0: 80002f34 (083f2823) mem 80002fc0 00000001
core 0: 80002f38 (ff9ff06f) x0 80002f3c
core 0: 80002f30 (00000f17) x30 80002f30
core 0: 80002f34 (083f2823) mem 80002fc0 00000001
core 0: 80002f38 (ff9ff06f) x0 80002f3c
core 0: 80002f30 (00000f17) x30 80002f30
core 0: 80002f34 (083f2823) mem 80002fc0 00000001
core 0: 80002f38 (ff9ff06f) x0 80002f3c
core 0: 80002f30 (00000f17) x30 80002f30
core 0: 80002f34 (083f2823) mem 80002fc0 00000001
core 0: 80002f38 (ff9ff06f) x0 80002f3c
core 0: 80002f30 (00000f17) x30 80002f30
core 0: 80002f34 (083f2823) mem 80002fc0 00000001
core 0: 80002f38 (ff9ff06f) x0 80002f3c
core 0: 80002f30 (00000f17) x30 80002f30
core 0: 80002f34 (083f2823) mem 80002fc0 00000001
core 0: 80002f38 (ff9ff06f) x0 80002f3c
core 0: 80002f30 (00000f17) x30 80002f30
core 0: 80002f34 (083f2823) mem 80002fc0 00000001
core 0: 80002f38 (ff9ff06f) x0 80002f3c
core 0: 80002f30 (00000f17) x30 80002f30
core 0: 80002f34 (083f2823) mem 80002fc0 00000001
core 0: 80002f38 (ff9ff06f) x0 80002f3c
core 0: 80002f30 (00000f17) x30 80002f30
core 0: 80002f34 (083f2823) mem 80002fc0 00000001
core 0: 80002f38 (ff9ff06f) x0 80002f3c
core 0: 80002f30 (00000f17) x30 80002f30
core 0: 80002f34 (083f2823) mem 80002fc0 00000001
core 0: 80002f38 (ff9ff06f) x0 80002f3c
core 0: 80002f30 (00000f17) x30 80002f30
core 0: 80002f34 (083f2823) mem 80002fc0 00000001
core 0: 80002f38 (ff9ff06f) x0 80002f3c
core 0: 80002f30 (00000f17) x30 80002f30
core 0: 80002f34 (083f2823) mem 80002fc0 00000001
core 0: 80002f38 (ff9ff06f) x0 80002f3c
core 0: 80002f30 (00000f17) x30 80002f30
core 0: 80002f34 (083f2823) mem 80002fc0 00000001
core 0: 80002f38 (ff9ff06f) x0 80002f3c
core 0: 80002f30 (00000f17) x30 80002f30
core 0: 80002f34 (083f2823) mem 80002fc0 00000001
core 0: 80002f38 (ff9ff06f) x0 80002f3c
core 0: 80002f30 (00000f17) x30 80002f30
core 0: 80002f34 (083f2823) mem 80002fc0 00000001
core 0: 80002f38 (ff9ff06f) x0 80002f3c
core 0: 80002f30 (00000f17) x30 80002f30
core 0: 80002f34 (083f2823) mem 80002fc0 00000001
core 0: 80002f38 (ff9ff06f) x0 80002f3c
core 0: 80002f30 (00000f17) x30 80002f30
core 0: 80002f34 (083f2823) mem 80002fc0 00000001
core 0: 80002f38 (ff9ff06f) x0 80002f3c
core 0: 80002f30 (00000f17) x30 80002f30
core 0: 80002f34 (083f2823) mem 80002fc0 00000001
core 0: 80002f38 (ff9ff06f) x0 80002f3c
core 0: 80002f30 (00000f17) x30 80002f30
core 0: 80002f34 (083f2823) mem 80002fc0 00000001
core 0: 80002f38 (ff9ff06f) x0 80002f3c
core 0: 80002f30 (00000f17) x30 80002f30
core 0: 80002f34 (083f2823) mem 80002fc0 00000001
core 0: 80002f38 (ff9ff06f) x0 80002f3c
core 0: 80002f30 (00000f17) x30 80002f30
core 0: 80002f34 (083f2823) mem 80002fc0 00000001
core 0: 80002f38 (ff9ff06f) x0 80002f3c
core 0: 80002f30 (00000f17) x30 80002f30
core 0: 80002f34 (083f2823) mem 80002fc0 00000001
core 0: 80002f38 (ff9ff06f) x0 80002f3c
core 0: 80002f30 (00000f17) x30 80002f30
core 0: 80002f34 (083f2823) mem 80002fc0 00000001
core 0: 80002f38 (ff9ff06f) x0 80002f3c
core 0: 80002f30 (00000f17) x30 80002f30
core 0: 80002f34 (083f2823) mem 80002fc0 00000001
core 0: 80002f38 (ff9ff06f) x0 80002f3c
core 0: 80002f30 (00000f17) x30 80002f30
core 0: 80002f34 (083f2823) mem 80002fc0 00000001
core 0: 80002f38 (ff9ff06f) x0 80002f3c
core 0: 80002f30 (00000f17) x30 80002f30
core 0: 80002f34 (083f2823) mem 80002fc0 00000001
core 0: 80002f38 (ff9ff06f) x0 80002f3c
core 0: 80002f30 (00000f17) x30 80002f30
core 0: 80002f34 (083f2823) mem 80002fc0 00000001
core 0: 80002f38 (ff9ff06f) x0 80002f3c
core 0: 80002f30 (00000f17) x30 80002f30
core 0: 80002f34 (083f2823) mem 80002fc0 00000001
core 0: 80002f38 (ff9ff06f) x0 80002f3c
core 0: 80002f30 (00000f17) x30 80002f30
core 0: 80002f34 (083f2823) mem 80002fc0 00000001
core 0: 80002f38 (ff9ff06f) x0 80002f3c
core 0: 80002f30 (00000f17) x30 80002f30
core 0: 80002f34 (083f2823) mem 80002fc0 00000001
core 0: 80002f38 (ff9ff06f) x0 80002f3c
core 0: 80002f30 (00000f17) x30 80002f30
core 0: 80002f34 (083f2823) mem 80002fc0 00000001
core 0: 80002f38 (ff9ff06f) x0 80002f3c
core 0: 80002f30 (00000f17) x30 80002f30
core 0: 80002f34 (083f2823) mem 80002fc0 00000001
core 0: 80002f38 (ff9ff06f) x0 80002f3c
core 0: 80002f30 (00000f17) x30 80002f30
core 0: 80002f34 (083f2823) mem 80002fc0 00000001
core 0: 80002f38 (ff9ff06f) x0 80002f3c
core 0: 80002f30 (00000f17) x30 80002f30
core 0: 80002f34 (083f2823) mem 80002fc0 00000001
core 0: 80002f38 (ff9ff06f) x0 80002f3c
core 0: 80002f30 (00000f17) x30 80002f30
core 0: 80002f34 (083f2823) mem 80002fc0 00000001
core 0: 80002f38 (ff9ff06f) x0 80002f3c
core 0: 80002f30 (00000f17) x30 80002f30
core 0: 80002f34 (083f2823) mem 80002fc0 00000001
core 0: 80002f38 (ff9ff06f) x0 80002f3c
core 0: 80002f30 (00000f17) x30 80002f30
core 0: 80002f34 (083f2823) mem 80002fc0 00000001
core 0: 80002f38 (ff9ff06f) x0 80002f3c
core 0: 80002f30 (00000f17) x30 80002f30
core 0: 80002f34 (083f2823) mem 80002fc0 00000001
core 0: 80002f38 (ff9ff06f) x0 80002f3c
core 0: 80002f30 (00000f17) x30 80002f30
core 0: 80002f34 (083f2823) mem 80002fc0 00000001
core 0: 80002f38 (ff9ff06f) x0 80002f3c
core 0: 80002f30 (00000f17) x30 80002f30
core 0: 80002f34 (083f2823) mem 80002fc0 00000001
core 0: 80002f38 (ff9ff06f) x0 80002f3c
core 0: 80002f30 (00000f17) x30 80002f30
core 0: 80002f34 (083f2823) mem 80002fc0 00000001
core 0: 80002f38 (ff9ff06f) x0 80002f3c
core 0: 80002f30 (00000f17) x30 80002f30
core 0: 80002f34 (083f2823) mem 80002fc0 00000001
core 0: 80002f38 (ff9ff06f) x0 80002f3c
core 0: 80002f30 (00000f17) x30 80002f30
core 0: 80002f34 (083f2823) mem 80002fc0 00000001
core 0: 80002f38 (ff9ff06f) x0 80002f3c
core 0: 80002f30 (00000f17) x30 80002f30
core 0: 80002f34 (083f2823) mem 80002fc0 00000001
core 0: 80002f38 (ff9ff06f) x0 80002f3c
core 0: 80002f30 (00000f17) x30 80002f30
core 0: 80002f34 (083f2823) mem 80002fc0 00000001
core 0: 80002f38 (ff9ff06f) x0 80002f3c
core 0: 80002f30 (00000f17) x30 80002f30
core 0: 80002f34 (083f2823) mem 80002fc0 00000001
core 0: 80002f38 (ff9ff06f) x0 80002f3c
core 0: 80002f30 (00000f17) x30 80002f30
core 0: 80002f34 (083f2823) mem 80002fc0 00000001
core 0: 80002f38 (ff9ff06f) x0 80002f3c
core 0: 80002f30 (00000f17) x30 80002f30
core 0: 80002f34 (083f2823) mem 80002fc0 00000001
core 0: 80002f38 (ff9ff06f) x0 80002f3c
core 0: 80002f30 (00000f17) x30 80002f30
core 0: 80002f34 (083f2823) mem 80002fc0 00000001
core 0: 80002f38 (ff9ff06f) x0 80002f3c
core 0: 80002f30 (00000f17) x30 80002f30
core 0: 80002f34 (083f2823) mem 80002fc0 00000001
core 0: 80002f38 (ff9ff06f) x0 80002f3c
core 0: 80002f30 (00000f17) x30 80002f30
core 0: 80002f34 (083f2823) mem 80002fc0 00000001
core 0: 80002f38 (ff9ff06f) x0 80002f3c
core 0: 80002f30 (00000f17) x30 80002f30
core 0: 80002f34 (083f2823) mem 80002fc0 00000001
core 0: 80002f38 (ff9ff06f) x0 80002f3c
core 0: 80002f30 (00000f17) x30 80002f30
core 0: 80002f34 (083f2823) mem 80002fc0 00000001
core 0: 80002f38 (ff9ff06f) x0 80002f3c
core 0: 80002f30 (00000f17) x30 80002f30
core 0: 80002f34 (083f2823) mem 80002fc0 00000001
core 0: 80002f38 (ff9ff06f) x0 80002f3c
core 0: 80002f30 (00000f17) x30 80002f30
core 0: 80002f34 (083f2823) mem 80002fc0 00000001
core 0: 80002f38 (ff9ff06f) x0 80002f3c
core 0: 80002f30 (00000f17) x30 80002f30
core 0: 80002f34 (083f2823) mem 80002fc0 00000001
core 0: 80002f38 (ff9ff06f) x0 80002f3c
core 0: 80002f30 (00000f17) x30 80002f30
core 0: 80002f34 (083f2823) mem 80002fc0 00000001
core 0: 80002f38 (ff9ff06f) x0 80002f3c
core 0: 80002f30 (00000f17) x30 80002f30
core 0: 80002f34 (083f2823) mem 80002fc0 00000001
core 0: 80002f38 (ff9ff06f) x0 80002f3c
core 0: 80002f30 (00000f17) x30 80002f30
core 0: 80002f34 (083f2823) mem 80002fc0 00000001
core 0: 80002f38 (ff9ff06f) x0 80002f3c
core 0: 80002f30 (00000f17) x30 80002f30
core 0: 80002f34 (083f2823) mem 80002fc0 00000001
core 0: 80002f38 (ff9ff06f) x0 80002f3c
core 0: 80002f30 (00000f17) x30 80002f30
core 0: 80002f34 (083f2823) mem 80002fc0 00000001
core 0: 80002f38 (ff9ff06f) x0 80002f3c
core 0: 80002f30 (00000f17) x30 80002f30
core 0: 80002f34 (083f2823) mem 80002fc0 00000001
core 0: 80002f38 (ff9ff06f) x0 80002f3c
core 0: 80002f30 (00000f17) x30 80002f30
core 0: 80002f34 (083f2823) mem 80002fc0 00000001
core 0: 80002f38 (ff9ff06f) x0 80002f3c
core 0: 80002f30 (00000f17) x30 80002f30
core 0: 80002f34 (083f2823) mem 80002fc0 00000001
core 0: 80002f38 (ff9ff06f) x0 80002f3c
core 0: 80002f30 (00000f17) x30 80002f30
core 0: 80002f34 (083f2823) mem 80002fc0 00000001
core 0: 80002f38 (ff9ff06f) x0 80002f3c
core 0: 80002f30 (00000f17) x30 80002f30
core 0: 80002f34 (083f2823) mem 80002fc0 00000001
core 0: 80002f38 (ff9ff06f) x0 80002f3c
core 0: 80002f30 (00000f17) x30 80002f30
core 0: 80002f34 (083f2823) mem 80002fc0 00000001
core 0: 80002f38 (ff9ff06f) x0 80002f3c
core 0: 80002f30 (00000f17) x30 80002f30
core 0: 80002f34 (083f2823) mem 80002fc0 00000001
core 0: 80002f38 (ff9ff06f) x0 80002f3c
core 0: 80002f30 (00000f17) x30 80002f30
core 0: 80002f34 (083f2823) mem 80002fc0 00000001
core 0: 80002f38 (ff9ff06f) x0 80002f3c
core 0: 80002f30 (00000f17) x30 80002f30
core 0: 80002f34 (083f2823) mem 80002fc0 00000001
core 0: 80002f38 (ff9ff06f) x0 80002f3c
core 0: 80002f30 (00000f17) x30 80002f30
core 0: 80002f34 (083f2823) mem 80002fc0 00000001
core 0: 80002f38 (ff9ff06f) x0 80002f3c
core 0: 80002f30 (00000f17) x30 80002f30
core 0: 80002f34 (083f2823) mem 80002fc0 00000001
core 0: 80002f38 (ff9ff06f) x0 80002f3c
core 0: 80002f30 (00000f17) x30 80002f30
core 0: 80002f34 (083f2823) mem 80002fc0 00000001
core 0: 80002f38 (ff9ff06f) x0 80002f3c
core 0: 80002f30 (00000f17) x30 80002f30
core 0: 80002f34 (083f2823) mem 80002fc0 00000001
core 0: 80002f38 (ff9ff06f) x0 80002f3c
core 0: 80002f30 (00000f17) x30 80002f30
core 0: 80002f34 (083f2823) mem 80002fc0 00000001
core 0: 80002f38 (ff9ff06f) x0 80002f3c
core 0: 80002f30 (00000f17) x30 80002f30
core 0: 80002f34 (083f2823) mem 80002fc0 00000001
core 0: 80002f38 (ff9ff06f) x0 80002f3c
core 0: 80002f30 (00000f17) x30 80002f30
core 0: 80002f34 (083f2823) mem 80002fc0 00000001
core 0: 80002f38 (ff9ff06f) x0 80002f3c
core 0: 80002f30 (00000f17) x30 80002f30
core 0: 80002f34 (083f2823) mem 80002fc0 00000001
core 0: 80002f38 (ff9ff06f) x0 80002f3c
core 0: 80002f30 (00000f17) x30 80002f30
core 0: 80002f34 (083f2823) mem 80002fc0 00000001
core 0: 80002f38 (ff9ff06f) x0 80002f3c
core 0: 80002f30 (00000f17) x30 80002f30
core 0: 80002f34 (083f2823) mem 80002fc0 00000001
core 0: 80002f38 (ff9ff06f) x0 80002f3c
core 0: 80002f30 (00000f17) x30 80002f30
core 0: 80002f34 (083f2823) mem 80002fc0 00000001
core 0: 80002f38 (ff9ff06f) x0 80002f3c
core 0: 80002f30 (00000f17) x30 80002f30
core 0: 80002f34 (083f2823) mem 80002fc0 00000001
core 0: 80002f38 (ff9ff06f) x0 80002f3c
core 0: 80002f30 (00000f17) x30 80002f30
core 0: 80002f34 (083f2823) mem 80002fc0 00000001
core 0: 80002f38 (ff9ff06f) x0 80002f3c
core 0: 80002f30 (00000f17) x30 80002f30
core 0: 80002f34 (083f2823) mem 80002fc0 00000001
core 0: 80002f38 (ff9ff06f) x0 80002f3c
core 0: 80002f30 (00000f17) x30 80002f30
core 0: 80002f34 (083f2823) mem 80002fc0 00000001
core 0: 80002f38 (ff9ff06f) x0 80002f3c
core 0: 80002f30 (00000f17) x30 80002f30
core 0: 80002f34 (083f2823) mem 80002fc0 00000001
core 0: 80002f38 (ff9ff06f) x0 80002f3c
core 0: 80002f30 (00000f17) x30 80002f30
core 0: 80002f34 (083f2823) mem 80002fc0 00000001
core 0: 80002f38 (ff9ff06f) x0 80002f3c
core 0: 80002f30 (00000f17) x30 80002f30
core 0: 80002f34 (083f2823) mem 80002fc0 00000001
core 0: 80002f38 (ff9ff06f) x0 80002f3c
core 0: 80002f30 (00000f17) x30 80002f30
core 0: 80002f34 (083f2823) mem 80002fc0 00000001
core 0: 80002f38 (ff9ff06f) x0 80002f3c
core 0: 80002f30 (00000f17) x30 80002f30
core 0: 80002f34 (083f2823) mem 80002fc0 00000001
core 0: 80002f38 (ff9ff06f) x0 80002f3c
core 0: 80002f30 (00000f17) x30 80002f30
core 0: 80002f34 (083f2823) mem 80002fc0 00000001
core 0: 80002f38 (ff9ff06f) x0 80002f3c
core 0: 80002f30 (00000f17) x30 80002f30
core 0: 80002f34 (083f2823) mem 80002fc0 00000001
core 0: 80002f38 (ff9ff06f) x0 80002f3c
core 0: 80002f30 (00000f17) x30 80002f30
core 0: 80002f34 (083f2823) mem 80002fc0 00000001
core 0: 80002f38 (ff9ff06f) x0 80002f3c
core 0: 80002f30 (00000f17) x30 80002f30
core 0: 80002f34 (083f2823) mem 80002fc0 00000001
core 0: 80002f38 (ff9ff06f) x0 80002f3c
core 0: 80002f30 (00000f17) x30 80002f30
core 0: 80002f34 (083f2823) mem 80002fc0 00000001
core 0: 80002f38 (ff9ff06f) x0 80002f3c
core 0: 80002f30 (00000f17) x30 80002f30
core 0: 80002f34 (083f2823) mem 80002fc0 00000001
core 0: 80002f38 (ff9ff06f) x0 80002f3c
core 0: 80002f30 (00000f17) x30 80002f30
core 0: 80002f34 (083f2823) mem 80002fc0 00000001
core 0: 80002f38 (ff9ff06f) x0 80002f3c
core 0: 80002f30 (00000f17) x30 80002f30
core 0: 80002f34 (083f2823) mem 80002fc0 00000001
core 0: 80002f38 (ff9ff06f) x0 80002f3c
core 0: 80002f30 (00000f17) x30 80002f30
core 0: 80002f34 (083f2823) mem 80002fc0 00000001
core 0: 80002f38 (ff9ff06f) x0 80002f3c
core 0: 80002f30 (00000f17) x30 80002f30
core 0: 80002f34 (083f2823) mem 80002fc0 00000001
core 0: 80002f38 (ff9ff06f) x0 80002f3c
core 0: 80002f30 (00000f17) x30 80002f30
core 0: 80002f34 (083f2823) mem 80002fc0 00000001
core 0: 80002f38 (ff9ff06f) x0 80002f3c
core 0: 80002f30 (00000f17) x30 80002f30
core 0: 80002f34 (083f2823) mem 80002fc0 00000001
core 0: 80002f38 (ff9ff06f) x0 80002f3c
core 0: 80002f30 (00000f17) x30 80002f30
core 0: 80002f34 (083f2823) mem 80002fc0 00000001
core 0: 80002f38 (ff9ff06f) x0 80002f3c
core 0: 80002f30 (00000f17) x30 80002f30
core 0: 80002f34 (083f2823) mem 80002fc0 00000001
core 0: 80002f38 (ff9ff06f) x0 80002f3c
core 0: 80002f30 (00000f17) x30 80002f30
core 0: 80002f34 (083f2823) mem 80002fc0 00000001
core 0: 80002f38 (ff9ff06f) x0 80002f3c
core 0: 80002f30 (00000f17) x30 80002f30
core 0: 80002f34 (083f2823) mem 80002fc0 00000001
core 0: 80002f38 (ff9ff06f) x0 80002f3c
core 0: 80002f30 (00000f17) x30 80002f30
core 0: 80002f34 (083f2823) mem 80002fc0 00000001
core 0: 80002f38 (ff9ff06f) x0 80002f3c
core 0: 80002f30 (00000f17) x30 80002f30
core 0: 80002f34 (083f2823) mem 80002fc0 00000001
core 0: 80002f38 (ff9ff06f) x0 80002f3c
core 0: 80002f30 (00000f17) x30 80002f30
core 0: 80002f34 (083f2823) mem 80002fc0 00000001
core 0: 80002f38 (ff9ff06f) x0 80002f3c
core 0: 80002f30 (00000f17) x30 80002f30
core 0: 80002f34 (083f2823) mem 80002fc0 00000001
core 0: 80002f38 (ff9ff06f) x0 80002f3c
core 0: 80002f30 (00000f17) x30 80002f30
core 0: 80002f34 (083f2823) mem 80002fc0 00000001
core 0: 80002f38 (ff9ff06f) x0 80002f3c
core 0: 80002f30 (00000f17) x30 80002f30
core 0: 80002f34 (083f2823) mem 80002fc0 00000001
core 0: 80002f38 (ff9ff06f) x0 80002f3c
core 0: 80002f30 (00000f17) x30 80002f30
core 0: 80002f34 (083f2823) mem 80002fc0 00000001
core 0: 80002f38 (ff9ff06f) x0 80002f3c
core 0: 80002f30 (00000f17) x30 80002f30
core 0: 80002f34 (083f2823) mem 80002fc0 00000001
core 0: 80002f38 (ff9ff06f) x0 80002f3c
core 0: 80002f30 (00000f17) x30 80002f30
core 0: 80002f34 (083f2823) mem 80002fc0 00000001
core 0: 80002f38 (ff9ff06f) x0 80002f3c
core 0: 80002f30 (00000f17) x30 80002f30
core 0: 80002f34 (083f2823) mem 80002fc0 00000001
core 0: 80002f38 (ff9ff06f) x0 80002f3c
core 0: 80002f30 (00000f17) x30 80002f30
core 0: 80002f34 (083f2823) mem 80002fc0 00000001
core 0: 80002f38 (ff9ff06f) x0 80002f3c
core 0: 80002f30 (00000f17) x30 80002f30
core 0: 80002f34 (083f2823) mem 80002fc0 00000001
core 0: 80002f38 (ff9ff06f) x0 80002f3c
core 0: 80002f30 (00000f17) x30 80002f30
core 0: 80002f34 (083f2823) mem 80002fc0 00000001
core 0: 80002f38 (ff9ff06f) x0 80002f3c
core 0: 80002f30 (00000f17) x30 80002f30
core 0: 80002f34 (083f2823) mem 80002fc0 00000001
core 0: 80002f38 (ff9ff06f) x0 80002f3c
core 0: 80002f30 (00000f17) x30 80002f30
core 0: 80002f34 (083f2823) mem 80002fc0 00000001
core 0: 80002f38 (ff9ff06f) x0 80002f3c
core 0: 80002f30 (00000f17) x30 80002f30
core 0: 80002f34 (083f2823) mem 80002fc0 00000001
core 0: 80002f38 (ff9ff06f) x0 80002f3c
core 0: 80002f30 (00000f17) x30 80002f30
core 0: 80002f34 (083f2823) mem 80002fc0 00000001
core 0: 80002f38 (ff9ff06f) x0 80002f3c
core 0: 80002f30 (00000f17) x30 80002f30
core 0: 80002f34 (083f2823) mem 80002fc0 00000001
core 0: 80002f38 (ff9ff06f) x0 80002f3c
core 0: 80002f30 (00000f17) x30 80002f30
core 0: 80002f34 (083f2823) mem 80002fc0 00000001
core 0: 80002f38 (ff9ff06f) x0 80002f3c
core 0: 80002f30 (00000f17) x30 80002f30
core 0: 80002f34 (083f2823) mem 80002fc0 00000001
core 0: 80002f38 (ff9ff06f) x0 80002f3c
core 0: 80002f30 (00000f17) x30 80002f30
core 0: 80002f34 (083f2823) mem 80002fc0 00000001
core 0: 80002f38 (ff9ff06f) x0 80002f3c
core 0: 80002f30 (00000f17) x30 80002f30
core 0: 80002f34 (083f2823) mem 80002fc0 00000001
core 0: 80002f38 (ff9ff06f) x0 80002f3c
core 0: 80002f30 (00000f17) x30 80002f30
core 0: 80002f34 (083f2823) mem 80002fc0 00000001
core 0: 80002f38 (ff9ff06f) x0 80002f3c
core 0: 80002f30 (00000f17) x30 80002f30
core 0: 80002f34 (083f2823) mem 80002fc0 00000001
core 0: 80002f38 (ff9ff06f) x0 80002f3c
core 0: 80002f30 (00000f17) x30 80002f30
core 0: 80002f34 (083f2823) mem 80002fc0 00000001
core 0: 80002f38 (ff9ff06f) x0 80002f3c
core 0: 80002f30 (00000f17) x30 80002f30
core 0: 80002f34 (083f2823) mem 80002fc0 00000001
core 0: 80002f38 (ff9ff06f) x0 80002f3c
core 0: 80002f30 (00000f17) x30 80002f30
core 0: 80002f34 (083f2823) mem 80002fc0 00000001
core 0: 80002f38 (ff9ff06f) x0 80002f3c
core 0: 80002f30 (00000f17) x30 80002f30
core 0: 80002f34 (083f2823) mem 80002fc0 00000001
core 0: 80002f38 (ff9ff06f) x0 80002f3c
core 0: 80002f30 (00000f17) x30 80002f30
core 0: 80002f34 (083f2823) mem 80002fc0 00000001
core 0: 80002f38 (ff9ff06f) x0 80002f3c
core 0: 80002f30 (00000f17) x30 80002f30
core 0: 80002f34 (083f2823) mem 80002fc0 00000001
core 0: 80002f38 (ff9ff06f) x0 80002f3c
core 0: 80002f30 (00000f17) x30 80002f30
core 0: 80002f34 (083f2823) mem 80002fc0 00000001
core 0: 80002f38 (ff9ff06f) x0 80002f3c
core 0: 80002f30 (00000f17) x30 80002f30
core 0: 80002f34 (083f2823) mem 80002fc0 00000001
core 0: 80002f38 (ff9ff06f) x0 80002f3c
core 0: 80002f30 (00000f17) x30 80002f30
core 0: 80002f34 (083f2823) mem 80002fc0 00000001
core 0: 80002f38 (ff9ff06f) x0 80002f3c
core 0: 80002f30 (00000f17) x30 80002f30
core 0: 80002f34 (083f2823) mem 80002fc0 00000001
core 0: 80002f38 (ff9ff06f) x0 80002f3c
core 0: 80002f30 (00000f17) x30 80002f30
core 0: 80002f34 (083f2823) mem 80002fc0 00000001
core 0: 80002f38 (ff9ff06f) x0 80002f3c
core 0: 80002f30 (00000f17) x30 80002f30
core 0: 80002f34 (083f2823) mem 80002fc0 00000001
core 0: 80002f38 (ff9ff06f) x0 80002f3c
core 0: 80002f30 (00000f17) x30 80002f30
core 0: 80002f34 (083f2823) mem 80002fc0 00000001
core 0: 80002f38 (ff9ff06f) x0 80002f3c
core 0: 80002f30 (00000f17) x30 80002f30
core 0: 80002f34 (083f2823) mem 80002fc0 00000001
core 0: 80002f38 (ff9ff06f) x0 80002f3c
core 0: 80002f30 (00000f17) x30 80002f30
core 0: 80002f34 (083f2823) mem 80002fc0 00000001
core 0: 80002f38 (ff9ff06f) x0 80002f3c
core 0: 80002f30 (00000f17) x30 80002f30
core 0: 80002f34 (083f2823) mem 80002fc0 00000001
core 0: 80002f38 (ff9ff06f) x0 80002f3c
core 0: 80002f30 (00000f17) x30 80002f30
core 0: 80002f34 (083f2823) mem 80002fc0 00000001
core 0: 80002f38 (ff9ff06f) x0 80002f3c
core 0: 80002f30 (00000f17) x30 80002f30
core 0: 80002f34 (083f2823) mem 80002fc0 00000001
core 0: 80002f38 (ff9ff06f) x0 80002f3c
core 0: 80002f30 (00000f17) x30 80002f30
core 0: 80002f34 (083f2823) mem 80002fc0 00000001
core 0: 80002f38 (ff9ff06f) x0 80002f3c
core 0: 80002f30 (00000f17) x30 80002f30
core 0: 80002f34 (083f2823) mem 80002fc0 00000001
core 0: 80002f38 (ff9ff06f) x0 80002f3c
core 0: 80002f30 (00000f17) x30 80002f30
core 0: 80002f34 (083f2823) mem 80002fc0 00000001
core 0: 80002f38 (ff9ff06f) x0 80002f3c
core 0: 80002f30 (00000f17) x30 80002f30
core 0: 80002f34 (083f2823) mem 80002fc0 00000001
core 0: 80002f38 (ff9ff06f) x0 80002f3c
core 0: 80002f30 (00000f17) x30 80002f30
core 0: 80002f34 (083f2823) mem 80002fc0 00000001
core 0: 80002f38 (ff9ff06f) x0 80002f3c
core 0: 80002f30 (00000f17) x30 80002f30
core 0: 80002f34 (083f2823) mem 80002fc0 00000001
core 0: 80002f38 (ff9ff06f) x0 80002f3c
core 0: 80002f30 (00000f17) x30 80002f30
core 0: 80002f34 (083f2823) mem 80002fc0 00000001
core 0: 80002f38 (ff9ff06f) x0 80002f3c
core 0: 80002f30 (00000f17) x30 80002f30
core 0: 80002f34 (083f2823) mem 80002fc0 00000001
core 0: 80002f38 (ff9ff06f) x0 80002f3c
core 0: 80002f30 (00000f17) x30 80002f30
core 0: 80002f34 (083f2823) mem 80002fc0 00000001
core 0: 80002f38 (ff9ff06f) x0 80002f3c
core 0: 80002f30 (00000f17) x30 80002f30
core 0: 80002f34 (083f2823) mem 80002fc0 00000001
core 0: 80002f38 (ff9ff06f) x0 80002f3c
core 0: 80002f30 (00000f17) x30 80002f30
core 0: 80002f34 (083f2823) mem 80002fc0 00000001
core 0: 80002f38 (ff9ff06f) x0 80002f3c
core 0: 80002f30 (00000f17) x30 80002f30
core 0: 80002f34 (083f2823) mem 80002fc0 00000001
core 0: 80002f38 (ff9ff06f) x0 80002f3c
core 0: 80002f30 (00000f17) x30 80002f30
core 0: 80002f34 (083f2823) mem 80002fc0 00000001
core 0: 80002f38 (ff9ff06f) x0 80002f3c
core 0: 80002f30 (00000f17) x30 80002f30
core 0: 80002f34 (083f2823) mem 80002fc0 00000001
core 0: 80002f38 (ff9ff06f) x0 80002f3c
core 0: 80002f30 (00000f17) x30 80002f30
core 0: 80002f34 (083f2823) mem 80002fc0 00000001
core 0: 80002f38 (ff9ff06f) x0 80002f3c
core 0: 80002f30 (00000f17) x30 80002f30
core 0: 80002f34 (083f2823) mem 80002fc0 00000001
core 0: 80002f38 (ff9ff06f) x0 80002f3c
core 0: 80002f30 (00000f17) x30 80002f30
core 0: 80002f34 (083f2823) mem 80002fc0 00000001
core 0: 80002f38 (ff9ff06f) x0 80002f3c
core 0: 80002f30 (00000f17) x30 80002f30
core 0: 80002f34 (083f2823) mem 80002fc0 00000001
core 0: 80002f38 (ff9ff06f) x0 80002f3c
core 0: 80002f30 (00000f17) x30 80002f30
core 0: 80002f34 (083f2823) mem 80002fc0 00000001
core 0: 80002f38 (ff9ff06f) x0 80002f3c
core 0: 80002f30 (00000f17) x30 80002f30
core 0: 80002f34 (083f2823) mem 80002fc0 00000001
core 0: 80002f38 (ff9ff06f) x0 80002f3c
core 0: 80002f30 (00000f17) x30 80002f30
core 0: 80002f34 (083f2823) mem 80002fc0 00000001
core 0: 80002f38 (ff9ff06f) x0 80002f3c
core 0: 80002f30 (00000f17) x30 80002f30
core 0: 80002f34 (083f2823) mem 80002fc0 00000001
core 0: 80002f38 (ff9ff06f) x0 80002f3c
core 0: 80002f30 (00000f17) x30 80002f30
core 0: 80002f34 (083f2823) mem 80002fc0 00000001
core 0: 80002f38 (ff9ff06f) x0 80002f3c
core 0: 80002f30 (00000f17) x30 80002f30
core 0: 80002f34 (083f2823) mem 80002fc0 00000001
core 0: 80002f38 (ff9ff06f) x0 80002f3c
core 0: 80002f30 (00000f17) x30 80002f30
core 0: 80002f34 (083f2823) mem 80002fc0 00000001
core 0: 80002f38 (ff9ff06f) x0 80002f3c
core 0: 80002f30 (00000f17) x30 80002f30
core 0: 80002f34 (083f2823) mem 80002fc0 00000001
core 0: 80002f38 (ff9ff06f) x0 80002f3c
core 0: 80002f30 (00000f17) x30 80002f30
core 0: 80002f34 (083f2823) mem 80002fc0 00000001
core 0: 80002f38 (ff9ff06f) x0 80002f3c
core 0: 80002f30 (00000f17) x30 80002f30
core 0: 80002f34 (083f2823) mem 80002fc0 00000001
core 0: 80002f38 (ff9ff06f) x0 80002f3c
core 0: 80002f30 (00000f17) x30 80002f30
core 0: 80002f34 (083f2823) mem 80002fc0 00000001
core 0: 80002f38 (ff9ff06f) x0 80002f3c
core 0: 80002f30 (00000f17) x30 80002f30
core 0: 80002f34 (083f2823) mem 80002fc0 00000001
core 0: 80002f38 (ff9ff06f) x0 80002f3c
core 0: 80002f30 (00000f17) x30 80002f30
core 0: 80002f34 (083f2823) mem 80002fc0 00000001
core 0: 80002f38 (ff9ff06f) x0 80002f3c
core 0: 80002f30 (00000f17) x30 80002f30
core 0: 80002f34 (083f2823) mem 80002fc0 00000001
core 0: 80002f38 (ff9ff06f) x0 80002f3c
core 0: 80002f30 (00000f17) x30 80002f30
core 0: 80002f34 (083f2823) mem 80002fc0 00000001
core 0: 80002f38 (ff9ff06f) x0 80002f3c
core 0: 80002f30 (00000f17) x30 80002f30
core 0: 80002f34 (083f2823) mem 80002fc0 00000001
core 0: 80002f38 (ff9ff06f) x0 80002f3c
core 0: 80002f30 (00000f17) x30 80002f30
core 0: 80002f34 (083f2823) mem 80002fc0 00000001
core 0: 80002f38 (ff9ff06f) x0 80002f3c
core 0: 80002f30 (00000f17) x30 80002f30
core 0: 80002f34 (083f2823) mem 80002fc0 00000001
core 0: 80002f38 (ff9ff06f) x0 80002f3c
core 0: 80002f30 (00000f17) x30 80002f30
core 0: 80002f34 (083f2823) mem 80002fc0 00000001
core 0: 80002f38 (ff9ff06f) x0 80002f3c
core 0: 80002f30 (00000f17) x30 80002f30
core 0: 80002f34 (083f2823) mem 80002fc0 00000001
core 0: 80002f38 (ff9ff06f) x0 80002f3c
core 0: 80002f30 (00000f17) x30 80002f30
core 0: 80002f34 (083f2823) mem 80002fc0 00000001
core 0: 80002f38 (ff9ff06f) x0 80002f3c
core 0: 80002f30 (00000f17) x30 80002f30
core 0: 80002f34 (083f2823) mem 80002fc0 00000001
core 0: 80002f38 (ff9ff06f) x0 80002f3c
core 0: 80002f30 (00000f17) x30 80002f30
core 0: 80002f34 (083f2823) mem 80002fc0 00000001
core 0: 80002f38 (ff9ff06f) x0 80002f3c
core 0: 80002f30 (00000f17) x30 80002f30
core 0: 80002f34 (083f2823) mem 80002fc0 00000001
core 0: 80002f38 (ff9ff06f) x0 80002f3c
core 0: 80002f30 (00000f17) x30 80002f30
core 0: 80002f34 (083f2823) mem 80002fc0 00000001
core 0: 80002f38 (ff9ff06f) x0 80002f3c
core 0: 80002f30 (00000f17) x30 80002f30
core 0: 80002f34 (083f2823) mem 80002fc0 00000001
core 0: 80002f38 (ff9ff06f) x0 80002f3c
core 0: 80002f30 (00000f17) x30 80002f30
core 0: 80002f34 (083f2823) mem 80002fc0 00000001
core 0: 80002f38 (ff9ff06f) x0 80002f3c
core 0: 80002f30 (00000f17) x30 80002f30
core 0: 80002f34 (083f2823) mem 80002fc0 00000001
core 0: 80002f38 (ff9ff06f) x0 80002f3c
core 0: 80002f30 (00000f17) x30 80002f30
core 0: 80002f34 (083f2823) mem 80002fc0 00000001
core 0: 80002f38 (ff9ff06f) x0 80002f3c
core 0: 80002f30 (00000f17) x30 80002f30
core 0: 80002f34 (083f2823) mem 80002fc0 00000001
core 0: 80002f38 (ff9ff06f) x0 80002f3c
core 0: 80002f30 (00000f17) x30 80002f30
core 0: 80002f34 (083f2823) mem 80002fc0 00000001
core 0: 80002f38 (ff9ff06f) x0 80002f3c
core 0: 80002f30 (00000f17) x30 80002f30
core 0: 80002f34 (083f2823) mem 80002fc0 00000001
core 0: 80002f38 (ff9ff06f) x0 80002f3c
core 0: 80002f30 (00000f17) x30 80002f30
core 0: 80002f34 (083f2823) mem 80002fc0 00000001
core 0: 80002f38 (ff9ff06f) x0 80002f3c
core 0: 80002f30 (00000f17) x30 80002f30
core 0: 80002f34 (083f2823) mem 80002fc0 00000001
core 0: 80002f38 (ff9ff06f) x0 80002f3c
core 0: 80002f30 (00000f17) x30 80002f30
core 0: 80002f34 (083f2823) mem 80002fc0 00000001
core 0: 80002f38 (ff9ff06f) x0 80002f3c
core 0: 80002f30 (00000f17) x30 80002f30
core 0: 80002f34 (083f2823) mem 80002fc0 00000001
core 0: 80002f38 (ff9ff06f) x0 80002f3c
core 0: 80002f30 (00000f17) x30 80002f30
core 0: 80002f34 (083f2823) mem 80002fc0 00000001
core 0: 80002f38 (ff9ff06f) x0 80002f3c
core 0: 80002f30 (00000f17) x30 80002f30
core 0: 80002f34 (083f2823) mem 80002fc0 00000001
core 0: 80002f38 (ff9ff06f) x0 80002f3c
core 0: 80002f30 (00000f17) x30 80002f30
core 0: 80002f34 (083f2823) mem 80002fc0 00000001
core 0: 80002f38 (ff9ff06f) x0 80002f3c
core 0: 80002f30 (00000f17) x30 80002f30
core 0: 80002f34 (083f2823) mem 80002fc0 00000001
core 0: 80002f38 (ff9ff06f) x0 80002f3c
core 0: 80002f30 (00000f17) x30 80002f30
core 0: 80002f34 (083f2823) mem 80002fc0 00000001
core 0: 80002f38 (ff9ff06f) x0 80002f3c
core 0: 80002f30 (00000f17) x30 80002f30
core 0: 80002f34 (083f2823) mem 80002fc0 00000001
core 0: 80002f38 (ff9ff06f) x0 80002f3c
core 0: 80002f30 (00000f17) x30 80002f30
core 0: 80002f34 (083f2823) mem 80002fc0 00000001
core 0: 80002f38 (ff9ff06f) x0 80002f3c
core 0: 80002f30 (00000f17) x30 80002f30
core 0: 80002f34 (083f2823) mem 80002fc0 00000001
core 0: 80002f38 (ff9ff06f) x0 80002f3c
core 0: 80002f30 (00000f17) x30 80002f30
core 0: 80002f34 (083f2823) mem 80002fc0 00000001
core 0: 80002f38 (ff9ff06f) x0 80002f3c
core 0: 80002f30 (00000f17) x30 80002f30
core 0: 80002f34 (083f2823) mem 80002fc0 00000001
core 0: 80002f38 (ff9ff06f) x0 80002f3c
core 0: 80002f30 (00000f17) x30 80002f30
core 0: 80002f34 (083f2823) mem 80002fc0 00000001
core 0: 80002f38 (ff9ff06f) x0 80002f3c
core 0: 80002f30 (00000f17) x30 80002f30
core 0: 80002f34 (083f2823) mem 80002fc0 00000001
core 0: 80002f38 (ff9ff06f) x0 80002f3c
core 0: 80002f30 (00000f17) x30 80002f30
core 0: 80002f34 (083f2823) mem 80002fc0 00000001
core 0: 80002f38 (ff9ff06f) x0 80002f3c
core 0: 80002f30 (00000f17) x30 80002f30
core 0: 80002f34 (083f2823) mem 80002fc0 00000001
core 0: 80002f38 (ff9ff06f) x0 80002f3c
core 0: 80002f30 (00000f17) x30 80002f30
core 0: 80002f34 (083f2823) mem 80002fc0 00000001
core 0: 80002f38 (ff9ff06f) x0 80002f3c
core 0: 80002f30 (00000f17) x30 80002f30
core 0: 80002f34 (083f2823) mem 80002fc0 00000001
core 0: 80002f38 (ff9ff06f) x0 80002f3c
core 0: 80002f30 (00000f17) x30 80002f30
core 0: 80002f34 (083f2823) mem 80002fc0 00000001
core 0: 80002f38 (ff9ff06f) x0 80002f3c
core 0: 80002f30 (00000f17) x30 80002f30
core 0: 80002f34 (083f2823) mem 80002fc0 00000001
core 0: 80002f38 (ff9ff06f) x0 80002f3c
core 0: 80002f30 (00000f17) x30 80002f30
core 0: 80002f34 (083f2823) mem 80002fc0 00000001
core 0: 80002f38 (ff9ff06f) x0 80002f3c
core 0: 80002f30 (00000f17) x30 80002f30
core 0: 80002f34 (083f2823) mem 80002fc0 00000001
core 0: 80002f38 (ff9ff06f) x0 80002f3c
core 0: 80002f30 (00000f17) x30 80002f30
core 0: 80002f34 (083f2823) mem 80002fc0 00000001
core 0: 80002f38 (ff9ff06f) x0 80002f3c
core 0: 80002f30 (00000f17) x30 80002f30
core 0: 80002f34 (083f2823) mem 80002fc0 00000001
core 0: 80002f38 (ff9ff06f) x0 80002f3c
core 0: 80002f30 (00000f17) x30 80002f30
core 0: 80002f34 (083f2823) mem 80002fc0 00000001
core 0: 80002f38 (ff9ff06f) x0 80002f3c
core 0: 80002f30 (00000f17) x30 80002f30
core 0: 80002f34 (083f2823) mem 80002fc0 00000001
core 0: 80002f38 (ff9ff06f) x0 80002f3c
core 0: 80002f30 (00000f17) x30 80002f30
core 0: 80002f34 (083f2823) mem 80002fc0 00000001
core 0: 80002f38 (ff9ff06f) x0 80002f3c
core 0: 80002f30 (00000f17) x30 80002f30
core 0: 80002f34 (083f2823) mem 80002fc0 00000001
core 0: 80002f38 (ff9ff06f) x0 80002f3c
core 0: 80002f30 (00000f17) x30 80002f30
core 0: 80002f34 (083f2823) mem 80002fc0 00000001
core 0: 80002f38 (ff9ff06f) x0 80002f3c
core 0: 80002f30 (00000f17) x30 80002f30
core 0: 80002f34 (083f2823) mem 80002fc0 00000001
core 0: 80002f38 (ff9ff06f) x0 80002f3c
core 0: 80002f30 (00000f17) x30 80002f30
core 0: 80002f34 (083f2823) mem 80002fc0 00000001
core 0: 80002f38 (ff9ff06f) x0 80002f3c
core 0: 80002f30 (00000f17) x30 80002f30
core 0: 80002f34 (083f2823) mem 80002fc0 00000001
core 0: 80002f38 (ff9ff06f) x0 80002f3c
core 0: 80002f30 (00000f17) x30 80002f30
core 0: 80002f34 (083f2823) mem 80002fc0 00000001
core 0: 80002f38 (ff9ff06f) x0 80002f3c
core 0: 80002f30 (00000f17) x30 80002f30
core 0: 80002f34 (083f2823) mem 80002fc0 00000001
core 0: 80002f38 (ff9ff06f) x0 80002f3c
core 0: 80002f30 (00000f17) x30 80002f30
core 0: 80002f34 (083f2823) mem 80002fc0 00000001
core 0: 80002f38 (ff9ff06f) x0 80002f3c
core 0: 80002f30 (00000f17) x30 80002f30
core 0: 80002f34 (083f2823) mem 80002fc0 00000001
core 0: 80002f38 (ff9ff06f) x0 80002f3c
core 0: 80002f30 (00000f17) x30 80002f30
core 0: 80002f34 (083f2823) mem 80002fc0 00000001
core 0: 80002f38 (ff9ff06f) x0 80002f3c
core 0: 80002f30 (00000f17) x30 80002f30
core 0: 80002f34 (083f2823) mem 80002fc0 00000001
core 0: 80002f38 (ff9ff06f) x0 80002f3c
core 0: 80002f30 (00000f17) x30 80002f30
core 0: 80002f34 (083f2823) mem 80002fc0 00000001
core 0: 80002f38 (ff9ff06f) x0 80002f3c
core 0: 80002f30 (00000f17) x30 80002f30
core 0: 80002f34 (083f2823) mem 80002fc0 00000001
core 0: 80002f38 (ff9ff06f) x0 80002f3c
core 0: 80002f30 (00000f17) x30 80002f30
core 0: 80002f34 (083f2823) mem 80002fc0 00000001
core 0: 80002f38 (ff9ff06f) x0 80002f3c
core 0: 80002f30 (00000f17) x30 80002f30
core 0: 80002f34 (083f2823) mem 80002fc0 00000001
core 0: 80002f38 (ff9ff06f) x0 80002f3c
core 0: 80002f30 (00000f17) x30 80002f30
core 0: 80002f34 (083f2823) mem 80002fc0 00000001
core 0: 80002f38 (ff9ff06f) x0 80002f3c
core 0: 80002f30 (00000f17) x30 80002f30
core 0: 80002f34 (083f2823) mem 80002fc0 00000001
core 0: 80002f38 (ff9ff06f) x0 80002f3c
core 0: 80002f30 (00000f17) x30 80002f30
core 0: 80002f34 (083f2823) mem 80002fc0 00000001
core 0: 80002f38 (ff9ff06f) x0 80002f3c
core 0: 80002f30 (00000f17) x30 80002f30
core 0: 80002f34 (083f2823) mem 80002fc0 00000001
core 0: 80002f38 (ff9ff06f) x0 80002f3c
core 0: 80002f30 (00000f17) x30 80002f30
core 0: 80002f34 (083f2823) mem 80002fc0 00000001
core 0: 80002f38 (ff9ff06f) x0 80002f3c
core 0: 80002f30 (00000f17) x30 80002f30
core 0: 80002f34 (083f2823) mem 80002fc0 00000001
core 0: 80002f38 (ff9ff06f) x0 80002f3c
core 0: 80002f30 (00000f17) x30 80002f30
core 0: 80002f34 (083f2823) mem 80002fc0 00000001
core 0: 80002f38 (ff9ff06f) x0 80002f3c
core 0: 80002f30 (00000f17) x30 80002f30
core 0: 80002f34 (083f2823) mem 80002fc0 00000001
core 0: 80002f38 (ff9ff06f) x0 80002f3c
core 0: 80002f30 (00000f17) x30 80002f30
core 0: 80002f34 (083f2823) mem 80002fc0 00000001
core 0: 80002f38 (ff9ff06f) x0 80002f3c
core 0: 80002f30 (00000f17) x30 80002f30
core 0: 80002f34 (083f2823) mem 80002fc0 00000001
core 0: 80002f38 (ff9ff06f) x0 80002f3c
core 0: 80002f30 (00000f17) x30 80002f30
core 0: 80002f34 (083f2823) mem 80002fc0 00000001
core 0: 80002f38 (ff9ff06f) x0 80002f3c
core 0: 80002f30 (00000f17) x30 80002f30
core 0: 80002f34 (083f2823) mem 80002fc0 00000001
core 0: 80002f38 (ff9ff06f) x0 80002f3c
core 0: 80002f30 (00000f17) x30 80002f30
core 0: 80002f34 (083f2823) mem 80002fc0 00000001
core 0: 80002f38 (ff9ff06f) x0 80002f3c
core 0: 80002f30 (00000f17) x30 80002f30
core 0: 80002f34 (083f2823) mem 80002fc0 00000001
core 0: 80002f38 (ff9ff06f) x0 80002f3c
core 0: 80002f30 (00000f17) x30 80002f30
core 0: 80002f34 (083f2823) mem 80002fc0 00000001
core 0: 80002f38 (ff9ff06f) x0 80002f3c
core 0: 80002f30 (00000f17) x30 80002f30
core 0: 80002f34 (083f2823) mem 80002fc0 00000001
core 0: 80002f38 (ff9ff06f) x0 80002f3c
core 0: 80002f30 (00000f17) x30 80002f30
core 0: 80002f34 (083f2823) mem 80002fc0 00000001
core 0: 80002f38 (ff9ff06f) x0 80002f3c
core 0: 80002f30 (00000f17) x30 80002f30
core 0: 80002f34 (083f2823) mem 80002fc0 00000001
core 0: 80002f38 (ff9ff06f) x0 80002f3c
core 0: 80002f30 (00000f17) x30 80002f30
core 0: 80002f34 (083f2823) mem 80002fc0 00000001
core 0: 80002f38 (ff9ff06f) x0 80002f3c
core 0: 80002f30 (00000f17) x30 80002f30
core 0: 80002f34 (083f2823) mem 80002fc0 00000001
core 0: 80002f38 (ff9ff06f) x0 80002f3c
core 0: 80002f30 (00000f17) x30 80002f30
core 0: 80002f34 (083f2823) mem 80002fc0 00000001
core 0: 80002f38 (ff9ff06f) x0 80002f3c
core 0: 80002f30 (00000f17) x30 80002f30
core 0: 80002f34 (083f2823) mem 80002fc0 00000001
core 0: 80002f38 (ff9ff06f) x0 80002f3c
core 0: 80002f30 (00000f17) x30 80002f30
core 0: 80002f34 (083f2823) mem 80002fc0 00000001
core 0: 80002f38 (ff9ff06f) x0 80002f3c
core 0: 80002f30 (00000f17) x30 80002f30
core 0: 80002f34 (083f2823) mem 80002fc0 00000001
core 0: 80002f38 (ff9ff06f) x0 80002f3c
core 0: 80002f30 (00000f17) x30 80002f30
core 0: 80002f34 (083f2823) mem 80002fc0 00000001
core 0: 80002f38 (ff9ff06f) x0 80002f3c
core 0: 80002f30 (00000f17) x30 80002f30
core 0: 80002f34 (083f2823) mem 80002fc0 00000001
core 0: 80002f38 (ff9ff06f) x0 80002f3c
core 0: 80002f30 (00000f17) x30 80002f30
core 0: 80002f34 (083f2823) mem 80002fc0 00000001
core 0: 80002f38 (ff9ff06f) x0 80002f3c
core 0: 80002f30 (00000f17) x30 80002f30
core 0: 80002f34 (083f2823) mem 80002fc0 00000001
core 0: 80002f38 (ff9ff06f) x0 80002f3c
core 0: 80002f30 (00000f17) x30 80002f30
core 0: 80002f34 (083f2823) mem 80002fc0 00000001
core 0: 80002f38 (ff9ff06f) x0 80002f3c
core 0: 80002f30 (00000f17) x30 80002f30
core 0: 80002f34 (083f2823) mem 80002fc0 00000001
core 0: 80002f38 (ff9ff06f) x0 80002f3c
core 0: 80002f30 (00000f17) x30 80002f30
core 0: 80002f34 (083f2823) mem 80002fc0 00000001
core 0: 80002f38 (ff9ff06f) x0 80002f3c
core 0: 80002f30 (00000f17) x30 80002f30
core 0: 80002f34 (083f2823) mem 80002fc0 00000001
core 0: 80002f38 (ff9ff06f) x0 80002f3c
core 0: 80002f30 (00000f17) x30 80002f30
core 0: 80002f34 (083f2823) mem 80002fc0 00000001
core 0: 80002f38 (ff9ff06f) x0 80002f3c
core 0: 80002f30 (00000f17) x30 80002f30
core 0: 80002f34 (083f2823) mem 80002fc0 00000001
core 0: 80002f38 (ff9ff06f) x0 80002f3c
core 0: 80002f30 (00000f17) x30 80002f30
core 0: 80002f34 (083f2823) mem 80002fc0 00000001
core 0: 80002f38 (ff9ff06f) x0 80002f3c
core 0: 80002f30 (00000f17) x30 80002f30
core 0: 80002f34 (083f2823) mem 80002fc0 00000001
core 0: 80002f38 (ff9ff06f) x0 80002f3c
core 0: 80002f30 (00000f17) x30 80002f30
core 0: 80002f34 (083f2823) mem 80002fc0 00000001
core 0: 80002f38 (ff9ff06f) x0 80002f3c
core 0: 80002f30 (00000f17) x30 80002f30
core 0: 80002f34 (083f2823) mem 80002fc0 00000001
core 0: 80002f38 (ff9ff06f) x0 80002f3c
core 0: 80002f30 (00000f17) x30 80002f30
core 0: 80002f34 (083f2823) mem 80002fc0 00000001
core 0: 80002f38 (ff9ff06f) x0 80002f3c
core 0: 80002f30 (00000f17) x30 80002f30
core 0: 80002f34 (083f2823) mem 80002fc0 00000001
core 0: 80002f38 (ff9ff06f) x0 80002f3c
core 0: 80002f30 (00000f17) x30 80002f30
core 0: 80002f34 (083f2823) mem 80002fc0 00000001
core 0: 80002f38 (ff9ff06f) x0 80002f3c
core 0: 80002f30 (00000f17) x30 80002f30
core 0: 80002f34 (083f2823) mem 80002fc0 00000001
core 0: 80002f38 (ff9ff06f) x0 80002f3c
core 0: 80002f30 (00000f17) x30 80002f30
core 0: 80002f34 (083f2823) mem 80002fc0 00000001
core 0: 80002f38 (ff9ff06f) x0 80002f3c
core 0: 80002f30 (00000f17) x30 80002f30
core 0: 80002f34 (083f2823) mem 80002fc0 00000001
core 0: 80002f38 (ff9ff06f) x0 80002f3c
core 0: 80002f30 (00000f17) x30 80002f30
core 0: 80002f34 (083f2823) mem 80002fc0 00000001
core 0: 80002f38 (ff9ff06f) x0 80002f3c
core 0: 80002f30 (00000f17) x30 80002f30
core 0: 80002f34 (083f2823) mem 80002fc0 00000001
core 0: 80002f38 (ff9ff06f) x0 80002f3c
core 0: 80002f30 (00000f17) x30 80002f30
core 0: 80002f34 (083f2823) mem 80002fc0 00000001
core 0: 80002f38 (ff9ff06f) x0 80002f3c
core 0: 80002f30 (00000f17) x30 80002f30
core 0: 80002f34 (083f2823) mem 80002fc0 00000001
core 0: 80002f38 (ff9ff06f) x0 80002f3c
core 0: 80002f30 (00000f17) x30 80002f30
core 0: 80002f34 (083f2823) mem 80002fc0 00000001
core 0: 80002f38 (ff9ff06f) x0 80002f3c
core 0: 80002f30 (00000f17) x30 80002f30
core 0: 80002f34 (083f2823) mem 80002fc0 00000001
core 0: 80002f38 (ff9ff06f) x0 80002f3c
core 0: 80002f30 (00000f17) x30 80002f30
core 0: 80002f34 (083f2823) mem 80002fc0 00000001
core 0: 80002f38 (ff9ff06f) x0 80002f3c
core 0: 80002f30 (00000f17) x30 80002f30
core 0: 80002f34 (083f2823) mem 80002fc0 00000001
core 0: 80002f38 (ff9ff06f) x0 80002f3c
core 0: 80002f30 (00000f17) x30 80002f30
core 0: 80002f34 (083f2823) mem 80002fc0 00000001
core 0: 80002f38 (ff9ff06f) x0 80002f3c
core 0: 80002f30 (00000f17) x30 80002f30
core 0: 80002f34 (083f2823) mem 80002fc0 00000001
core 0: 80002f38 (ff9ff06f) x0 80002f3c
core 0: 80002f30 (00000f17) x30 80002f30
core 0: 80002f34 (083f2823) mem 80002fc0 00000001
core 0: 80002f38 (ff9ff06f) x0 80002f3c
core 0: 80002f30 (00000f17) x30 80002f30
core 0: 80002f34 (083f2823) mem 80002fc0 00000001
core 0: 80002f38 (ff9ff06f) x0 80002f3c
core 0: 80002f30 (00000f17) x30 80002f30
core 0: 80002f34 (083f2823) mem 80002fc0 00000001
core 0: 80002f38 (ff9ff06f) x0 80002f3c
core 0: 80002f30 (00000f17) x30 80002f30
core 0: 80002f34 (083f2823) mem 80002fc0 00000001
core 0: 80002f38 (ff9ff06f) x0 80002f3c
core 0: 80002f30 (00000f17) x30 80002f30
core 0: 80002f34 (083f2823) mem 80002fc0 00000001
core 0: 80002f38 (ff9ff06f) x0 80002f3c
core 0: 80002f30 (00000f17) x30 80002f30
core 0: 80002f34 (083f2823) mem 80002fc0 00000001
core 0: 80002f38 (ff9ff06f) x0 80002f3c
core 0: 80002f30 (00000f17) x30 80002f30
core 0: 80002f34 (083f2823) mem 80002fc0 00000001
core 0: 80002f38 (ff9ff06f) x0 80002f3c
core 0: 80002f30 (00000f17) x30 80002f30
core 0: 80002f34 (083f2823) mem 80002fc0 00000001
core 0: 80002f38 (ff9ff06f) x0 80002f3c
core 0: 80002f30 (00000f17) x30 80002f30
core 0: 80002f34 (083f2823) mem 80002fc0 00000001
core 0: 80002f38 (ff9ff06f) x0 80002f3c
core 0: 80002f30 (00000f17) x30 80002f30
core 0: 80002f34 (083f2823) mem 80002fc0 00000001
core 0: 80002f38 (ff9ff06f) x0 80002f3c
core 0: 80002f30 (00000f17) x30 80002f30
core 0: 80002f34 (083f2823) mem 80002fc0 00000001
core 0: 80002f38 (ff9ff06f) x0 80002f3c
core 0: 80002f30 (00000f17) x30 80002f30
core 0: 80002f34 (083f2823) mem 80002fc0 00000001
core 0: 80002f38 (ff9ff06f) x0 80002f3c
core 0: 80002f30 (00000f17) x30 80002f30
core 0: 80002f34 (083f2823) mem 80002fc0 00000001
core 0: 80002f38 (ff9ff06f) x0 80002f3c
core 0: 80002f30 (00000f17) x30 80002f30
core 0: 80002f34 (083f2823) mem 80002fc0 00000001
core 0: 80002f38 (ff9ff06f) x0 80002f3c
core 0: 80002f30 (00000f17) x30 80002f30
core 0: 80002f34 (083f2823) mem 80002fc0 00000001
core 0: 80002f38 (ff9ff06f) x0 80002f3c
core 0: 80002f30 (00000f17) x30 80002f30
core 0: 80002f34 (083f2823) mem 80002fc0 00000001
core 0: 80002f38 (ff9ff06f) x0 80002f3c
core 0: 80002f30 (00000f17) x30 80002f30
core 0: 80002f34 (083f2823) mem 80002fc0 00000001
core 0: 80002f38 (ff9ff06f) x0 80002f3c
core 0: 80002f30 (00000f17) x30 80002f30
core 0: 80002f34 (083f2823) mem 80002fc0 00000001
core 0: 80002f38 (ff9ff06f) x0 80002f3c
core 0: 80002f30 (00000f17) x30 80002f30
core 0: 80002f34 (083f2823) mem 80002fc0 00000001
core 0: 80002f38 (ff9ff06f) x0 80002f3c
core 0: 80002f30 (00000f17) x30 80002f30
core 0: 80002f34 (083f2823) mem 80002fc0 00000001
core 0: 80002f38 (ff9ff06f) x0 80002f3c
core 0: 80002f30 (00000f17) x30 80002f30
core 0: 80002f34 (083f2823) mem 80002fc0 00000001
core 0: 80002f38 (ff9ff06f) x0 80002f3c
core 0: 80002f30 (00000f17) x30 80002f30
core 0: 80002f34 (083f2823) mem 80002fc0 00000001
core 0: 80002f38 (ff9ff06f) x0 80002f3c
core 0: 80002f30 (00000f17) x30 80002f30
core 0: 80002f34 (083f2823) mem 80002fc0 00000001
core 0: 80002f38 (ff9ff06f) x0 80002f3c
core 0: 80002f30 (00000f17) x30 80002f30
core 0: 80002f34 (083f2823) mem 80002fc0 00000001
core 0: 80002f38 (ff9ff06f) x0 80002f3c
core 0: 80002f30 (00000f17) x30 80002f30
core 0: 80002f34 (083f2823) mem 80002fc0 00000001
core 0: 80002f38 (ff9ff06f) x0 80002f3c
core 0: 80002f30 (00000f17) x30 80002f30
core 0: 80002f34 (083f2823) mem 80002fc0 00000001
core 0: 80002f38 (ff9ff06f) x0 80002f3c
core 0: 80002f30 (00000f17) x30 80002f30
core 0: 80002f34 (083f2823) mem 80002fc0 00000001
core 0: 80002f38 (ff9ff06f) x0 80002f3c
core 0: 80002f30 (00000f17) x30 80002f30
core 0: 80002f34 (083f2823) mem 80002fc0 00000001
core 0: 80002f38 (ff9ff06f) x0 80002f3c
core 0: 80002f30 (00000f17) x30 80002f30
core 0: 80002f34 (083f2823) mem 80002fc0 00000001
core 0: 80002f38 (ff9ff06f) x0 80002f3c
core 0: 80002f30 (00000f17) x30 80002f30
core 0: 80002f34 (083f2823) mem 80002fc0 00000001
core 0: 80002f38 (ff9ff06f) x0 80002f3c
core 0: 80002f30 (00000f17) x30 80002f30
core 0: 80002f34 (083f2823) mem 80002fc0 00000001
core 0: 80002f38 (ff9ff06f) x0 80002f3c
core 0: 80002f30 (00000f17) x30 80002f30
core 0: 80002f34 (083f2823) mem 80002fc0 00000001
core 0: 80002f38 (ff9ff06f) x0 80002f3c
core 0: 80002f30 (00000f17) x30 80002f30
core 0: 80002f34 (083f2823) mem 80002fc0 00000001
core 0: 80002f38 (ff9ff06f) x0 80002f3c
core 0: 80002f30 (00000f17) x30 80002f30
core 0: 80002f34 (083f2823) mem 80002fc0 00000001
core 0: 80002f38 (ff9ff06f) x0 80002f3c
core 0: 80002f30 (00000f17) x30 80002f30
core 0: 80002f34 (083f2823) mem 80002fc0 00000001
core 0: 80002f38 (ff9ff06f) x0 80002f3c
core 0: 80002f30 (00000f17) x30 80002f30
core 0: 80002f34 (083f2823) mem 80002fc0 00000001
core 0: 80002f38 (ff9ff06f) x0 80002f3c
core 0: 80002f30 (00000f17) x30 80002f30
core 0: 80002f34 (083f2823) mem 80002fc0 00000001
core 0: 80002f38 (ff9ff06f) x0 80002f3c
core 0: 80002f30 (00000f17) x30 80002f30
core 0: 80002f34 (083f2823) mem 80002fc0 00000001
core 0: 80002f38 (ff9ff06f) x0 80002f3c
core 0: 80002f30 (00000f17) x30 80002f30
core 0: 80002f34 (083f2823) mem 80002fc0 00000001
core 0: 80002f38 (ff9ff06f) x0 80002f3c
core 0: 80002f30 (00000f17) x30 80002f30
core 0: 80002f34 (083f2823) mem 80002fc0 00000001
core 0: 80002f38 (ff9ff06f) x0 80002f3c
core 0: 80002f30 (00000f17) x30 80002f30
core 0: 80002f34 (083f2823) mem 80002fc0 00000001
core 0: 80002f38 (ff9ff06f) x0 80002f3c
core 0: 80002f30 (00000f17) x30 80002f30
core 0: 80002f34 (083f2823) mem 80002fc0 00000001
core 0: 80002f38 (ff9ff06f) x0 80002f3c
core 0: 80002f30 (00000f17) x30 80002f30
core 0: 80002f34 (083f2823) mem 80002fc0 00000001
core 0: 80002f38 (ff9ff06f) x0 80002f3c
core 0: 80002f30 (00000f17) x30 80002f30
core 0: 80002f34 (083f2823) mem 80002fc0 00000001
core 0: 80002f38 (ff9ff06f) x0 80002f3c
core 0: 80002f30 (00000f17) x30 80002f30
core 0: 80002f34 (083f2823) mem 80002fc0 00000001
core 0: 80002f38 (ff9ff06f) x0 80002f3c
core 0: 80002f30 (00000f17) x30 80002f30
core 0: 80002f34 (083f2823) mem 80002fc0 00000001
core 0: 80002f38 (ff9ff06f) x0 80002f3c
core 0: 80002f30 (00000f17) x30 80002f30
core 0: 80002f34 (083f2823) mem 80002fc0 00000001
core 0: 80002f38 (ff9ff06f) x0 80002f3c
core 0: 80002f30 (00000f17) x30 80002f30
core 0: 80002f34 (083f2823) mem 80002fc0 00000001
core 0: 80002f38 (ff9ff06f) x0 80002f3c
core 0: 80002f30 (00000f17) x30 80002f30
core 0: 80002f34 (083f2823) mem 80002fc0 00000001
core 0: 80002f38 (ff9ff06f) x0 80002f3c
core 0: 80002f30 (00000f17) x30 80002f30
core 0: 80002f34 (083f2823) mem 80002fc0 00000001
core 0: 80002f38 (ff9ff06f) x0 80002f3c
core 0: 80002f30 (00000f17) x30 80002f30
core 0: 80002f34 (083f2823) mem 80002fc0 00000001
core 0: 80002f38 (ff9ff06f) x0 80002f3c
core 0: 80002f30 (00000f17) x30 80002f30
core 0: 80002f34 (083f2823) mem 80002fc0 00000001
core 0: 80002f38 (ff9ff06f) x0 80002f3c
core 0: 80002f30 (00000f17) x30 80002f30
core 0: 80002f34 (083f2823) mem 80002fc0 00000001
core 0: 80002f38 (ff9ff06f) x0 80002f3c
core 0: 80002f30 (00000f17) x30 80002f30
core 0: 80002f34 (083f2823) mem 80002fc0 00000001
core 0: 80002f38 (ff9ff06f) x0 80002f3c
core 0: 80002f30 (00000f17) x30 80002f30
core 0: 80002f34 (083f2823) mem 80002fc0 00000001
core 0: 80002f38 (ff9ff06f) x0 80002f3c
core 0: 80002f30 (00000f17) x30 80002f30
core 0: 80002f34 (083f2823) mem 80002fc0 00000001
core 0: 80002f38 (ff9ff06f) x0 80002f3c
core 0: 80002f30 (00000f17) x30 80002f30
core 0: 80002f34 (083f2823) mem 80002fc0 00000001
core 0: 80002f38 (ff9ff06f) x0 80002f3c
core 0: 80002f30 (00000f17) x30 80002f30
core 0: 80002f34 (083f2823) mem 80002fc0 00000001
core 0: 80002f38 (ff9ff06f) x0 80002f3c
core 0: 80002f30 (00000f17) x30 80002f30
core 0: 80002f34 (083f2823) mem 80002fc0 00000001
core 0: 80002f38 (ff9ff06f) x0 80002f3c
core 0: 80002f30 (00000f17) x30 80002f30
core 0: 80002f34 (083f2823) mem 80002fc0 00000001
core 0: 80002f38 (ff9ff06f) x0 80002f3c
core 0: 80002f30 (00000f17) x30 80002f30
core 0: 80002f34 (083f2823) mem 80002fc0 00000001
core 0: 80002f38 (ff9ff06f) x0 80002f3c
core 0: 80002f30 (00000f17) x30 80002f30
core 0: 80002f34 (083f2823) mem 80002fc0 00000001
core 0: 80002f38 (ff9ff06f) x0 80002f3c
core 0: 80002f30 (00000f17) x30 80002f30
core 0: 80002f34 (083f2823) mem 80002fc0 00000001
core 0: 80002f38 (ff9ff06f) x0 80002f3c
core 0: 80002f30 (00000f17) x30 80002f30
core 0: 80002f34 (083f2823) mem 80002fc0 00000001
core 0: 80002f38 (ff9ff06f) x0 80002f3c
core 0: 80002f30 (00000f17) x30 80002f30
core 0: 80002f34 (083f2823) mem 80002fc0 00000001
core 0: 80002f38 (ff9ff06f) x0 80002f3c
core 0: 80002f30 (00000f17) x30 80002f30
core 0: 80002f34 (083f2823) mem 80002fc0 00000001
core 0: 80002f38 (ff9ff06f) x0 80002f3c
core 0: 80002f30 (00000f17) x30 80002f30
core 0: 80002f34 (083f2823) mem 80002fc0 00000001
core 0: 80002f38 (ff9ff06f) x0 80002f3c
core 0: 80002f30 (00000f17) x30 80002f30
core 0: 80002f34 (083f2823) mem 80002fc0 00000001
core 0: 80002f38 (ff9ff06f) x0 80002f3c
core 0: 80002f30 (00000f17) x30 80002f30
core 0: 80002f34 (083f2823) mem 80002fc0 00000001
core 0: 80002f38 (ff9ff06f) x0 80002f3c
core 0: 80002f30 (00000f17) x30 80002f30
core 0: 80002f34 (083f2823) mem 80002fc0 00000001
core 0: 80002f38 (ff9ff06f) x0 80002f3c
core 0: 80002f30 (00000f17) x30 80002f30
core 0: 80002f34 (083f2823) mem 80002fc0 00000001
core 0: 80002f38 (ff9ff06f) x0 80002f3c
core 0: 80002f30 (00000f17) x30 80002f30
core 0: 80002f34 (083f2823) mem 80002fc0 00000001
core 0: 80002f38 (ff9ff06f) x0 80002f3c
core 0: 80002f30 (00000f17) x30 80002f30
core 0: 80002f34 (083f2823) mem 80002fc0 00000001
core 0: 80002f38 (ff9ff06f) x0 80002f3c
core 0: 80002f30 (00000f17) x30 80002f30
core 0: 80002f34 (083f2823) mem 80002fc0 00000001
core 0: 80002f38 (ff9ff06f) x0 80002f3c
core 0: 80002f30 (00000f17) x30 80002f30
core 0: 80002f34 (083f2823) mem 80002fc0 00000001
core 0: 80002f38 (ff9ff06f) x0 80002f3c
core 0: 80002f30 (00000f17) x30 80002f30
core 0: 80002f34 (083f2823) mem 80002fc0 00000001
core 0: 80002f38 (ff9ff06f) x0 80002f3c
core 0: 80002f30 (00000f17) x30 80002f30
core 0: 80002f34 (083f2823) mem 80002fc0 00000001
core 0: 80002f38 (ff9ff06f) x0 80002f3c
core 0: 80002f30 (00000f17) x30 80002f30
core 0: 80002f34 (083f2823) mem 80002fc0 00000001
core 0: 80002f38 (ff9ff06f) x0 80002f3c
core 0: 80002f30 (00000f17) x30 80002f30
core 0: 80002f34 (083f2823) mem 80002fc0 00000001
core 0: 80002f38 (ff9ff06f) x0 80002f3c
core 0: 80002f30 (00000f17) x30 80002f30
core 0: 80002f34 (083f2823) mem 80002fc0 00000001
core 0: 80002f38 (ff9ff06f) x0 80002f3c
core 0: 80002f30 (00000f17) x30 80002f30
core 0: 80002f34 (083f2823) mem 80002fc0 00000001
core 0: 80002f38 (ff9ff06f) x0 80002f3c
core 0: 80002f30 (00000f17) x30 80002f30
core 0: 80002f34 (083f2823) mem 80002fc0 00000001
core 0: 80002f38 (ff9ff06f) x0 80002f3c
core 0: 80002f30 (00000f17) x30 80002f30
core 0: 80002f34 (083f2823) mem 80002fc0 00000001
core 0: 80002f38 (ff9ff06f) x0 80002f3c
core 0: 80002f30 (00000f17) x30 80002f30
core 0: 80002f34 (083f2823) mem 80002fc0 00000001
core 0: 80002f38 (ff9ff06f) x0 80002f3c
core 0: 80002f30 (00000f17) x30 80002f30
core 0: 80002f34 (083f2823) mem 80002fc0 00000001
core 0: 80002f38 (ff9ff06f) x0 80002f3c
core 0: 80002f30 (00000f17) x30 80002f30
core 0: 80002f34 (083f2823) mem 80002fc0 00000001
core 0: 80002f38 (ff9ff06f) x0 80002f3c
core 0: 80002f30 (00000f17) x30 80002f30
core 0: 80002f34 (083f2823) mem 80002fc0 00000001
core 0: 80002f38 (ff9ff06f) x0 80002f3c
core 0: 80002f30 (00000f17) x30 80002f30
core 0: 80002f34 (083f2823) mem 80002fc0 00000001
core 0: 80002f38 (ff9ff06f) x0 80002f3c
core 0: 80002f30 (00000f17) x30 80002f30
core 0: 80002f34 (083f2823) mem 80002fc0 00000001
core 0: 80002f38 (ff9ff06f) x0 80002f3c
core 0: 80002f30 (00000f17) x30 80002f30
core 0: 80002f34 (083f2823) mem 80002fc0 00000001
core 0: 80002f38 (ff9ff06f) x0 80002f3c
core 0: 80002f30 (00000f17) x30 80002f30
core 0: 80002f34 (083f2823) mem 80002fc0 00000001
core 0: 80002f38 (ff9ff06f) x0 80002f3c
core 0: 80002f30 (00000f17) x30 80002f30
core 0: 80002f34 (083f2823) mem 80002fc0 00000001
core 0: 80002f38 (ff9ff06f) x0 80002f3c
core 0: 80002f30 (00000f17) x30 80002f30
core 0: 80002f34 (083f2823) mem 80002fc0 00000001
core 0: 80002f38 (ff9ff06f) x0 80002f3c
core 0: 80002f30 (00000f17) x30 80002f30
core 0: 80002f34 (083f2823) mem 80002fc0 00000001
core 0: 80002f38 (ff9ff06f) x0 80002f3c
core 0: 80002f30 (00000f17) x30 80002f30
core 0: 80002f34 (083f2823) mem 80002fc0 00000001
core 0: 80002f38 (ff9ff06f) x0 80002f3c
core 0: 80002f30 (00000f17) x30 80002f30
core 0: 80002f34 (083f2823) mem 80002fc0 00000001
core 0: 80002f38 (ff9ff06f) x0 80002f3c
core 0: 80002f30 (00000f17) x30 80002f30
core 0: 80002f34 (083f2823) mem 80002fc0 00000001
core 0: 80002f38 (ff9ff06f) x0 80002f3c
core 0: 80002f30 (00000f17) x30 80002f30
core 0: 80002f34 (083f2823) mem 80002fc0 00000001
core 0: 80002f38 (ff9ff06f) x0 80002f3c
core 0: 80002f30 (00000f17) x30 80002f30
core 0: 80002f34 (083f2823) mem 80002fc0 00000001
core 0: 80002f38 (ff9ff06f) x0 80002f3c
core 0: 80002f30 (00000f17) x30 80002f30
core 0: 80002f34 (083f2823) mem 80002fc0 00000001
core 0: 80002f38 (ff9ff06f) x0 80002f3c
core 0: 80002f30 (00000f17) x30 80002f30
core 0: 80002f34 (083f2823) mem 80002fc0 00000001
core 0: 80002f38 (ff9ff06f) x0 80002f3c
core 0: 80002f30 (00000f17) x30 80002f30
core 0: 80002f34 (083f2823) mem 80002fc0 00000001
core 0: 80002f38 (ff9ff06f) x0 80002f3c
core 0: 80002f30 (00000f17) x30 80002f30
core 0: 80002f34 (083f2823) mem 80002fc0 00000001
core 0: 80002f38 (ff9ff06f) x0 80002f3c
core 0: 80002f30 (00000f17) x30 80002f30
core 0: 80002f34 (083f2823) mem 80002fc0 00000001
core 0: 80002f38 (ff9ff06f) x0 80002f3c
core 0: 80002f30 (00000f17) x30 80002f30
core 0: 80002f34 (083f2823) mem 80002fc0 00000001
core 0: 80002f38 (ff9ff06f) x0 80002f3c
core 0: 80002f30 (00000f17) x30 80002f30
core 0: 80002f34 (083f2823) mem 80002fc0 00000001
core 0: 80002f38 (ff9ff06f) x0 80002f3c
core 0: 80002f30 (00000f17) x30 80002f30
core 0: 80002f34 (083f2823) mem 80002fc0 00000001
core 0: 80002f38 (ff9ff06f) x0 80002f3c
core 0: 80002f30 (00000f17) x30 80002f30
core 0: 80002f34 (083f2823) mem 80002fc0 00000001
core 0: 80002f38 (ff9ff06f) x0 80002f3c
core 0: 80002f30 (00000f17) x30 80002f30
core 0: 80002f34 (083f2823) mem 80002fc0 00000001
core 0: 80002f38 (ff9ff06f) x0 80002f3c
core 0: 80002f30 (00000f17) x30 80002f30
core 0: 80002f34 (083f2823) mem 80002fc0 00000001
core 0: 80002f38 (ff9ff06f) x0 80002f3c
core 0: 80002f30 (00000f17) x30 80002f30
core 0: 80002f34 (083f2823) mem 80002fc0 00000001
core 0: 80002f38 (ff9ff06f) x0 80002f3c
core 0: 80002f30 (00000f17) x30 80002f30
core 0: 80002f34 (083f2823) mem 80002fc0 00000001
core 0: 80002f38 (ff9ff06f) x0 80002f3c
core 0: 80002f30 (00000f17) x30 80002f30
core 0: 80002f34 (083f2823) mem 80002fc0 00000001
core 0: 80002f38 (ff9ff06f) x0 80002f3c
core 0: 80002f30 (00000f17) x30 80002f30
core 0: 80002f34 (083f2823) mem 80002fc0 00000001
core 0: 80002f38 (ff9ff06f) x0 80002f3c
core 0: 80002f30 (00000f17) x30 80002f30
core 0: 80002f34 (083f2823) mem 80002fc0 00000001
core 0: 80002f38 (ff9ff06f) x0 80002f3c
core 0: 80002f30 (00000f17) x30 80002f30
core 0: 80002f34 (083f2823) mem 80002fc0 00000001
core 0: 80002f38 (ff9ff06f) x0 80002f3c
core 0: 80002f30 (00000f17) x30 80002f30
core 0: 80002f34 (083f2823) mem 80002fc0 00000001
core 0: 80002f38 (ff9ff06f) x0 80002f3c
core 0: 80002f30 (00000f17) x30 80002f30
core 0: 80002f34 (083f2823) mem 80002fc0 00000001
core 0: 80002f38 (ff9ff06f) x0 80002f3c
core 0: 80002f30 (00000f17) x30 80002f30
core 0: 80002f34 (083f2823) mem 80002fc0 00000001
core 0: 80002f38 (ff9ff06f) x0 80002f3c
core 0: 80002f30 (00000f17) x30 80002f30
core 0: 80002f34 (083f2823) mem 80002fc0 00000001
core 0: 80002f38 (ff9ff06f) x0 80002f3c
core 0: 80002f30 (00000f17) x30 80002f30
core 0: 80002f34 (083f2823) mem 80002fc0 00000001
core 0: 80002f38 (ff9ff06f) x0 80002f3c
core 0: 80002f30 (00000f17) x30 80002f30
core 0: 80002f34 (083f2823) mem 80002fc0 00000001
core 0: 80002f38 (ff9ff06f) x0 80002f3c
core 0: 80002f30 (00000f17) x30 80002f30
core 0: 80002f34 (083f2823) mem 80002fc0 00000001
core 0: 80002f38 (ff9ff06f) x0 80002f3c
core 0: 80002f30 (00000f17) x30 80002f30
core 0: 80002f34 (083f2823) mem 80002fc0 00000001
core 0: 80002f38 (ff9ff06f) x0 80002f3c
core 0: 80002f30 (00000f17) x30 80002f30
core 0: 80002f34 (083f2823) mem 80002fc0 00000001
core 0: 80002f38 (ff9ff06f) x0 80002f3c
core 0: 80002f30 (00000f17) x30 80002f30
core 0: 80002f34 (083f2823) mem 80002fc0 00000001
core 0: 80002f38 (ff9ff06f) x0 80002f3c
core 0: 80002f30 (00000f17) x30 80002f30
core 0: 80002f34 (083f2823) mem 80002fc0 00000001
core 0: 80002f38 (ff9ff06f) x0 80002f3c
core 0: 80002f30 (00000f17) x30 80002f30
core 0: 80002f34 (083f2823) mem 80002fc0 00000001
core 0: 80002f38 (ff9ff06f) x0 80002f3c
core 0: 80002f30 (00000f17) x30 80002f30
core 0: 80002f34 (083f2823) mem 80002fc0 00000001
core 0: 80002f38 (ff9ff06f) x0 80002f3c
core 0: 80002f30 (00000f17) x30 80002f30
core 0: 80002f34 (083f2823) mem 80002fc0 00000001
core 0: 80002f38 (ff9ff06f) x0 80002f3c
core 0: 80002f30 (00000f17) x30 80002f30
core 0: 80002f34 (083f2823) mem 80002fc0 00000001
core 0: 80002f38 (ff9ff06f) x0 80002f3c
core 0: 80002f30 (00000f17) x30 80002f30
core 0: 80002f34 (083f2823) mem 80002fc0 00000001
core 0: 80002f38 (ff9ff06f) x0 80002f3c
core 0: 80002f30 (00000f17) x30 80002f30
core 0: 80002f34 (083f2823) mem 80002fc0 00000001
core 0: 80002f38 (ff9ff06f) x0 80002f3c
core 0: 80002f30 (00000f17) x30 80002f30
core 0: 80002f34 (083f2823) mem 80002fc0 00000001
core 0: 80002f38 (ff9ff06f) x0 80002f3c
core 0: 80002f30 (00000f17) x30 80002f30
core 0: 80002f34 (083f2823) mem 80002fc0 00000001
core 0: 80002f38 (ff9ff06f) x0 80002f3c
core 0: 80002f30 (00000f17) x30 80002f30
core 0: 80002f34 (083f2823) mem 80002fc0 00000001
core 0: 80002f38 (ff9ff06f) x0 80002f3c
core 0: 80002f30 (00000f17) x30 80002f30
core 0: 80002f34 (083f2823) mem 80002fc0 00000001
core 0: 80002f38 (ff9ff06f) x0 80002f3c
core 0: 80002f30 (00000f17) x30 80002f30
core 0: 80002f34 (083f2823) mem 80002fc0 00000001
core 0: 80002f38 (ff9ff06f) x0 80002f3c
core 0: 80002f30 (00000f17) x30 80002f30
core 0: 80002f34 (083f2823) mem 80002fc0 00000001
core 0: 80002f38 (ff9ff06f) x0 80002f3c
core 0: 80002f30 (00000f17) x30 80002f30
core 0: 80002f34 (083f2823) mem 80002fc0 00000001
core 0: 80002f38 (ff9ff06f) x0 80002f3c
core 0: 80002f30 (00000f17) x30 80002f30
core 0: 80002f34 (083f2823) mem 80002fc0 00000001
core 0: 80002f38 (ff9ff06f) x0 80002f3c
core 0: 80002f30 (00000f17) x30 80002f30
core 0: 80002f34 (083f2823) mem 80002fc0 00000001
core 0: 80002f38 (ff9ff06f) x0 80002f3c
core 0: 80002f30 (00000f17) x30 80002f30
core 0: 80002f34 (083f2823) mem 80002fc0 00000001
core 0: 80002f38 (ff9ff06f) x0 80002f3c
core 0: 80002f30 (00000f17) x30 80002f30
core 0: 80002f34 (083f2823) mem 80002fc0 00000001
core 0: 80002f38 (ff9ff06f) x0 80002f3c
core 0: 80002f30 (00000f17) x30 80002f30
core 0: 80002f34 (083f2823) mem 80002fc0 00000001
core 0: 80002f38 (ff9ff06f) x0 80002f3c
core 0: 80002f30 (00000f17) x30 80002f30
core 0: 80002f34 (083f2823) mem 80002fc0 00000001
core 0: 80002f38 (ff9ff06f) x0 80002f3c
core 0: 80002f30 (00000f17) x30 80002f30
core 0: 80002f34 (083f2823) mem 80002fc0 00000001
core 0: 80002f38 (ff9ff06f) x0 80002f3c
core 0: 80002f30 (00000f17) x30 80002f30
core 0: 80002f34 (083f2823) mem 80002fc0 00000001
core 0: 80002f38 (ff9ff06f) x0 80002f3c
core 0: 80002f30 (00000f17) x30 80002f30
core 0: 80002f34 (083f2823) mem 80002fc0 00000001
core 0: 80002f38 (ff9ff06f) x0 80002f3c
core 0: 80002f30 (00000f17) x30 80002f30
core 0: 80002f34 (083f2823) mem 80002fc0 00000001
core 0: 80002f38 (ff9ff06f) x0 80002f3c
core 0: 80002f30 (00000f17) x30 80002f30
core 0: 80002f34 (083f2823) mem 80002fc0 00000001
core 0: 80002f38 (ff9ff06f) x0 80002f3c
core 0: 80002f30 (00000f17) x30 80002f30
core 0: 80002f34 (083f2823) mem 80002fc0 00000001
core 0: 80002f38 (ff9ff06f) x0 80002f3c
core 0: 80002f30 (00000f17) x30 80002f30
core 0: 80002f34 (083f2823) mem 80002fc0 00000001
core 0: 80002f38 (ff9ff06f) x0 80002f3c
core 0: 80002f30 (00000f17) x30 80002f30
core 0: 80002f34 (083f2823) mem 80002fc0 00000001
core 0: 80002f38 (ff9ff06f) x0 80002f3c
core 0: 80002f30 (00000f17) x30 80002f30
core 0: 80002f34 (083f2823) mem 80002fc0 00000001
core 0: 80002f38 (ff9ff06f) x0 80002f3c
core 0: 80002f30 (00000f17) x30 80002f30
core 0: 80002f34 (083f2823) mem 80002fc0 00000001
core 0: 80002f38 (ff9ff06f) x0 80002f3c
core 0: 80002f30 (00000f17) x30 80002f30
core 0: 80002f34 (083f2823) mem 80002fc0 00000001
core 0: 80002f38 (ff9ff06f) x0 80002f3c
core 0: 80002f30 (00000f17) x30 80002f30
core 0: 80002f34 (083f2823) mem 80002fc0 00000001
core 0: 80002f38 (ff9ff06f) x0 80002f3c
core 0: 80002f30 (00000f17) x30 80002f30
core 0: 80002f34 (083f2823) mem 80002fc0 00000001
core 0: 80002f38 (ff9ff06f) x0 80002f3c
core 0: 80002f30 (00000f17) x30 80002f30
core 0: 80002f34 (083f2823) mem 80002fc0 00000001
core 0: 80002f38 (ff9ff06f) x0 80002f3c
core 0: 80002f30 (00000f17) x30 80002f30
core 0: 80002f34 (083f2823) mem 80002fc0 00000001
core 0: 80002f38 (ff9ff06f) x0 80002f3c
core 0: 80002f30 (00000f17) x30 80002f30
core 0: 80002f34 (083f2823) mem 80002fc0 00000001
core 0: 80002f38 (ff9ff06f) x0 80002f3c
core 0: 80002f30 (00000f17) x30 80002f30
core 0: 80002f34 (083f2823) mem 80002fc0 00000001
core 0: 80002f38 (ff9ff06f) x0 80002f3c
core 0: 80002f30 (00000f17) x30 80002f30
core 0: 80002f34 (083f2823) mem 80002fc0 00000001
core 0: 80002f38 (ff9ff06f) x0 80002f3c
core 0: 80002f30 (00000f17) x30 80002f30
core 0: 80002f34 (083f2823) mem 80002fc0 00000001
core 0: 80002f38 (ff9ff06f) x0 80002f3c
core 0: 80002f30 (00000f17) x30 80002f30
core 0: 80002f34 (083f2823) mem 80002fc0 00000001
core 0: 80002f38 (ff9ff06f) x0 80002f3c
core 0: 80002f30 (00000f17) x30 80002f30
core 0: 80002f34 (083f2823) mem 80002fc0 00000001
core 0: 80002f38 (ff9ff06f) x0 80002f3c
core 0: 80002f30 (00000f17) x30 80002f30
core 0: 80002f34 (083f2823) mem 80002fc0 00000001
core 0: 80002f38 (ff9ff06f) x0 80002f3c
core 0: 80002f30 (00000f17) x30 80002f30
core 0: 80002f34 (083f2823) mem 80002fc0 00000001
core 0: 80002f38 (ff9ff06f) x0 80002f3c
core 0: 80002f30 (00000f17) x30 80002f30
core 0: 80002f34 (083f2823) mem 80002fc0 00000001
core 0: 80002f38 (ff9ff06f) x0 80002f3c
core 0: 80002f30 (00000f17) x30 80002f30
core 0: 80002f34 (083f2823) mem 80002fc0 00000001
core 0: 80002f38 (ff9ff06f) x0 80002f3c
core 0: 80002f30 (00000f17) x30 80002f30
core 0: 80002f34 (083f2823) mem 80002fc0 00000001
core 0: 80002f38 (ff9ff06f) x0 80002f3c
core 0: 80002f30 (00000f17) x30 80002f30
core 0: 80002f34 (083f2823) mem 80002fc0 00000001
core 0: 80002f38 (ff9ff06f) x0 80002f3c
core 0: 80002f30 (00000f17) x30 80002f30
core 0: 80002f34 (083f2823) mem 80002fc0 00000001
core 0: 80002f38 (ff9ff06f) x0 80002f3c
core 0: 80002f30 (00000f17) x30 80002f30
core 0: 80002f34 (083f2823) mem 80002fc0 00000001
core 0: 80002f38 (ff9ff06f) x0 80002f3c
core 0: 80002f30 (00000f17) x30 80002f30
core 0: 80002f34 (083f2823) mem 80002fc0 00000001
core 0: 80002f38 (ff9ff06f) x0 80002f3c
core 0: 80002f30 (00000f17) x30 80002f30
core 0: 80002f34 (083f2823) mem 80002fc0 00000001
core 0: 80002f38 (ff9ff06f) x0 80002f3c
core 0: 80002f30 (00000f17) x30 80002f30
core 0: 80002f34 (083f2823) mem 80002fc0 00000001
core 0: 80002f38 (ff9ff06f) x0 80002f3c
core 0: 80002f30 (00000f17) x30 80002f30
core 0: 80002f34 (083f2823) mem 80002fc0 00000001
core 0: 80002f38 (ff9ff06f) x0 80002f3c
core 0: 80002f30 (00000f17) x30 80002f30
core 0: 80002f34 (083f2823) mem 80002fc0 00000001
core 0: 80002f38 (ff9ff06f) x0 80002f3c
core 0: 80002f30 (00000f17) x30 80002f30
core 0: 80002f34 (083f2823) mem 80002fc0 00000001
core 0: 80002f38 (ff9ff06f) x0 80002f3c
core 0: 80002f30 (00000f17) x30 80002f30
core 0: 80002f34 (083f2823) mem 80002fc0 00000001
core 0: 80002f38 (ff9ff06f) x0 80002f3c
core 0: 80002f30 (00000f17) x30 80002f30
core 0: 80002f34 (083f2823) mem 80002fc0 00000001
core 0: 80002f38 (ff9ff06f) x0 80002f3c
core 0: 80002f30 (00000f17) x30 80002f30
core 0: 80002f34 (083f2823) mem 80002fc0 00000001
core 0: 80002f38 (ff9ff06f) x0 80002f3c
core 0: 80002f30 (00000f17) x30 80002f30
core 0: 80002f34 (083f2823) mem 80002fc0 00000001
core 0: 80002f38 (ff9ff06f) x0 80002f3c
core 0: 80002f30 (00000f17) x30 80002f30
core 0: 80002f34 (083f2823) mem 80002fc0 00000001
core 0: 80002f38 (ff9ff06f) x0 80002f3c
core 0: 80002f30 (00000f17) x30 80002f30
core 0: 80002f34 (083f2823) mem 80002fc0 00000001
core 0: 80002f38 (ff9ff06f) x0 80002f3c
core 0: 80002f30 (00000f17) x30 80002f30
core 0: 80002f34 (083f2823) mem 80002fc0 00000001
core 0: 80002f38 (ff9ff06f) x0 80002f3c
core 0: 80002f30 (00000f17) x30 80002f30
core 0: 80002f34 (083f2823) mem 80002fc0 00000001
core 0: 80002f38 (ff9ff06f) x0 80002f3c
core 0: 80002f30 (00000f17) x30 80002f30
core 0: 80002f34 (083f2823) mem 80002fc0 00000001
core 0: 80002f38 (ff9ff06f) x0 80002f3c
core 0: 80002f30 (00000f17) x30 80002f30
core 0: 80002f34 (083f2823) mem 80002fc0 00000001
core 0: 80002f38 (ff9ff06f) x0 80002f3c
core 0: 80002f30 (00000f17) x30 80002f30
core 0: 80002f34 (083f2823) mem 80002fc0 00000001
core 0: 80002f38 (ff9ff06f) x0 80002f3c
core 0: 80002f30 (00000f17) x30 80002f30
core 0: 80002f34 (083f2823) mem 80002fc0 00000001
core 0: 80002f38 (ff9ff06f) x0 80002f3c
core 0: 80002f30 (00000f17) x30 80002f30
core 0: 80002f34 (083f2823) mem 80002fc0 00000001
core 0: 80002f38 (ff9ff06f) x0 80002f3c
core 0: 80002f30 (00000f17) x30 80002f30
core 0: 80002f34 (083f2823) mem 80002fc0 00000001
core 0: 80002f38 (ff9ff06f) x0 80002f3c
core 0: 80002f30 (00000f17) x30 80002f30
core 0: 80002f34 (083f2823) mem 80002fc0 00000001
core 0: 80002f38 (ff9ff06f) x0 80002f3c
core 0: 80002f30 (00000f17) x30 80002f30
core 0: 80002f34 (083f2823) mem 80002fc0 00000001
core 0: 80002f38 (ff9ff06f) x0 80002f3c
core 0: 80002f30 (00000f17) x30 80002f30
core 0: 80002f34 (083f2823) mem 80002fc0 00000001
core 0: 80002f38 (ff9ff06f) x0 80002f3c
core 0: 80002f30 (00000f17) x30 80002f30
core 0: 80002f34 (083f2823) mem 80002fc0 00000001
core 0: 80002f38 (ff9ff06f) x0 80002f3c
core 0: 80002f30 (00000f17) x30 80002f30
core 0: 80002f34 (083f2823) mem 80002fc0 00000001
core 0: 80002f38 (ff9ff06f) x0 80002f3c
core 0: 80002f30 (00000f17) x30 80002f30
core 0: 80002f34 (083f2823) mem 80002fc0 00000001
core 0: 80002f38 (ff9ff06f) x0 80002f3c
core 0: 80002f30 (00000f17) x30 80002f30
core 0: 80002f34 (083f2823) mem 80002fc0 00000001
core 0: 80002f38 (ff9ff06f) x0 80002f3c
core 0: 80002f30 (00000f17) x30 80002f30
core 0: 80002f34 (083f2823) mem 80002fc0 00000001
core 0: 80002f38 (ff9ff06f) x0 80002f3c
core 0: 80002f30 (00000f17) x30 80002f30
core 0: 80002f34 (083f2823) mem 80002fc0 00000001
core 0: 80002f38 (ff9ff06f) x0 80002f3c
core 0: 80002f30 (00000f17) x30 80002f30
core 0: 80002f34 (083f2823) mem 80002fc0 00000001
core 0: 80002f38 (ff9ff06f) x0 80002f3c
core 0: 80002f30 (00000f17) x30 80002f30
core 0: 80002f34 (083f2823) mem 80002fc0 00000001
core 0: 80002f38 (ff9ff06f) x0 80002f3c
core 0: 80002f30 (00000f17) x30 80002f30
core 0: 80002f34 (083f2823) mem 80002fc0 00000001
core 0: 80002f38 (ff9ff06f) x0 80002f3c
core 0: 80002f30 (00000f17) x30 80002f30
core 0: 80002f34 (083f2823) mem 80002fc0 00000001
core 0: 80002f38 (ff9ff06f) x0 80002f3c
core 0: 80002f30 (00000f17) x30 80002f30
core 0: 80002f34 (083f2823) mem 80002fc0 00000001
core 0: 80002f38 (ff9ff06f) x0 80002f3c
core 0: 80002f30 (00000f17) x30 80002f30
core 0: 80002f34 (083f2823) mem 80002fc0 00000001
core 0: 80002f38 (ff9ff06f) x0 80002f3c
core 0: 80002f30 (00000f17) x30 80002f30
core 0: 80002f34 (083f2823) mem 80002fc0 00000001
core 0: 80002f38 (ff9ff06f) x0 80002f3c
core 0: 80002f30 (00000f17) x30 80002f30
core 0: 80002f34 (083f2823) mem 80002fc0 00000001
core 0: 80002f38 (ff9ff06f) x0 80002f3c
core 0: 80002f30 (00000f17) x30 80002f30
core 0: 80002f34 (083f2823) mem 80002fc0 00000001
core 0: 80002f38 (ff9ff06f) x0 80002f3c
core 0: 80002f30 (00000f17) x30 80002f30
core 0: 80002f34 (083f2823) mem 80002fc0 00000001
core 0: 80002f38 (ff9ff06f) x0 80002f3c
core 0: 80002f30 (00000f17) x30 80002f30
core 0: 80002f34 (083f2823) mem 80002fc0 00000001
core 0: 80002f38 (ff9ff06f) x0 80002f3c
core 0: 80002f30 (00000f17) x30 80002f30
core 0: 80002f34 (083f2823) mem 80002fc0 00000001
core 0: 80002f38 (ff9ff06f) x0 80002f3c
core 0: 80002f30 (00000f17) x30 80002f30
core 0: 80002f34 (083f2823) mem 80002fc0 00000001
core 0: 80002f38 (ff9ff06f) x0 80002f3c
core 0: 80002f30 (00000f17) x30 80002f30
core 0: 80002f34 (083f2823) mem 80002fc0 00000001
core 0: 80002f38 (ff9ff06f) x0 80002f3c
core 0: 80002f30 (00000f17) x30 80002f30
core 0: 80002f34 (083f2823) mem 80002fc0 00000001
core 0: 80002f38 (ff9ff06f) x0 80002f3c
core 0: 80002f30 (00000f17) x30 80002f30
core 0: 80002f34 (083f2823) mem 80002fc0 00000001
core 0: 80002f38 (ff9ff06f) x0 80002f3c
core 0: 80002f30 (00000f17) x30 80002f30
core 0: 80002f34 (083f2823) mem 80002fc0 00000001
core 0: 80002f38 (ff9ff06f) x0 80002f3c
core 0: 80002f30 (00000f17) x30 80002f30
core 0: 80002f34 (083f2823) mem 80002fc0 00000001
core 0: 80002f38 (ff9ff06f) x0 80002f3c
core 0: 80002f30 (00000f17) x30 80002f30
core 0: 80002f34 (083f2823) mem 80002fc0 00000001
core 0: 80002f38 (ff9ff06f) x0 80002f3c
core 0: 80002f30 (00000f17) x30 80002f30
core 0: 80002f34 (083f2823) mem 80002fc0 00000001
core 0: 80002f38 (ff9ff06f) x0 80002f3c
core 0: 80002f30 (00000f17) x30 80002f30
core 0: 80002f34 (083f2823) mem 80002fc0 00000001
core 0: 80002f38 (ff9ff06f) x0 80002f3c
core 0: 80002f30 (00000f17) x30 80002f30
core 0: 80002f34 (083f2823) mem 80002fc0 00000001
core 0: 80002f38 (ff9ff06f) x0 80002f3c
core 0: 80002f30 (00000f17) x30 80002f30
core 0: 80002f34 (083f2823) mem 80002fc0 00000001
core 0: 80002f38 (ff9ff06f) x0 80002f3c
core 0: 80002f30 (00000f17) x30 80002f30
core 0: 80002f34 (083f2823) mem 80002fc0 00000001
core 0: 80002f38 (ff9ff06f) x0 80002f3c
core 0: 80002f30 (00000f17) x30 80002f30
core 0: 80002f34 (083f2823) mem 80002fc0 00000001
core 0: 80002f38 (ff9ff06f) x0 80002f3c
core 0: 80002f30 (00000f17) x30 80002f30
core 0: 80002f34 (083f2823) mem 80002fc0 00000001
core 0: 80002f38 (ff9ff06f) x0 80002f3c
core 0: 80002f30 (00000f17) x30 80002f30
core 0: 80002f34 (083f2823) mem 80002fc0 00000001
core 0: 80002f38 (ff9ff06f) x0 80002f3c
core 0: 80002f30 (00000f17) x30 80002f30
core 0: 80002f34 (083f2823) mem 80002fc0 00000001
core 0: 80002f38 (ff9ff06f) x0 80002f3c
core 0: 80002f30 (00000f17) x30 80002f30
core 0: 80002f34 (083f2823) mem 80002fc0 00000001
core 0: 80002f38 (ff9ff06f) x0 80002f3c
core 0: 80002f30 (00000f17) x30 80002f30
core 0: 80002f34 (083f2823) mem 80002fc0 00000001
core 0: 80002f38 (ff9ff06f) x0 80002f3c
core 0: 80002f30 (00000f17) x30 80002f30
core 0: 80002f34 (083f2823) mem 80002fc0 00000001
core 0: 80002f38 (ff9ff06f) x0 80002f3c
core 0: 80002f30 (00000f17) x30 80002f30
core 0: 80002f34 (083f2823) mem 80002fc0 00000001
core 0: 80002f38 (ff9ff06f) x0 80002f3c
core 0: 80002f30 (00000f17) x30 80002f30
core 0: 80002f34 (083f2823) mem 80002fc0 00000001
core 0: 80002f38 (ff9ff06f) x0 80002f3c
core 0: 80002f30 (00000f17) x30 80002f30
core 0: 80002f34 (083f2823) mem 80002fc0 00000001
core 0: 80002f38 (ff9ff06f) x0 80002f3c
core 0: 80002f30 (00000f17) x30 80002f30
core 0: 80002f34 (083f2823) mem 80002fc0 00000001
core 0: 80002f38 (ff9ff06f) x0 80002f3c
core 0: 80002f30 (00000f17) x30 80002f30
core 0: 80002f34 (083f2823) mem 80002fc0 00000001
core 0: 80002f38 (ff9ff06f) x0 80002f3c
core 0: 80002f30 (00000f17) x30 80002f30
core 0: 80002f34 (083f2823) mem 80002fc0 00000001
core 0: 80002f38 (ff9ff06f) x0 80002f3c
core 0: 80002f30 (00000f17) x30 80002f30
core 0: 80002f34 (083f2823) mem 80002fc0 00000001
core 0: 80002f38 (ff9ff06f) x0 80002f3c
core 0: 80002f30 (00000f17) x30 80002f30
core 0: 80002f34 (083f2823) mem 80002fc0 00000001
core 0: 80002f38 (ff9ff06f) x0 80002f3c
core 0: 80002f30 (00000f17) x30 80002f30
core 0: 80002f34 (083f2823) mem 80002fc0 00000001
core 0: 80002f38 (ff9ff06f) x0 80002f3c
core 0: 80002f30 (00000f17) x30 80002f30
core 0: 80002f34 (083f2823) mem 80002fc0 00000001
core 0: 80002f38 (ff9ff06f) x0 80002f3c
core 0: 80002f30 (00000f17) x30 80002f30
core 0: 80002f34 (083f2823) mem 80002fc0 00000001
core 0: 80002f38 (ff9ff06f) x0 80002f3c
core 0: 80002f30 (00000f17) x30 80002f30
core 0: 80002f34 (083f2823) mem 80002fc0 00000001
core 0: 80002f38 (ff9ff06f) x0 80002f3c
core 0: 80002f30 (00000f17) x30 80002f30
core 0: 80002f34 (083f2823) mem 80002fc0 00000001
core 0: 80002f38 (ff9ff06f) x0 80002f3c
core 0: 80002f30 (00000f17) x30 80002f30
core 0: 80002f34 (083f2823) mem 80002fc0 00000001
core 0: 80002f38 (ff9ff06f) x0 80002f3c
core 0: 80002f30 (00000f17) x30 80002f30
core 0: 80002f34 (083f2823) mem 80002fc0 00000001
core 0: 80002f38 (ff9ff06f) x0 80002f3c
core 0: 80002f30 (00000f17) x30 80002f30
core 0: 80002f34 (083f2823) mem 80002fc0 00000001
core 0: 80002f38 (ff9ff06f) x0 80002f3c
core 0: 80002f30 (00000f17) x30 80002f30
core 0: 80002f34 (083f2823) mem 80002fc0 00000001
core 0: 80002f38 (ff9ff06f) x0 80002f3c
core 0: 80002f30 (00000f17) x30 80002f30
core 0: 80002f34 (083f2823) mem 80002fc0 00000001
core 0: 80002f38 (ff9ff06f) x0 80002f3c
core 0: 80002f30 (00000f17) x30 80002f30
core 0: 80002f34 (083f2823) mem 80002fc0 00000001
core 0: 80002f38 (ff9ff06f) x0 80002f3c
core 0: 80002f30 (00000f17) x30 80002f30
core 0: 80002f34 (083f2823) mem 80002fc0 00000001
core 0: 80002f38 (ff9ff06f) x0 80002f3c
core 0: 80002f30 (00000f17) x30 80002f30
core 0: 80002f34 (083f2823) mem 80002fc0 00000001
core 0: 80002f38 (ff9ff06f) x0 80002f3c
core 0: 80002f30 (00000f17) x30 80002f30
core 0: 80002f34 (083f2823) mem 80002fc0 00000001
core 0: 80002f38 (ff9ff06f) x0 80002f3c
core 0: 80002f30 (00000f17) x30 80002f30
core 0: 80002f34 (083f2823) mem 80002fc0 00000001
core 0: 80002f38 (ff9ff06f) x0 80002f3c
core 0: 80002f30 (00000f17) x30 80002f30
core 0: 80002f34 (083f2823) mem 80002fc0 00000001
core 0: 80002f38 (ff9ff06f) x0 80002f3c
core 0: 80002f30 (00000f17) x30 80002f30
core 0: 80002f34 (083f2823) mem 80002fc0 00000001
core 0: 80002f38 (ff9ff06f) x0 80002f3c
core 0: 80002f30 (00000f17) x30 80002f30
core 0: 80002f34 (083f2823) mem 80002fc0 00000001
core 0: 80002f38 (ff9ff06f) x0 80002f3c
core 0: 80002f30 (00000f17) x30 80002f30
core 0: 80002f34 (083f2823) mem 80002fc0 00000001
core 0: 80002f38 (ff9ff06f) x0 80002f3c
core 0: 80002f30 (00000f17) x30 80002f30
core 0: 80002f34 (083f2823) mem 80002fc0 00000001
core 0: 80002f38 (ff9ff06f) x0 80002f3c
core 0: 80002f30 (00000f17) x30 80002f30
core 0: 80002f34 (083f2823) mem 80002fc0 00000001
core 0: 80002f38 (ff9ff06f) x0 80002f3c
core 0: 80002f30 (00000f17) x30 80002f30
core 0: 80002f34 (083f2823) mem 80002fc0 00000001
core 0: 80002f38 (ff9ff06f) x0 80002f3c
core 0: 80002f30 (00000f17) x30 80002f30
core 0: 80002f34 (083f2823) mem 80002fc0 00000001
core 0: 80002f38 (ff9ff06f) x0 80002f3c
core 0: 80002f30 (00000f17) x30 80002f30
core 0: 80002f34 (083f2823) mem 80002fc0 00000001
core 0: 80002f38 (ff9ff06f) x0 80002f3c
core 0: 80002f30 (00000f17) x30 80002f30
core 0: 80002f34 (083f2823) mem 80002fc0 00000001
core 0: 80002f38 (ff9ff06f) x0 80002f3c
core 0: 80002f30 (00000f17) x30 80002f30
core 0: 80002f34 (083f2823) mem 80002fc0 00000001
core 0: 80002f38 (ff9ff06f) x0 80002f3c
core 0: 80002f30 (00000f17) x30 80002f30
core 0: 80002f34 (083f2823) mem 80002fc0 00000001
core 0: 80002f38 (ff9ff06f) x0 80002f3c
core 0: 80002f30 (00000f17) x30 80002f30
core 0: 80002f34 (083f2823) mem 80002fc0 00000001
core 0: 80002f38 (ff9ff06f) x0 80002f3c
core 0: 80002f30 (00000f17) x30 80002f30
core 0: 80002f34 (083f2823) mem 80002fc0 00000001
core 0: 80002f38 (ff9ff06f) x0 80002f3c
core 0: 80002f30 (00000f17) x30 80002f30
core 0: 80002f34 (083f2823) mem 80002fc0 00000001
core 0: 80002f38 (ff9ff06f) x0 80002f3c
core 0: 80002f30 (00000f17) x30 80002f30
core 0: 80002f34 (083f2823) mem 80002fc0 00000001
core 0: 80002f38 (ff9ff06f) x0 80002f3c
core 0: 80002f30 (00000f17) x30 80002f30
core 0: 80002f34 (083f2823) mem 80002fc0 00000001
core 0: 80002f38 (ff9ff06f) x0 80002f3c
core 0: 80002f30 (00000f17) x30 80002f30
core 0: 80002f34 (083f2823) mem 80002fc0 00000001
core 0: 80002f38 (ff9ff06f) x0 80002f3c
core 0: 80002f30 (00000f17) x30 80002f30
core 0: 80002f34 (083f2823) mem 80002fc0 00000001
core 0: 80002f38 (ff9ff06f) x0 80002f3c
core 0: 80002f30 (00000f17) x30 80002f30
core 0: 80002f34 (083f2823) mem 80002fc0 00000001
core 0: 80002f38 (ff9ff06f) x0 80002f3c
core 0: 80002f30 (00000f17) x30 80002f30
core 0: 80002f34 (083f2823) mem 80002fc0 00000001
core 0: 80002f38 (ff9ff06f) x0 80002f3c
core 0: 80002f30 (00000f17) x30 80002f30
core 0: 80002f34 (083f2823) mem 80002fc0 00000001
core 0: 80002f38 (ff9ff06f) x0 80002f3c
core 0: 80002f30 (00000f17) x30 80002f30
core 0: 80002f34 (083f2823) mem 80002fc0 00000001
core 0: 80002f38 (ff9ff06f) x0 80002f3c
core 0: 80002f30 (00000f17) x30 80002f30
core 0: 80002f34 (083f2823) mem 80002fc0 00000001
core 0: 80002f38 (ff9ff06f) x0 80002f3c
core 0: 80002f30 (00000f17) x30 80002f30
core 0: 80002f34 (083f2823) mem 80002fc0 00000001
core 0: 80002f38 (ff9ff06f) x0 80002f3c
core 0: 80002f30 (00000f17) x30 80002f30
core 0: 80002f34 (083f2823) mem 80002fc0 00000001
core 0: 80002f38 (ff9ff06f) x0 80002f3c
core 0: 80002f30 (00000f17) x30 80002f30
core 0: 80002f34 (083f2823) mem 80002fc0 00000001
core 0: 80002f38 (ff9ff06f) x0 80002f3c
core 0: 80002f30 (00000f17) x30 80002f30
core 0: 80002f34 (083f2823) mem 80002fc0 00000001
core 0: 80002f38 (ff9ff06f) x0 80002f3c
core 0: 80002f30 (00000f17) x30 80002f30
core 0: 80002f34 (083f2823) mem 80002fc0 00000001
core 0: 80002f38 (ff9ff06f) x0 80002f3c
core 0: 80002f30 (00000f17) x30 80002f30
core 0: 80002f34 (083f2823) mem 80002fc0 00000001
core 0: 80002f38 (ff9ff06f) x0 80002f3c
core 0: 80002f30 (00000f17) x30 80002f30
core 0: 80002f34 (083f2823) mem 80002fc0 00000001
core 0: 80002f38 (ff9ff06f) x0 80002f3c
core 0: 80002f30 (00000f17) x30 80002f30
core 0: 80002f34 (083f2823) mem 80002fc0 00000001
core 0: 80002f38 (ff9ff06f) x0 80002f3c
core 0: 80002f30 (00000f17) x30 80002f30
core 0: 80002f34 (083f2823) mem 80002fc0 00000001
core 0: 80002f38 (ff9ff06f) x0 80002f3c
core 0: 80002f30 (00000f17) x30 80002f30
core 0: 80002f34 (083f2823) mem 80002fc0 00000001
core 0: 80002f38 (ff9ff06f) x0 80002f3c
core 0: 80002f30 (00000f17) x30 80002f30
core 0: 80002f34 (083f2823) mem 80002fc0 00000001
core 0: 80002f38 (ff9ff06f) x0 80002f3c
core 0: 80002f30 (00000f17) x30 80002f30
core 0: 80002f34 (083f2823) mem 80002fc0 00000001
core 0: 80002f38 (ff9ff06f) x0 80002f3c
core 0: 80002f30 (00000f17) x30 80002f30
core 0: 80002f34 (083f2823) mem 80002fc0 00000001
core 0: 80002f38 (ff9ff06f) x0 80002f3c
core 0: 80002f30 (00000f17) x30 80002f30
core 0: 80002f34 (083f2823) mem 80002fc0 00000001
core 0: 80002f38 (ff9ff06f) x0 80002f3c
core 0: 80002f30 (00000f17) x30 80002f30
core 0: 80002f34 (083f2823) mem 80002fc0 00000001
core 0: 80002f38 (ff9ff06f) x0 80002f3c
core 0: 80002f30 (00000f17) x30 80002f30
core 0: 80002f34 (083f2823) mem 80002fc0 00000001
core 0: 80002f38 (ff9ff06f) x0 80002f3c
core 0: 80002f30 (00000f17) x30 80002f30
core 0: 80002f34 (083f2823) mem 80002fc0 00000001
core 0: 80002f38 (ff9ff06f) x0 80002f3c
core 0: 80002f30 (00000f17) x30 80002f30
core 0: 80002f34 (083f2823) mem 80002fc0 00000001
core 0: 80002f38 (ff9ff06f) x0 80002f3c
core 0: 80002f30 (00000f17) x30 80002f30
core 0: 80002f34 (083f2823) mem 80002fc0 00000001
core 0: 80002f38 (ff9ff06f) x0 80002f3c
core 0: 80002f30 (00000f17) x30 80002f30
core 0: 80002f34 (083f2823) mem 80002fc0 00000001
core 0: 80002f38 (ff9ff06f) x0 80002f3c
core 0: 80002f30 (00000f17) x30 80002f30
core 0: 80002f34 (083f2823) mem 80002fc0 00000001
core 0: 80002f38 (ff9ff06f) x0 80002f3c
core 0: 80002f30 (00000f17) x30 80002f30
core 0: 80002f34 (083f2823) mem 80002fc0 00000001
core 0: 80002f38 (ff9ff06f) x0 80002f3c
core 0: 80002f30 (00000f17) x30 80002f30
core 0: 80002f34 (083f2823) mem 80002fc0 00000001
core 0: 80002f38 (ff9ff06f) x0 80002f3c
core 0: 80002f30 (00000f17) x30 80002f30
core 0: 80002f34 (083f2823) mem 80002fc0 00000001
core 0: 80002f38 (ff9ff06f) x0 80002f3c
core 0: 80002f30 (00000f17) x30 80002f30
core 0: 80002f34 (083f2823) mem 80002fc0 00000001
core 0: 80002f38 (ff9ff06f) x0 80002f3c
core 0: 80002f30 (00000f17) x30 80002f30
core 0: 80002f34 (083f2823) mem 80002fc0 00000001
core 0: 80002f38 (ff9ff06f) x0 80002f3c
core 0: 80002f30 (00000f17) x30 80002f30
core 0: 80002f34 (083f2823) mem 80002fc0 00000001
core 0: 80002f38 (ff9ff06f) x0 80002f3c
core 0: 80002f30 (00000f17) x30 80002f30
core 0: 80002f34 (083f2823) mem 80002fc0 00000001
core 0: 80002f38 (ff9ff06f) x0 80002f3c
core 0: 80002f30 (00000f17) x30 80002f30
core 0: 80002f34 (083f2823) mem 80002fc0 00000001
core 0: 80002f38 (ff9ff06f) x0 80002f3c
core 0: 80002f30 (00000f17) x30 80002f30
core 0: 80002f34 (083f2823) mem 80002fc0 00000001
core 0: 80002f38 (ff9ff06f) x0 80002f3c
core 0: 80002f30 (00000f17) x30 80002f30
core 0: 80002f34 (083f2823) mem 80002fc0 00000001
core 0: 80002f38 (ff9ff06f) x0 80002f3c
core 0: 80002f30 (00000f17) x30 80002f30
core 0: 80002f34 (083f2823) mem 80002fc0 00000001
core 0: 80002f38 (ff9ff06f) x0 80002f3c
core 0: 80002f30 (00000f17) x30 80002f30
core 0: 80002f34 (083f2823) mem 80002fc0 00000001
core 0: 80002f38 (ff9ff06f) x0 80002f3c
core 0: 80002f30 (00000f17) x30 80002f30
core 0: 80002f34 (083f2823) mem 80002fc0 00000001
core 0: 80002f38 (ff9ff06f) x0 80002f3c
core 0: 80002f30 (00000f17) x30 80002f30
core 0: 80002f34 (083f2823) mem 80002fc0 00000001
core 0: 80002f38 (ff9ff06f) x0 80002f3c
core 0: 80002f30 (00000f17) x30 80002f30
core 0: 80002f34 (083f2823) mem 80002fc0 00000001
core 0: 80002f38 (ff9ff06f) x0 80002f3c
core 0: 80002f30 (00000f17) x30 80002f30
core 0: 80002f34 (083f2823) mem 80002fc0 00000001
core 0: 80002f38 (ff9ff06f) x0 80002f3c
core 0: 80002f30 (00000f17) x30 80002f30
core 0: 80002f34 (083f2823) mem 80002fc0 00000001
core 0: 80002f38 (ff9ff06f) x0 80002f3c
core 0: 80002f30 (00000f17) x30 80002f30
core 0: 80002f34 (083f2823) mem 80002fc0 00000001
core 0: 80002f38 (ff9ff06f) x0 80002f3c
core 0: 80002f30 (00000f17) x30 80002f30
core 0: 80002f34 (083f2823) mem 80002fc0 00000001
core 0: 80002f38 (ff9ff06f) x0 80002f3c
core 0: 80002f30 (00000f17) x30 80002f30
core 0: 80002f34 (083f2823) mem 80002fc0 00000001
core 0: 80002f38 (ff9ff06f) x0 80002f3c
core 0: 80002f30 (00000f17) x30 80002f30
core 0: 80002f34 (083f2823) mem 80002fc0 00000001
core 0: 80002f38 (ff9ff06f) x0 80002f3c
core 0: 80002f30 (00000f17) x30 80002f30
core 0: 80002f34 (083f2823) mem 80002fc0 00000001
core 0: 80002f38 (ff9ff06f) x0 80002f3c
core 0: 80002f30 (00000f17) x30 80002f30
core 0: 80002f34 (083f2823) mem 80002fc0 00000001
core 0: 80002f38 (ff9ff06f) x0 80002f3c
core 0: 80002f30 (00000f17) x30 80002f30
core 0: 80002f34 (083f2823) mem 80002fc0 00000001
core 0: 80002f38 (ff9ff06f) x0 80002f3c
core 0: 80002f30 (00000f17) x30 80002f30
core 0: 80002f34 (083f2823) mem 80002fc0 00000001
core 0: 80002f38 (ff9ff06f) x0 80002f3c
core 0: 80002f30 (00000f17) x30 80002f30
core 0: 80002f34 (083f2823) mem 80002fc0 00000001
core 0: 80002f38 (ff9ff06f) x0 80002f3c
core 0: 80002f30 (00000f17) x30 80002f30
core 0: 80002f34 (083f2823) mem 80002fc0 00000001
core 0: 80002f38 (ff9ff06f) x0 80002f3c
core 0: 80002f30 (00000f17) x30 80002f30
core 0: 80002f34 (083f2823) mem 80002fc0 00000001
core 0: 80002f38 (ff9ff06f) x0 80002f3c
core 0: 80002f30 (00000f17) x30 80002f30
core 0: 80002f34 (083f2823) mem 80002fc0 00000001
core 0: 80002f38 (ff9ff06f) x0 80002f3c
core 0: 80002f30 (00000f17) x30 80002f30
core 0: 80002f34 (083f2823) mem 80002fc0 00000001
core 0: 80002f38 (ff9ff06f) x0 80002f3c
core 0: 80002f30 (00000f17) x30 80002f30
core 0: 80002f34 (083f2823) mem 80002fc0 00000001
core 0: 80002f38 (ff9ff06f) x0 80002f3c
core 0: 80002f30 (00000f17) x30 80002f30
core 0: 80002f34 (083f2823) mem 80002fc0 00000001
core 0: 80002f38 (ff9ff06f) x0 80002f3c
core 0: 80002f30 (00000f17) x30 80002f30
core 0: 80002f34 (083f2823) mem 80002fc0 00000001
core 0: 80002f38 (ff9ff06f) x0 80002f3c
core 0: 80002f30 (00000f17) x30 80002f30
core 0: 80002f34 (083f2823) mem 80002fc0 00000001
core 0: 80002f38 (ff9ff06f) x0 80002f3c
core 0: 80002f30 (00000f17) x30 80002f30
core 0: 80002f34 (083f2823) mem 80002fc0 00000001
core 0: 80002f38 (ff9ff06f) x0 80002f3c
core 0: 80002f30 (00000f17) x30 80002f30
core 0: 80002f34 (083f2823) mem 80002fc0 00000001
core 0: 80002f38 (ff9ff06f) x0 80002f3c
core 0: 80002f30 (00000f17) x30 80002f30
core 0: 80002f34 (083f2823) mem 80002fc0 00000001
core 0: 80002f38 (ff9ff06f) x0 80002f3c
core 0: 80002f30 (00000f17) x30 80002f30
core 0: 80002f34 (083f2823) mem 80002fc0 00000001
core 0: 80002f38 (ff9ff06f) x0 80002f3c
core 0: 80002f30 (00000f17) x30 80002f30
core 0: 80002f34 (083f2823) mem 80002fc0 00000001
core 0: 80002f38 (ff9ff06f) x0 80002f3c
core 0: 80002f30 (00000f17) x30 80002f30
core 0: 80002f34 (083f2823) mem 80002fc0 00000001
core 0: 80002f38 (ff9ff06f) x0 80002f3c
core 0: 80002f30 (00000f17) x30 80002f30
core 0: 80002f34 (083f2823) mem 80002fc0 00000001
core 0: 80002f38 (ff9ff06f) x0 80002f3c
core 0: 80002f30 (00000f17) x30 80002f30
core 0: 80002f34 (083f2823) mem 80002fc0 00000001
core 0: 80002f38 (ff9ff06f) x0 80002f3c
core 0: 80002f30 (00000f17) x30 80002f30
core 0: 80002f34 (083f2823) mem 80002fc0 00000001
core 0: 80002f38 (ff9ff06f) x0 80002f3c
core 0: 80002f30 (00000f17) x30 80002f30
core 0: 80002f34 (083f2823) mem 80002fc0 00000001
core 0: 80002f38 (ff9ff06f) x0 80002f3c
core 0: 80002f30 (00000f17) x30 80002f30
core 0: 80002f34 (083f2823) mem 80002fc0 00000001
core 0: 80002f38 (ff9ff06f) x0 80002f3c
core 0: 80002f30 (00000f17) x30 80002f30
core 0: 80002f34 (083f2823) mem 80002fc0 00000001
core 0: 80002f38 (ff9ff06f) x0 80002f3c
core 0: 80002f30 (00000f17) x30 80002f30
core 0: 80002f34 (083f2823) mem 80002fc0 00000001
core 0: 80002f38 (ff9ff06f) x0 80002f3c
core 0: 80002f30 (00000f17) x30 80002f30
core 0: 80002f34 (083f2823) mem 80002fc0 00000001
core 0: 80002f38 (ff9ff06f) x0 80002f3c
core 0: 80002f30 (00000f17) x30 80002f30
core 0: 80002f34 (083f2823) mem 80002fc0 00000001
core 0: 80002f38 (ff9ff06f) x0 80002f3c
core 0: 80002f30 (00000f17) x30 80002f30
core 0: 80002f34 (083f2823) mem 80002fc0 00000001
core 0: 80002f38 (ff9ff06f) x0 80002f3c
core 0: 80002f30 (00000f17) x30 80002f30
core 0: 80002f34 (083f2823) mem 80002fc0 00000001
core 0: 80002f38 (ff9ff06f) x0 80002f3c
core 0: 80002f30 (00000f17) x30 80002f30
core 0: 80002f34 (083f2823) mem 80002fc0 00000001
core 0: 80002f38 (ff9ff06f) x0 80002f3c
core 0: 80002f30 (00000f17) x30 80002f30
core 0: 80002f34 (083f2823) mem 80002fc0 00000001
core 0: 80002f38 (ff9ff06f) x0 80002f3c
core 0: 80002f30 (00000f17) x30 80002f30
core 0: 80002f34 (083f2823) mem 80002fc0 00000001
core 0: 80002f38 (ff9ff06f) x0 80002f3c
core 0: 80002f30 (00000f17) x30 80002f30
core 0: 80002f34 (083f2823) mem 80002fc0 00000001
core 0: 80002f38 (ff9ff06f) x0 80002f3c
core 0: 80002f30 (00000f17) x30 80002f30
core 0: 80002f34 (083f2823) mem 80002fc0 00000001
core 0: 80002f38 (ff9ff06f) x0 80002f3c
core 0: 80002f30 (00000f17) x30 80002f30
core 0: 80002f34 (083f2823) mem 80002fc0 00000001
core 0: 80002f38 (ff9ff06f) x0 80002f3c
core 0: 80002f30 (00000f17) x30 80002f30
core 0: 80002f34 (083f2823) mem 80002fc0 00000001
core 0: 80002f38 (ff9ff06f) x0 80002f3c
core 0: 80002f30 (00000f17) x30 80002f30
core 0: 80002f34 (083f2823) mem 80002fc0 00000001
core 0: 80002f38 (ff9ff06f) x0 80002f3c
core 0: 80002f30 (00000f17) x30 80002f30
core 0: 80002f34 (083f2823) mem 80002fc0 00000001
core 0: 80002f38 (ff9ff06f) x0 80002f3c
core 0: 80002f30 (00000f17) x30 80002f30
core 0: 80002f34 (083f2823) mem 80002fc0 00000001
core 0: 80002f38 (ff9ff06f) x0 80002f3c
core 0: 80002f30 (00000f17) x30 80002f30
core 0: 80002f34 (083f2823) mem 80002fc0 00000001
core 0: 80002f38 (ff9ff06f) x0 80002f3c
core 0: 80002f30 (00000f17) x30 80002f30
core 0: 80002f34 (083f2823) mem 80002fc0 00000001
core 0: 80002f38 (ff9ff06f) x0 80002f3c
core 0: 80002f30 (00000f17) x30 80002f30
core 0: 80002f34 (083f2823) mem 80002fc0 00000001
core 0: 80002f38 (ff9ff06f) x0 80002f3c
core 0: 80002f30 (00000f17) x30 80002f30
core 0: 80002f34 (083f2823) mem 80002fc0 00000001
core 0: 80002f38 (ff9ff06f) x0 80002f3c
core 0: 80002f30 (00000f17) x30 80002f30
core 0: 80002f34 (083f2823) mem 80002fc0 00000001
core 0: 80002f38 (ff9ff06f) x0 80002f3c
core 0: 80002f30 (00000f17) x30 80002f30
core 0: 80002f34 (083f2823) mem 80002fc0 00000001
core 0: 80002f38 (ff9ff06f) x0 80002f3c
core 0: 80002f30 (00000f17) x30 80002f30
core 0: 80002f34 (083f2823) mem 80002fc0 00000001
core 0: 80002f38 (ff9ff06f) x0 80002f3c
core 0: 80002f30 (00000f17) x30 80002f30
core 0: 80002f34 (083f2823) mem 80002fc0 00000001
core 0: 80002f38 (ff9ff06f) x0 80002f3c
core 0: 80002f30 (00000f17) x30 80002f30
core 0: 80002f34 (083f2823) mem 80002fc0 00000001
core 0: 80002f38 (ff9ff06f) x0 80002f3c
core 0: 80002f30 (00000f17) x30 80002f30
core 0: 80002f34 (083f2823) mem 80002fc0 00000001
core 0: 80002f38 (ff9ff06f) x0 80002f3c
core 0: 80002f30 (00000f17) x30 80002f30
core 0: 80002f34 (083f2823) mem 80002fc0 00000001
core 0: 80002f38 (ff9ff06f) x0 80002f3c
core 0: 80002f30 (00000f17) x30 80002f30
core 0: 80002f34 (083f2823) mem 80002fc0 00000001
core 0: 80002f38 (ff9ff06f) x0 80002f3c
core 0: 80002f30 (00000f17) x30 80002f30
core 0: 80002f34 (083f2823) mem 80002fc0 00000001
core 0: 80002f38 (ff9ff06f) x0 80002f3c
core 0: 80002f30 (00000f17) x30 80002f30
core 0: 80002f34 (083f2823) mem 80002fc0 00000001
core 0: 80002f38 (ff9ff06f) x0 80002f3c
core 0: 80002f30 (00000f17) x30 80002f30
core 0: 80002f34 (083f2823) mem 80002fc0 00000001
core 0: 80002f38 (ff9ff06f) x0 80002f3c
core 0: 80002f30 (00000f17) x30 80002f30
core 0: 80002f34 (083f2823) mem 80002fc0 00000001
core 0: 80002f38 (ff9ff06f) x0 80002f3c
core 0: 80002f30 (00000f17) x30 80002f30
core 0: 80002f34 (083f2823) mem 80002fc0 00000001
core 0: 80002f38 (ff9ff06f) x0 80002f3c
core 0: 80002f30 (00000f17) x30 80002f30
core 0: 80002f34 (083f2823) mem 80002fc0 00000001
core 0: 80002f38 (ff9ff06f) x0 80002f3c
core 0: 80002f30 (00000f17) x30 80002f30
core 0: 80002f34 (083f2823) mem 80002fc0 00000001
core 0: 80002f38 (ff9ff06f) x0 80002f3c
core 0: 80002f30 (00000f17) x30 80002f30
core 0: 80002f34 (083f2823) mem 80002fc0 00000001
core 0: 80002f38 (ff9ff06f) x0 80002f3c
core 0: 80002f30 (00000f17) x30 80002f30
core 0: 80002f34 (083f2823) mem 80002fc0 00000001
core 0: 80002f38 (ff9ff06f) x0 80002f3c
core 0: 80002f30 (00000f17) x30 80002f30
core 0: 80002f34 (083f2823) mem 80002fc0 00000001
core 0: 80002f38 (ff9ff06f) x0 80002f3c
core 0: 80002f30 (00000f17) x30 80002f30
core 0: 80002f34 (083f2823) mem 80002fc0 00000001
core 0: 80002f38 (ff9ff06f) x0 80002f3c
core 0: 80002f30 (00000f17) x30 80002f30
core 0: 80002f34 (083f2823) mem 80002fc0 00000001
core 0: 80002f38 (ff9ff06f) x0 80002f3c
core 0: 80002f30 (00000f17) x30 80002f30
core 0: 80002f34 (083f2823) mem 80002fc0 00000001
core 0: 80002f38 (ff9ff06f) x0 80002f3c
core 0: 80002f30 (00000f17) x30 80002f30
core 0: 80002f34 (083f2823) mem 80002fc0 00000001
core 0: 80002f38 (ff9ff06f) x0 80002f3c
core 0: 80002f30 (00000f17) x30 80002f30
core 0: 80002f34 (083f2823) mem 80002fc0 00000001
core 0: 80002f38 (ff9ff06f) x0 80002f3c
core 0: 80002f30 (00000f17) x30 80002f30
core 0: 80002f34 (083f2823) mem 80002fc0 00000001
core 0: 80002f38 (ff9ff06f) x0 80002f3c
core 0: 80002f30 (00000f17) x30 80002f30
core 0: 80002f34 (083f2823) mem 80002fc0 00000001
core 0: 80002f38 (ff9ff06f) x0 80002f3c
core 0: 80002f30 (00000f17) x30 80002f30
core 0: 80002f34 (083f2823) mem 80002fc0 00000001
core 0: 80002f38 (ff9ff06f) x0 80002f3c
core 0: 80002f30 (00000f17) x30 80002f30
core 0: 80002f34 (083f2823) mem 80002fc0 00000001
core 0: 80002f38 (ff9ff06f) x0 80002f3c
core 0: 80002f30 (00000f17) x30 80002f30
core 0: 80002f34 (083f2823) mem 80002fc0 00000001
core 0: 80002f38 (ff9ff06f) x0 80002f3c
core 0: 80002f30 (00000f17) x30 80002f30
core 0: 80002f34 (083f2823) mem 80002fc0 00000001
core 0: 80002f38 (ff9ff06f) x0 80002f3c
core 0: 80002f30 (00000f17) x30 80002f30
core 0: 80002f34 (083f2823) mem 80002fc0 00000001
core 0: 80002f38 (ff9ff06f) x0 80002f3c
core 0: 80002f30 (00000f17) x30 80002f30
core 0: 80002f34 (083f2823) mem 80002fc0 00000001
core 0: 80002f38 (ff9ff06f) x0 80002f3c
core 0: 80002f30 (00000f17) x30 80002f30
core 0: 80002f34 (083f2823) mem 80002fc0 00000001
core 0: 80002f38 (ff9ff06f) x0 80002f3c
core 0: 80002f30 (00000f17) x30 80002f30
core 0: 80002f34 (083f2823) mem 80002fc0 00000001
core 0: 80002f38 (ff9ff06f) x0 80002f3c
core 0: 80002f30 (00000f17) x30 80002f30
core 0: 80002f34 (083f2823) mem 80002fc0 00000001
core 0: 80002f38 (ff9ff06f) x0 80002f3c
core 0: 80002f30 (00000f17) x30 80002f30
core 0: 80002f34 (083f2823) mem 80002fc0 00000001
core 0: 80002f38 (ff9ff06f) x0 80002f3c
core 0: 80002f30 (00000f17) x30 80002f30
core 0: 80002f34 (083f2823) mem 80002fc0 00000001
core 0: 80002f38 (ff9ff06f) x0 80002f3c
core 0: 80002f30 (00000f17) x30 80002f30
core 0: 80002f34 (083f2823) mem 80002fc0 00000001
core 0: 80002f38 (ff9ff06f) x0 80002f3c
core 0: 80002f30 (00000f17) x30 80002f30
core 0: 80002f34 (083f2823) mem 80002fc0 00000001
core 0: 80002f38 (ff9ff06f) x0 80002f3c
core 0: 80002f30 (00000f17) x30 80002f30
core 0: 80002f34 (083f2823) mem 80002fc0 00000001
core 0: 80002f38 (ff9ff06f) x0 80002f3c
core 0: 80002f30 (00000f17) x30 80002f30
core 0: 80002f34 (083f2823) mem 80002fc0 00000001
core 0: 80002f38 (ff9ff06f) x0 80002f3c
core 0: 80002f30 (00000f17) x30 80002f30
core 0: 80002f34 (083f2823) mem 80002fc0 00000001
core 0: 80002f38 (ff9ff06f) x0 80002f3c
core 0: 80002f30 (00000f17) x30 80002f30
core 0: 80002f34 (083f2823) mem 80002fc0 00000001
core 0: 80002f38 (ff9ff06f) x0 80002f3c
core 0: 80002f30 (00000f17) x30 80002f30
core 0: 80002f34 (083f2823) mem 80002fc0 00000001
core 0: 80002f38 (ff9ff06f) x0 80002f3c
core 0: 80002f30 (00000f17) x30 80002f30
core 0: 80002f34 (083f2823) mem 80002fc0 00000001
core 0: 80002f38 (ff9ff06f) x0 80002f3c
core 0: 80002f30 (00000f17) x30 80002f30
core 0: 80002f34 (083f2823) mem 80002fc0 00000001
core 0: 80002f38 (ff9ff06f) x0 80002f3c
core 0: 80002f30 (00000f17) x30 80002f30
core 0: 80002f34 (083f2823) mem 80002fc0 00000001
core 0: 80002f38 (ff9ff06f) x0 80002f3c
core 0: 80002f30 (00000f17) x30 80002f30
core 0: 80002f34 (083f2823) mem 80002fc0 00000001
core 0: 80002f38 (ff9ff06f) x0 80002f3c
core 0: 80002f30 (00000f17) x30 80002f30
core 0: 80002f34 (083f2823) mem 80002fc0 00000001
core 0: 80002f38 (ff9ff06f) x0 80002f3c
core 0: 80002f30 (00000f17) x30 80002f30
core 0: 80002f34 (083f2823) mem 80002fc0 00000001
core 0: 80002f38 (ff9ff06f) x0 80002f3c
core 0: 80002f30 (00000f17) x30 80002f30
core 0: 80002f34 (083f2823) mem 80002fc0 00000001
core 0: 80002f38 (ff9ff06f) x0 80002f3c
core 0: 80002f30 (00000f17) x30 80002f30
core 0: 80002f34 (083f2823) mem 80002fc0 00000001
core 0: 80002f38 (ff9ff06f) x0 80002f3c
core 0: 80002f30 (00000f17) x30 80002f30
core 0: 80002f34 (083f2823) mem 80002fc0 00000001
core 0: 80002f38 (ff9ff06f) x0 80002f3c
core 0: 80002f30 (00000f17) x30 80002f30
core 0: 80002f34 (083f2823) mem 80002fc0 00000001
core 0: 80002f38 (ff9ff06f) x0 80002f3c
core 0: 80002f30 (00000f17) x30 80002f30
core 0: 80002f34 (083f2823) mem 80002fc0 00000001
core 0: 80002f38 (ff9ff06f) x0 80002f3c
core 0: 80002f30 (00000f17) x30 80002f30
core 0: 80002f34 (083f2823) mem 80002fc0 00000001
core 0: 80002f38 (ff9ff06f) x0 80002f3c
core 0: 80002f30 (00000f17) x30 80002f30
core 0: 80002f34 (083f2823) mem 80002fc0 00000001
core 0: 80002f38 (ff9ff06f) x0 80002f3c
core 0: 80002f30 (00000f17) x30 80002f30
core 0: 80002f34 (083f2823) mem 80002fc0 00000001
core 0: 80002f38 (ff9ff06f) x0 80002f3c
core 0: 80002f30 (00000f17) x30 80002f30
core 0: 80002f34 (083f2823) mem 80002fc0 00000001
core 0: 80002f38 (ff9ff06f) x0 80002f3c
core 0: 80002f30 (00000f17) x30 80002f30
core 0: 80002f34 (083f2823) mem 80002fc0 00000001
core 0: 80002f38 (ff9ff06f) x0 80002f3c
core 0: 80002f30 (00000f17) x30 80002f30
core 0: 80002f34 (083f2823) mem 80002fc0 00000001
core 0: 80002f38 (ff9ff06f) x0 80002f3c
core 0: 80002f30 (00000f17) x30 80002f30
core 0: 80002f34 (083f2823) mem 80002fc0 00000001
core 0: 80002f38 (ff9ff06f) x0 80002f3c
core 0: 80002f30 (00000f17) x30 80002f30
core 0: 80002f34 (083f2823) mem 80002fc0 00000001
core 0: 80002f38 (ff9ff06f) x0 80002f3c
core 0: 80002f30 (00000f17) x30 80002f30
core 0: 80002f34 (083f2823) mem 80002fc0 00000001
core 0: 80002f38 (ff9ff06f) x0 80002f3c
core 0: 80002f30 (00000f17) x30 80002f30
core 0: 80002f34 (083f2823) mem 80002fc0 00000001
core 0: 80002f38 (ff9ff06f) x0 80002f3c
core 0: 80002f30 (00000f17) x30 80002f30
core 0: 80002f34 (083f2823) mem 80002fc0 00000001
core 0: 80002f38 (ff9ff06f) x0 80002f3c
core 0: 80002f30 (00000f17) x30 80002f30
core 0: 80002f34 (083f2823) mem 80002fc0 00000001
core 0: 80002f38 (ff9ff06f) x0 80002f3c
core 0: 80002f30 (00000f17) x30 80002f30
core 0: 80002f34 (083f2823) mem 80002fc0 00000001
core 0: 80002f38 (ff9ff06f) x0 80002f3c
core 0: 80002f30 (00000f17) x30 80002f30
core 0: 80002f34 (083f2823) mem 80002fc0 00000001
core 0: 80002f38 (ff9ff06f) x0 80002f3c
core 0: 80002f30 (00000f17) x30 80002f30
core 0: 80002f34 (083f2823) mem 80002fc0 00000001
core 0: 80002f38 (ff9ff06f) x0 80002f3c
core 0: 80002f30 (00000f17) x30 80002f30
core 0: 80002f34 (083f2823) mem 80002fc0 00000001
core 0: 80002f38 (ff9ff06f) x0 80002f3c
core 0: 80002f30 (00000f17) x30 80002f30
core 0: 80002f34 (083f2823) mem 80002fc0 00000001
core 0: 80002f38 (ff9ff06f) x0 80002f3c
core 0: 80002f30 (00000f17) x30 80002f30
core 0: 80002f34 (083f2823) mem 80002fc0 00000001
core 0: 80002f38 (ff9ff06f) x0 80002f3c
core 0: 80002f30 (00000f17) x30 80002f30
core 0: 80002f34 (083f2823) mem 80002fc0 00000001
core 0: 80002f38 (ff9ff06f) x0 80002f3c
core 0: 80002f30 (00000f17) x30 80002f30
core 0: 80002f34 (083f2823) mem 80002fc0 00000001
core 0: 80002f38 (ff9ff06f) x0 80002f3c
core 0: 80002f30 (00000f17) x30 80002f30
core 0: 80002f34 (083f2823) mem 80002fc0 00000001
core 0: 80002f38 (ff9ff06f) x0 80002f3c
core 0: 80002f30 (00000f17) x30 80002f30
core 0: 80002f34 (083f2823) mem 80002fc0 00000001
core 0: 80002f38 (ff9ff06f) x0 80002f3c
core 0: 80002f30 (00000f17) x30 80002f30
core 0: 80002f34 (083f2823) mem 80002fc0 00000001
core 0: 80002f38 (ff9ff06f) x0 80002f3c
core 0: 80002f30 (00000f17) x30 80002f30
core 0: 80002f34 (083f2823) mem 80002fc0 00000001
core 0: 80002f38 (ff9ff06f) x0 80002f3c
core 0: 80002f30 (00000f17) x30 80002f30
core 0: 80002f34 (083f2823) mem 80002fc0 00000001
core 0: 80002f38 (ff9ff06f) x0 80002f3c
core 0: 80002f30 (00000f17) x30 80002f30
core 0: 80002f34 (083f2823) mem 80002fc0 00000001
core 0: 80002f38 (ff9ff06f) x0 80002f3c
core 0: 80002f30 (00000f17) x30 80002f30
core 0: 80002f34 (083f2823) mem 80002fc0 00000001
core 0: 80002f38 (ff9ff06f) x0 80002f3c
core 0: 80002f30 (00000f17) x30 80002f30
core 0: 80002f34 (083f2823) mem 80002fc0 00000001
core 0: 80002f38 (ff9ff06f) x0 80002f3c
core 0: 80002f30 (00000f17) x30 80002f30
core 0: 80002f34 (083f2823) mem 80002fc0 00000001
core 0: 80002f38 (ff9ff06f) x0 80002f3c
core 0: 80002f30 (00000f17) x30 80002f30
core 0: 80002f34 (083f2823) mem 80002fc0 00000001
core 0: 80002f38 (ff9ff06f) x0 80002f3c
core 0: 80002f30 (00000f17) x30 80002f30
core 0: 80002f34 (083f2823) mem 80002fc0 00000001
core 0: 80002f38 (ff9ff06f) x0 80002f3c
core 0: 80002f30 (00000f17) x30 80002f30
core 0: 80002f34 (083f2823) mem 80002fc0 00000001
core 0: 80002f38 (ff9ff06f) x0 80002f3c
core 0: 80002f30 (00000f17) x30 80002f30
core 0: 80002f34 (083f2823) mem 80002fc0 00000001
core 0: 80002f38 (ff9ff06f) x0 80002f3c
core 0: 80002f30 (00000f17) x30 80002f30
core 0: 80002f34 (083f2823) mem 80002fc0 00000001
core 0: 80002f38 (ff9ff06f) x0 80002f3c
core 0: 80002f30 (00000f17) x30 80002f30
core 0: 80002f34 (083f2823) mem 80002fc0 00000001
core 0: 80002f38 (ff9ff06f) x0 80002f3c
core 0: 80002f30 (00000f17) x30 80002f30
core 0: 80002f34 (083f2823) mem 80002fc0 00000001
core 0: 80002f38 (ff9ff06f) x0 80002f3c
core 0: 80002f30 (00000f17) x30 80002f30
core 0: 80002f34 (083f2823) mem 80002fc0 00000001
core 0: 80002f38 (ff9ff06f) x0 80002f3c
core 0: 80002f30 (00000f17) x30 80002f30
core 0: 80002f34 (083f2823) mem 80002fc0 00000001
core 0: 80002f38 (ff9ff06f) x0 80002f3c
core 0: 80002f30 (00000f17) x30 80002f30
core 0: 80002f34 (083f2823) mem 80002fc0 00000001
core 0: 80002f38 (ff9ff06f) x0 80002f3c
core 0: 80002f30 (00000f17) x30 80002f30
core 0: 80002f34 (083f2823) mem 80002fc0 00000001
core 0: 80002f38 (ff9ff06f) x0 80002f3c
core 0: 80002f30 (00000f17) x30 80002f30
core 0: 80002f34 (083f2823) mem 80002fc0 00000001
core 0: 80002f38 (ff9ff06f) x0 80002f3c
core 0: 80002f30 (00000f17) x30 80002f30
core 0: 80002f34 (083f2823) mem 80002fc0 00000001
core 0: 80002f38 (ff9ff06f) x0 80002f3c
core 0: 80002f30 (00000f17) x30 80002f30
core 0: 80002f34 (083f2823) mem 80002fc0 00000001
core 0: 80002f38 (ff9ff06f) x0 80002f3c
core 0: 80002f30 (00000f17) x30 80002f30
core 0: 80002f34 (083f2823) mem 80002fc0 00000001
core 0: 80002f38 (ff9ff06f) x0 80002f3c
core 0: 80002f30 (00000f17) x30 80002f30
core 0: 80002f34 (083f2823) mem 80002fc0 00000001
core 0: 80002f38 (ff9ff06f) x0 80002f3c
core 0: 80002f30 (00000f17) x30 80002f30
core 0: 80002f34 (083f2823) mem 80002fc0 00000001
core 0: 80002f38 (ff9ff06f) x0 80002f3c
core 0: 80002f30 (00000f17) x30 80002f30
core 0: 80002f34 (083f2823) mem 80002fc0 00000001
core 0: 80002f38 (ff9ff06f) x0 80002f3c
core 0: 80002f30 (00000f17) x30 80002f30
core 0: 80002f34 (083f2823) mem 80002fc0 00000001
core 0: 80002f38 (ff9ff06f) x0 80002f3c
core 0: 80002f30 (00000f17) x30 80002f30
core 0: 80002f34 (083f2823) mem 80002fc0 00000001
core 0: 80002f38 (ff9ff06f) x0 80002f3c
core 0: 80002f30 (00000f17) x30 80002f30
core 0: 80002f34 (083f2823) mem 80002fc0 00000001
core 0: 80002f38 (ff9ff06f) x0 80002f3c
core 0: 80002f30 (00000f17) x30 80002f30
core 0: 80002f34 (083f2823) mem 80002fc0 00000001
core 0: 80002f38 (ff9ff06f) x0 80002f3c
core 0: 80002f30 (00000f17) x30 80002f30
core 0: 80002f34 (083f2823) mem 80002fc0 00000001
core 0: 80002f38 (ff9ff06f) x0 80002f3c
core 0: 80002f30 (00000f17) x30 80002f30
core 0: 80002f34 (083f2823) mem 80002fc0 00000001
core 0: 80002f38 (ff9ff06f) x0 80002f3c
core 0: 80002f30 (00000f17) x30 80002f30
core 0: 80002f34 (083f2823) mem 80002fc0 00000001
core 0: 80002f38 (ff9ff06f) x0 80002f3c
core 0: 80002f30 (00000f17) x30 80002f30
core 0: 80002f34 (083f2823) mem 80002fc0 00000001
core 0: 80002f38 (ff9ff06f) x0 80002f3c
core 0: 80002f30 (00000f17) x30 80002f30
core 0: 80002f34 (083f2823) mem 80002fc0 00000001
core 0: 80002f38 (ff9ff06f) x0 80002f3c
core 0: 80002f30 (00000f17) x30 80002f30
core 0: 80002f34 (083f2823) mem 80002fc0 00000001
core 0: 80002f38 (ff9ff06f) x0 80002f3c
core 0: 80002f30 (00000f17) x30 80002f30
core 0: 80002f34 (083f2823) mem 80002fc0 00000001
core 0: 80002f38 (ff9ff06f) x0 80002f3c
core 0: 80002f30 (00000f17) x30 80002f30
core 0: 80002f34 (083f2823) mem 80002fc0 00000001
core 0: 80002f38 (ff9ff06f) x0 80002f3c
core 0: 80002f30 (00000f17) x30 80002f30
core 0: 80002f34 (083f2823) mem 80002fc0 00000001
core 0: 80002f38 (ff9ff06f) x0 80002f3c
core 0: 80002f30 (00000f17) x30 80002f30
core 0: 80002f34 (083f2823) mem 80002fc0 00000001
core 0: 80002f38 (ff9ff06f) x0 80002f3c
core 0: 80002f30 (00000f17) x30 80002f30
core 0: 80002f34 (083f2823) mem 80002fc0 00000001
core 0: 80002f38 (ff9ff06f) x0 80002f3c
core 0: 80002f30 (00000f17) x30 80002f30
core 0: 80002f34 (083f2823) mem 80002fc0 00000001
core 0: 80002f38 (ff9ff06f) x0 80002f3c
core 0: 80002f30 (00000f17) x30 80002f30
core 0: 80002f34 (083f2823) mem 80002fc0 00000001
core 0: 80002f38 (ff9ff06f) x0 80002f3c
core 0: 80002f30 (00000f17) x30 80002f30
core 0: 80002f34 (083f2823) mem 80002fc0 00000001
core 0: 80002f38 (ff9ff06f) x0 80002f3c
core 0: 80002f30 (00000f17) x30 80002f30
core 0: 80002f34 (083f2823) mem 80002fc0 00000001
core 0: 80002f38 (ff9ff06f) x0 80002f3c
core 0: 80002f30 (00000f17) x30 80002f30
core 0: 80002f34 (083f2823) mem 80002fc0 00000001
core 0: 80002f38 (ff9ff06f) x0 80002f3c
core 0: 80002f30 (00000f17) x30 80002f30
core 0: 80002f34 (083f2823) mem 80002fc0 00000001
core 0: 80002f38 (ff9ff06f) x0 80002f3c
core 0: 80002f30 (00000f17) x30 80002f30
core 0: 80002f34 (083f2823) mem 80002fc0 00000001
core 0: 80002f38 (ff9ff06f) x0 80002f3c
core 0: 80002f30 (00000f17) x30 80002f30
core 0: 80002f34 (083f2823) mem 80002fc0 00000001
core 0: 80002f38 (ff9ff06f) x0 80002f3c
core 0: 80002f30 (00000f17) x30 80002f30
core 0: 80002f34 (083f2823) mem 80002fc0 00000001
core 0: 80002f38 (ff9ff06f) x0 80002f3c
core 0: 80002f30 (00000f17) x30 80002f30
core 0: 80002f34 (083f2823) mem 80002fc0 00000001
core 0: 80002f38 (ff9ff06f) x0 80002f3c
core 0: 80002f30 (00000f17) x30 80002f30
core 0: 80002f34 (083f2823) mem 80002fc0 00000001
core 0: 80002f38 (ff9ff06f) x0 80002f3c
core 0: 80002f30 (00000f17) x30 80002f30
core 0: 80002f34 (083f2823) mem 80002fc0 00000001
core 0: 80002f38 (ff9ff06f) x0 80002f3c
core 0: 80002f30 (00000f17) x30 80002f30
core 0: 80002f34 (083f2823) mem 80002fc0 00000001
core 0: 80002f38 (ff9ff06f) x0 80002f3c
core 0: 80002f30 (00000f17) x30 80002f30
core 0: 80002f34 (083f2823) mem 80002fc0 00000001
core 0: 80002f38 (ff9ff06f) x0 80002f3c
core 0: 80002f30 (00000f17) x30 80002f30
core 0: 80002f34 (083f2823) mem 80002fc0 00000001
core 0: 80002f38 (ff9ff06f) x0 80002f3c
core 0: 80002f30 (00000f17) x30 80002f30
core 0: 80002f34 (083f2823) mem 80002fc0 00000001
core 0: 80002f38 (ff9ff06f) x0 80002f3c
core 0: 80002f30 (00000f17) x30 80002f30
core 0: 80002f34 (083f2823) mem 80002fc0 00000001
core 0: 80002f38 (ff9ff06f) x0 80002f3c
core 0: 80002f30 (00000f17) x30 80002f30
core 0: 80002f34 (083f2823) mem 80002fc0 00000001
core 0: 80002f38 (ff9ff06f) x0 80002f3c
core 0: 80002f30 (00000f17) x30 80002f30
core 0: 80002f34 (083f2823) mem 80002fc0 00000001
core 0: 80002f38 (ff9ff06f) x0 80002f3c
core 0: 80002f30 (00000f17) x30 80002f30
core 0: 80002f34 (083f2823) mem 80002fc0 00000001
core 0: 80002f38 (ff9ff06f) x0 80002f3c
core 0: 80002f30 (00000f17) x30 80002f30
core 0: 80002f34 (083f2823) mem 80002fc0 00000001
core 0: 80002f38 (ff9ff06f) x0 80002f3c
core 0: 80002f30 (00000f17) x30 80002f30
core 0: 80002f34 (083f2823) mem 80002fc0 00000001
core 0: 80002f38 (ff9ff06f) x0 80002f3c
core 0: 80002f30 (00000f17) x30 80002f30
core 0: 80002f34 (083f2823) mem 80002fc0 00000001
core 0: 80002f38 (ff9ff06f) x0 80002f3c
core 0: 80002f30 (00000f17) x30 80002f30
core 0: 80002f34 (083f2823) mem 80002fc0 00000001
core 0: 80002f38 (ff9ff06f) x0 80002f3c
core 0: 80002f30 (00000f17) x30 80002f30
core 0: 80002f34 (083f2823) mem 80002fc0 00000001
core 0: 80002f38 (ff9ff06f) x0 80002f3c
core 0: 80002f30 (00000f17) x30 80002f30
core 0: 80002f34 (083f2823) mem 80002fc0 00000001
core 0: 80002f38 (ff9ff06f) x0 80002f3c
core 0: 80002f30 (00000f17) x30 80002f30
core 0: 80002f34 (083f2823) mem 80002fc0 00000001
core 0: 80002f38 (ff9ff06f) x0 80002f3c
core 0: 80002f30 (00000f17) x30 80002f30
core 0: 80002f34 (083f2823) mem 80002fc0 00000001
core 0: 80002f38 (ff9ff06f) x0 80002f3c
core 0: 80002f30 (00000f17) x30 80002f30
core 0: 80002f34 (083f2823) mem 80002fc0 00000001
core 0: 80002f38 (ff9ff06f) x0 80002f3c
core 0: 80002f30 (00000f17) x30 80002f30
core 0: 80002f34 (083f2823) mem 80002fc0 00000001
core 0: 80002f38 (ff9ff06f) x0 80002f3c
core 0: 80002f30 (00000f17) x30 80002f30
core 0: 80002f34 (083f2823) mem 80002fc0 00000001
core 0: 80002f38 (ff9ff06f) x0 80002f3c
core 0: 80002f30 (00000f17) x30 80002f30
core 0: 80002f34 (083f2823) mem 80002fc0 00000001
core 0: 80002f38 (ff9ff06f) x0 80002f3c
core 0: 80002f30 (00000f17) x30 80002f30
core 0: 80002f34 (083f2823) mem 80002fc0 00000001
core 0: 80002f38 (ff9ff06f) x0 80002f3c
core 0: 80002f30 (00000f17) x30 80002f30
core 0: 80002f34 (083f2823) mem 80002fc0 00000001
core 0: 80002f38 (ff9ff06f) x0 80002f3c
core 0: 80002f30 (00000f17) x30 80002f30
core 0: 80002f34 (083f2823) mem 80002fc0 00000001
core 0: 80002f38 (ff9ff06f) x0 80002f3c
core 0: 80002f30 (00000f17) x30 80002f30
core 0: 80002f34 (083f2823) mem 80002fc0 00000001
core 0: 80002f38 (ff9ff06f) x0 80002f3c
core 0: 80002f30 (00000f17) x30 80002f30
core 0: 80002f34 (083f2823) mem 80002fc0 00000001
core 0: 80002f38 (ff9ff06f) x0 80002f3c
core 0: 80002f30 (00000f17) x30 80002f30
core 0: 80002f34 (083f2823) mem 80002fc0 00000001
core 0: 80002f38 (ff9ff06f) x0 80002f3c
core 0: 80002f30 (00000f17) x30 80002f30
core 0: 80002f34 (083f2823) mem 80002fc0 00000001
core 0: 80002f38 (ff9ff06f) x0 80002f3c
core 0: 80002f30 (00000f17) x30 80002f30
core 0: 80002f34 (083f2823) mem 80002fc0 00000001
core 0: 80002f38 (ff9ff06f) x0 80002f3c
core 0: 80002f30 (00000f17) x30 80002f30
core 0: 80002f34 (083f2823) mem 80002fc0 00000001
core 0: 80002f38 (ff9ff06f) x0 80002f3c
core 0: 80002f30 (00000f17) x30 80002f30
core 0: 80002f34 (083f2823) mem 80002fc0 00000001
core 0: 80002f38 (ff9ff06f) x0 80002f3c
core 0: 80002f30 (00000f17) x30 80002f30
core 0: 80002f34 (083f2823) mem 80002fc0 00000001
core 0: 80002f38 (ff9ff06f) x0 80002f3c
core 0: 80002f30 (00000f17) x30 80002f30
core 0: 80002f34 (083f2823) mem 80002fc0 00000001
core 0: 80002f38 (ff9ff06f) x0 80002f3c
core 0: 80002f30 (00000f17) x30 80002f30
core 0: 80002f34 (083f2823) mem 80002fc0 00000001
core 0: 80002f38 (ff9ff06f) x0 80002f3c
core 0: 80002f30 (00000f17) x30 80002f30
core 0: 80002f34 (083f2823) mem 80002fc0 00000001
core 0: 80002f38 (ff9ff06f) x0 80002f3c
core 0: 80002f30 (00000f17) x30 80002f30
core 0: 80002f34 (083f2823) mem 80002fc0 00000001
core 0: 80002f38 (ff9ff06f) x0 80002f3c
core 0: 80002f30 (00000f17) x30 80002f30
core 0: 80002f34 (083f2823) mem 80002fc0 00000001
core 0: 80002f38 (ff9ff06f) x0 80002f3c
core 0: 80002f30 (00000f17) x30 80002f30
core 0: 80002f34 (083f2823) mem 80002fc0 00000001
core 0: 80002f38 (ff9ff06f) x0 80002f3c
core 0: 80002f30 (00000f17) x30 80002f30
core 0: 80002f34 (083f2823) mem 80002fc0 00000001
core 0: 80002f38 (ff9ff06f) x0 80002f3c
core 0: 80002f30 (00000f17) x30 80002f30
core 0: 80002f34 (083f2823) mem 80002fc0 00000001
core 0: 80002f38 (ff9ff06f) x0 80002f3c
core 0: 80002f30 (00000f17) x30 80002f30
core 0: 80002f34 (083f2823) mem 80002fc0 00000001
core 0: 80002f38 (ff9ff06f) x0 80002f3c
core 0: 80002f30 (00000f17) x30 80002f30
core 0: 80002f34 (083f2823) mem 80002fc0 00000001
core 0: 80002f38 (ff9ff06f) x0 80002f3c
core 0: 80002f30 (00000f17) x30 80002f30
core 0: 80002f34 (083f2823) mem 80002fc0 00000001
core 0: 80002f38 (ff9ff06f) x0 80002f3c
core 0: 80002f30 (00000f17) x30 80002f30
core 0: 80002f34 (083f2823) mem 80002fc0 00000001
core 0: 80002f38 (ff9ff06f) x0 80002f3c
core 0: 80002f30 (00000f17) x30 80002f30
core 0: 80002f34 (083f2823) mem 80002fc0 00000001
core 0: 80002f38 (ff9ff06f) x0 80002f3c
core 0: 80002f30 (00000f17) x30 80002f30
core 0: 80002f34 (083f2823) mem 80002fc0 00000001
core 0: 80002f38 (ff9ff06f) x0 80002f3c
core 0: 80002f30 (00000f17) x30 80002f30
core 0: 80002f34 (083f2823) mem 80002fc0 00000001
core 0: 80002f38 (ff9ff06f) x0 80002f3c
core 0: 80002f30 (00000f17) x30 80002f30
core 0: 80002f34 (083f2823) mem 80002fc0 00000001
core 0: 80002f38 (ff9ff06f) x0 80002f3c
core 0: 80002f30 (00000f17) x30 80002f30
core 0: 80002f34 (083f2823) mem 80002fc0 00000001
core 0: 80002f38 (ff9ff06f) x0 80002f3c
core 0: 80002f30 (00000f17) x30 80002f30
core 0: 80002f34 (083f2823) mem 80002fc0 00000001
core 0: 80002f38 (ff9ff06f) x0 80002f3c
core 0: 80002f30 (00000f17) x30 80002f30
core 0: 80002f34 (083f2823) mem 80002fc0 00000001
core 0: 80002f38 (ff9ff06f) x0 80002f3c
core 0: 80002f30 (00000f17) x30 80002f30
core 0: 80002f34 (083f2823) mem 80002fc0 00000001
core 0: 80002f38 (ff9ff06f) x0 80002f3c
core 0: 80002f30 (00000f17) x30 80002f30
core 0: 80002f34 (083f2823) mem 80002fc0 00000001
core 0: 80002f38 (ff9ff06f) x0 80002f3c
core 0: 80002f30 (00000f17) x30 80002f30
core 0: 80002f34 (083f2823) mem 80002fc0 00000001
core 0: 80002f38 (ff9ff06f) x0 80002f3c
core 0: 80002f30 (00000f17) x30 80002f30
core 0: 80002f34 (083f2823) mem 80002fc0 00000001
core 0: 80002f38 (ff9ff06f) x0 80002f3c
core 0: 80002f30 (00000f17) x30 80002f30
core 0: 80002f34 (083f2823) mem 80002fc0 00000001
core 0: 80002f38 (ff9ff06f) x0 80002f3c
core 0: 80002f30 (00000f17) x30 80002f30
core 0: 80002f34 (083f2823) mem 80002fc0 00000001
core 0: 80002f38 (ff9ff06f) x0 80002f3c
core 0: 80002f30 (00000f17) x30 80002f30
core 0: 80002f34 (083f2823) mem 80002fc0 00000001
core 0: 80002f38 (ff9ff06f) x0 80002f3c
core 0: 80002f30 (00000f17) x30 80002f30
core 0: 80002f34 (083f2823) mem 80002fc0 00000001
core 0: 80002f38 (ff9ff06f) x0 80002f3c
core 0: 80002f30 (00000f17) x30 80002f30
core 0: 80002f34 (083f2823) mem 80002fc0 00000001
core 0: 80002f38 (ff9ff06f) x0 80002f3c
core 0: 80002f30 (00000f17) x30 80002f30
core 0: 80002f34 (083f2823) mem 80002fc0 00000001
core 0: 80002f38 (ff9ff06f) x0 80002f3c
core 0: 80002f30 (00000f17) x30 80002f30
core 0: 80002f34 (083f2823) mem 80002fc0 00000001
core 0: 80002f38 (ff9ff06f) x0 80002f3c
core 0: 80002f30 (00000f17) x30 80002f30
core 0: 80002f34 (083f2823) mem 80002fc0 00000001
core 0: 80002f38 (ff9ff06f) x0 80002f3c
core 0: 80002f30 (00000f17) x30 80002f30
core 0: 80002f34 (083f2823) mem 80002fc0 00000001
core 0: 80002f38 (ff9ff06f) x0 80002f3c
core 0: 80002f30 (00000f17) x30 80002f30
core 0: 80002f34 (083f2823) mem 80002fc0 00000001
core 0: 80002f38 (ff9ff06f) x0 80002f3c
core 0: 80002f30 (00000f17) x30 80002f30
core 0: 80002f34 (083f2823) mem 80002fc0 00000001
core 0: 80002f38 (ff9ff06f) x0 80002f3c
core 0: 80002f30 (00000f17) x30 80002f30
core 0: 80002f34 (083f2823) mem 80002fc0 00000001
core 0: 80002f38 (ff9ff06f) x0 80002f3c
core 0: 80002f30 (00000f17) x30 80002f30
core 0: 80002f34 (083f2823) mem 80002fc0 00000001
core 0: 80002f38 (ff9ff06f) x0 80002f3c
core 0: 80002f30 (00000f17) x30 80002f30
core 0: 80002f34 (083f2823) mem 80002fc0 00000001
core 0: 80002f38 (ff9ff06f) x0 80002f3c
core 0: 80002f30 (00000f17) x30 80002f30
core 0: 80002f34 (083f2823) mem 80002fc0 00000001
core 0: 80002f38 (ff9ff06f) x0 80002f3c
core 0: 80002f30 (00000f17) x30 80002f30
core 0: 80002f34 (083f2823) mem 80002fc0 00000001
core 0: 80002f38 (ff9ff06f) x0 80002f3c
core 0: 80002f30 (00000f17) x30 80002f30
core 0: 80002f34 (083f2823) mem 80002fc0 00000001
core 0: 80002f38 (ff9ff06f) x0 80002f3c
core 0: 80002f30 (00000f17) x30 80002f30
core 0: 80002f34 (083f2823) mem 80002fc0 00000001
core 0: 80002f38 (ff9ff06f) x0 80002f3c
core 0: 80002f30 (00000f17) x30 80002f30
core 0: 80002f34 (083f2823) mem 80002fc0 00000001
core 0: 80002f38 (ff9ff06f) x0 80002f3c
core 0: 80002f30 (00000f17) x30 80002f30
core 0: 80002f34 (083f2823) mem 80002fc0 00000001
core 0: 80002f38 (ff9ff06f) x0 80002f3c
core 0: 80002f30 (00000f17) x30 80002f30
core 0: 80002f34 (083f2823) mem 80002fc0 00000001
core 0: 80002f38 (ff9ff06f) x0 80002f3c
core 0: 80002f30 (00000f17) x30 80002f30
core 0: 80002f34 (083f2823) mem 80002fc0 00000001
core 0: 80002f38 (ff9ff06f) x0 80002f3c
core 0: 80002f30 (00000f17) x30 80002f30
core 0: 80002f34 (083f2823) mem 80002fc0 00000001
core 0: 80002f38 (ff9ff06f) x0 80002f3c
core 0: 80002f30 (00000f17) x30 80002f30
core 0: 80002f34 (083f2823) mem 80002fc0 00000001
core 0: 80002f38 (ff9ff06f) x0 80002f3c
core 0: 80002f30 (00000f17) x30 80002f30
core 0: 80002f34 (083f2823) mem 80002fc0 00000001
core 0: 80002f38 (ff9ff06f) x0 80002f3c
core 0: 80002f30 (00000f17) x30 80002f30
core 0: 80002f34 (083f2823) mem 80002fc0 00000001
core 0: 80002f38 (ff9ff06f) x0 80002f3c
core 0: 80002f30 (00000f17) x30 80002f30
core 0: 80002f34 (083f2823) mem 80002fc0 00000001
core 0: 80002f38 (ff9ff06f) x0 80002f3c
core 0: 80002f30 (00000f17) x30 80002f30
core 0: 80002f34 (083f2823) mem 80002fc0 00000001
core 0: 80002f38 (ff9ff06f) x0 80002f3c
core 0: 80002f30 (00000f17) x30 80002f30
core 0: 80002f34 (083f2823) mem 80002fc0 00000001
core 0: 80002f38 (ff9ff06f) x0 80002f3c
core 0: 80002f30 (00000f17) x30 80002f30
core 0: 80002f34 (083f2823) mem 80002fc0 00000001
core 0: 80002f38 (ff9ff06f) x0 80002f3c
core 0: 80002f30 (00000f17) x30 80002f30
core 0: 80002f34 (083f2823) mem 80002fc0 00000001
core 0: 80002f38 (ff9ff06f) x0 80002f3c
core 0: 80002f30 (00000f17) x30 80002f30
core 0: 80002f34 (083f2823) mem 80002fc0 00000001
core 0: 80002f38 (ff9ff06f) x0 80002f3c
core 0: 80002f30 (00000f17) x30 80002f30
core 0: 80002f34 (083f2823) mem 80002fc0 00000001
core 0: 80002f38 (ff9ff06f) x0 80002f3c
core 0: 80002f30 (00000f17) x30 80002f30
core 0: 80002f34 (083f2823) mem 80002fc0 00000001
core 0: 80002f38 (ff9ff06f) x0 80002f3c
core 0: 80002f30 (00000f17) x30 80002f30
core 0: 80002f34 (083f2823) mem 80002fc0 00000001
core 0: 80002f38 (ff9ff06f) x0 80002f3c
core 0: 80002f30 (00000f17) x30 80002f30
core 0: 80002f34 (083f2823) mem 80002fc0 00000001
core 0: 80002f38 (ff9ff06f) x0 80002f3c
core 0: 80002f30 (00000f17) x30 80002f30
core 0: 80002f34 (083f2823) mem 80002fc0 00000001
core 0: 80002f38 (ff9ff06f) x0 80002f3c
core 0: 80002f30 (00000f17) x30 80002f30
core 0: 80002f34 (083f2823) mem 80002fc0 00000001
core 0: 80002f38 (ff9ff06f) x0 80002f3c
core 0: 80002f30 (00000f17) x30 80002f30
core 0: 80002f34 (083f2823) mem 80002fc0 00000001
core 0: 80002f38 (ff9ff06f) x0 80002f3c
core 0: 80002f30 (00000f17) x30 80002f30
core 0: 80002f34 (083f2823) mem 80002fc0 00000001
core 0: 80002f38 (ff9ff06f) x0 80002f3c
core 0: 80002f30 (00000f17) x30 80002f30
core 0: 80002f34 (083f2823) mem 80002fc0 00000001
core 0: 80002f38 (ff9ff06f) x0 80002f3c
core 0: 80002f30 (00000f17) x30 80002f30
core 0: 80002f34 (083f2823) mem 80002fc0 00000001
core 0: 80002f38 (ff9ff06f) x0 80002f3c
core 0: 80002f30 (00000f17) x30 80002f30
core 0: 80002f34 (083f2823) mem 80002fc0 00000001
core 0: 80002f38 (ff9ff06f) x0 80002f3c
core 0: 80002f30 (00000f17) x30 80002f30
core 0: 80002f34 (083f2823) mem 80002fc0 00000001
core 0: 80002f38 (ff9ff06f) x0 80002f3c
core 0: 80002f30 (00000f17) x30 80002f30
core 0: 80002f34 (083f2823) mem 80002fc0 00000001
core 0: 80002f38 (ff9ff06f) x0 80002f3c
core 0: 80002f30 (00000f17) x30 80002f30
core 0: 80002f34 (083f2823) mem 80002fc0 00000001
core 0: 80002f38 (ff9ff06f) x0 80002f3c
core 0: 80002f30 (00000f17) x30 80002f30
core 0: 80002f34 (083f2823) mem 80002fc0 00000001
core 0: 80002f38 (ff9ff06f) x0 80002f3c
core 0: 80002f30 (00000f17) x30 80002f30
core 0: 80002f34 (083f2823) mem 80002fc0 00000001
core 0: 80002f38 (ff9ff06f) x0 80002f3c
core 0: 80002f30 (00000f17) x30 80002f30
core 0: 80002f34 (083f2823) mem 80002fc0 00000001
core 0: 80002f38 (ff9ff06f) x0 80002f3c
core 0: 80002f30 (00000f17) x30 80002f30
core 0: 80002f34 (083f2823) mem 80002fc0 00000001
core 0: 80002f38 (ff9ff06f) x0 80002f3c
core 0: 80002f30 (00000f17) x30 80002f30
core 0: 80002f34 (083f2823) mem 80002fc0 00000001
core 0: 80002f38 (ff9ff06f) x0 80002f3c
core 0: 80002f30 (00000f17) x30 80002f30
core 0: 80002f34 (083f2823) mem 80002fc0 00000001
core 0: 80002f38 (ff9ff06f) x0 80002f3c
core 0: 80002f30 (00000f17) x30 80002f30
core 0: 80002f34 (083f2823) mem 80002fc0 00000001
core 0: 80002f38 (ff9ff06f) x0 80002f3c
core 0: 80002f30 (00000f17) x30 80002f30
core 0: 80002f34 (083f2823) mem 80002fc0 00000001
core 0: 80002f38 (ff9ff06f) x0 80002f3c
core 0: 80002f30 (00000f17) x30 80002f30
core 0: 80002f34 (083f2823) mem 80002fc0 00000001
core 0: 80002f38 (ff9ff06f) x0 80002f3c
core 0: 80002f30 (00000f17) x30 80002f30
core 0: 80002f34 (083f2823) mem 80002fc0 00000001
core 0: 80002f38 (ff9ff06f) x0 80002f3c
core 0: 80002f30 (00000f17) x30 80002f30
core 0: 80002f34 (083f2823) mem 80002fc0 00000001
core 0: 80002f38 (ff9ff06f) x0 80002f3c
core 0: 80002f30 (00000f17) x30 80002f30
core 0: 80002f34 (083f2823) mem 80002fc0 00000001
core 0: 80002f38 (ff9ff06f) x0 80002f3c
core 0: 80002f30 (00000f17) x30 80002f30
core 0: 80002f34 (083f2823) mem 80002fc0 00000001
core 0: 80002f38 (ff9ff06f) x0 80002f3c
core 0: 80002f30 (00000f17) x30 80002f30
core 0: 80002f34 (083f2823) mem 80002fc0 00000001
core 0: 80002f38 (ff9ff06f) x0 80002f3c
core 0: 80002f30 (00000f17) x30 80002f30
core 0: 80002f34 (083f2823) mem 80002fc0 00000001
core 0: 80002f38 (ff9ff06f) x0 80002f3c
core 0: 80002f30 (00000f17) x30 80002f30
core 0: 80002f34 (083f2823) mem 80002fc0 00000001
core 0: 80002f38 (ff9ff06f) x0 80002f3c
core 0: 80002f30 (00000f17) x30 80002f30
core 0: 80002f34 (083f2823) mem 80002fc0 00000001
core 0: 80002f38 (ff9ff06f) x0 80002f3c
core 0: 80002f30 (00000f17) x30 80002f30
core 0: 80002f34 (083f2823) mem 80002fc0 00000001
core 0: 80002f38 (ff9ff06f) x0 80002f3c
core 0: 80002f30 (00000f17) x30 80002f30
core 0: 80002f34 (083f2823) mem 80002fc0 00000001
core 0: 80002f38 (ff9ff06f) x0 80002f3c
core 0: 80002f30 (00000f17) x30 80002f30
core 0: 80002f34 (083f2823) mem 80002fc0 00000001
core 0: 80002f38 (ff9ff06f) x0 80002f3c
core 0: 80002f30 (00000f17) x30 80002f30
core 0: 80002f34 (083f2823) mem 80002fc0 00000001
core 0: 80002f38 (ff9ff06f) x0 80002f3c
core 0: 80002f30 (00000f17) x30 80002f30
core 0: 80002f34 (083f2823) mem 80002fc0 00000001
core 0: 80002f38 (ff9ff06f) x0 80002f3c
core 0: 80002f30 (00000f17) x30 80002f30
core 0: 80002f34 (083f2823) mem 80002fc0 00000001
core 0: 80002f38 (ff9ff06f) x0 80002f3c
core 0: 80002f30 (00000f17) x30 80002f30
core 0: 80002f34 (083f2823) mem 80002fc0 00000001
core 0: 80002f38 (ff9ff06f) x0 80002f3c
core 0: 80002f30 (00000f17) x30 80002f30
core 0: 80002f34 (083f2823) mem 80002fc0 00000001
core 0: 80002f38 (ff9ff06f) x0 80002f3c
core 0: 80002f30 (00000f17) x30 80002f30
core 0: 80002f34 (083f2823) mem 80002fc0 00000001
core 0: 80002f38 (ff9ff06f) x0 80002f3c
core 0: 80002f30 (00000f17) x30 80002f30
core 0: 80002f34 (083f2823) mem 80002fc0 00000001
core 0: 80002f38 (ff9ff06f) x0 80002f3c
core 0: 80002f30 (00000f17) x30 80002f30
core 0: 80002f34 (083f2823) mem 80002fc0 00000001
core 0: 80002f38 (ff9ff06f) x0 80002f3c
core 0: 80002f30 (00000f17) x30 80002f30
core 0: 80002f34 (083f2823) mem 80002fc0 00000001
core 0: 80002f38 (ff9ff06f) x0 80002f3c
core 0: 80002f30 (00000f17) x30 80002f30
core 0: 80002f34 (083f2823) mem 80002fc0 00000001
core 0: 80002f38 (ff9ff06f) x0 80002f3c
core 0: 80002f30 (00000f17) x30 80002f30
core 0: 80002f34 (083f2823) mem 80002fc0 00000001
core 0: 80002f38 (ff9ff06f) x0 80002f3c
core 0: 80002f30 (00000f17) x30 80002f30
core 0: 80002f34 (083f2823) mem 80002fc0 00000001
core 0: 80002f38 (ff9ff06f) x0 80002f3c
core 0: 80002f30 (00000f17) x30 80002f30
core 0: 80002f34 (083f2823) mem 80002fc0 00000001
core 0: 80002f38 (ff9ff06f) x0 80002f3c
core 0: 80002f30 (00000f17) x30 80002f30
core 0: 80002f34 (083f2823) mem 80002fc0 00000001
core 0: 80002f38 (ff9ff06f) x0 80002f3c
core 0: 80002f30 (00000f17) x30 80002f30
core 0: 80002f34 (083f2823) mem 80002fc0 00000001
core 0: 80002f38 (ff9ff06f) x0 80002f3c
core 0: 80002f30 (00000f17) x30 80002f30
core 0: 80002f34 (083f2823) mem 80002fc0 00000001
core 0: 80002f38 (ff9ff06f) x0 80002f3c
core 0: 80002f30 (00000f17) x30 80002f30
core 0: 80002f34 (083f2823) mem 80002fc0 00000001
core 0: 80002f38 (ff9ff06f) x0 80002f3c
core 0: 80002f30 (00000f17) x30 80002f30
core 0: 80002f34 (083f2823) mem 80002fc0 00000001
core 0: 80002f38 (ff9ff06f) x0 80002f3c
core 0: 80002f30 (00000f17) x30 80002f30
core 0: 80002f34 (083f2823) mem 80002fc0 00000001
core 0: 80002f38 (ff9ff06f) x0 80002f3c
core 0: 80002f30 (00000f17) x30 80002f30
core 0: 80002f34 (083f2823) mem 80002fc0 00000001
core 0: 80002f38 (ff9ff06f) x0 80002f3c
core 0: 80002f30 (00000f17) x30 80002f30
core 0: 80002f34 (083f2823) mem 80002fc0 00000001
core 0: 80002f38 (ff9ff06f) x0 80002f3c
core 0: 80002f30 (00000f17) x30 80002f30
core 0: 80002f34 (083f2823) mem 80002fc0 00000001
core 0: 80002f38 (ff9ff06f) x0 80002f3c
core 0: 80002f30 (00000f17) x30 80002f30
core 0: 80002f34 (083f2823) mem 80002fc0 00000001
core 0: 80002f38 (ff9ff06f) x0 80002f3c
core 0: 80002f30 (00000f17) x30 80002f30
core 0: 80002f34 (083f2823) mem 80002fc0 00000001
core 0: 80002f38 (ff9ff06f) x0 80002f3c
core 0: 80002f30 (00000f17) x30 80002f30
core 0: 80002f34 (083f2823) mem 80002fc0 00000001
core 0: 80002f38 (ff9ff06f) x0 80002f3c
core 0: 80002f30 (00000f17) x30 80002f30
core 0: 80002f34 (083f2823) mem 80002fc0 00000001
core 0: 80002f38 (ff9ff06f) x0 80002f3c
core 0: 80002f30 (00000f17) x30 80002f30
core 0: 80002f34 (083f2823) mem 80002fc0 00000001
core 0: 80002f38 (ff9ff06f) x0 80002f3c
core 0: 80002f30 (00000f17) x30 80002f30
core 0: 80002f34 (083f2823) mem 80002fc0 00000001
core 0: 80002f38 (ff9ff06f) x0 80002f3c
core 0: 80002f30 (00000f17) x30 80002f30
core 0: 80002f34 (083f2823) mem 80002fc0 00000001
core 0: 80002f38 (ff9ff06f) x0 80002f3c
core 0: 80002f30 (00000f17) x30 80002f30
core 0: 80002f34 (083f2823) mem 80002fc0 00000001
core 0: 80002f38 (ff9ff06f) x0 80002f3c
core 0: 80002f30 (00000f17) x30 80002f30
core 0: 80002f34 (083f2823) mem 80002fc0 00000001
core 0: 80002f38 (ff9ff06f) x0 80002f3c
core 0: 80002f30 (00000f17) x30 80002f30
core 0: 80002f34 (083f2823) mem 80002fc0 00000001
core 0: 80002f38 (ff9ff06f) x0 80002f3c
core 0: 80002f30 (00000f17) x30 80002f30
core 0: 80002f34 (083f2823) mem 80002fc0 00000001
core 0: 80002f38 (ff9ff06f) x0 80002f3c
core 0: 80002f30 (00000f17) x30 80002f30
core 0: 80002f34 (083f2823) mem 80002fc0 00000001
core 0: 80002f38 (ff9ff06f) x0 80002f3c
core 0: 80002f30 (00000f17) x30 80002f30
core 0: 80002f34 (083f2823) mem 80002fc0 00000001
core 0: 80002f38 (ff9ff06f) x0 80002f3c
core 0: 80002f30 (00000f17) x30 80002f30
core 0: 80002f34 (083f2823) mem 80002fc0 00000001
core 0: 80002f38 (ff9ff06f) x0 80002f3c
core 0: 80002f30 (00000f17) x30 80002f30
core 0: 80002f34 (083f2823) mem 80002fc0 00000001
core 0: 80002f38 (ff9ff06f) x0 80002f3c
core 0: 80002f30 (00000f17) x30 80002f30
core 0: 80002f34 (083f2823) mem 80002fc0 00000001
core 0: 80002f38 (ff9ff06f) x0 80002f3c
core 0: 80002f30 (00000f17) x30 80002f30
core 0: 80002f34 (083f2823) mem 80002fc0 00000001
core 0: 80002f38 (ff9ff06f) x0 80002f3c
core 0: 80002f30 (00000f17) x30 80002f30
core 0: 80002f34 (083f2823) mem 80002fc0 00000001
core 0: 80002f38 (ff9ff06f) x0 80002f3c
core 0: 80002f30 (00000f17) x30 80002f30
core 0: 80002f34 (083f2823) mem 80002fc0 00000001
core 0: 80002f38 (ff9ff06f) x0 80002f3c
core 0: 80002f30 (00000f17) x30 80002f30
core 0: 80002f34 (083f2823) mem 80002fc0 00000001
core 0: 80002f38 (ff9ff06f) x0 80002f3c
core 0: 80002f30 (00000f17) x30 80002f30
core 0: 80002f34 (083f2823) mem 80002fc0 00000001
core 0: 80002f38 (ff9ff06f) x0 80002f3c
core 0: 80002f30 (00000f17) x30 80002f30
core 0: 80002f34 (083f2823) mem 80002fc0 00000001
core 0: 80002f38 (ff9ff06f) x0 80002f3c
core 0: 80002f30 (00000f17) x30 80002f30
core 0: 80002f34 (083f2823) mem 80002fc0 00000001
core 0: 80002f38 (ff9ff06f) x0 80002f3c
core 0: 80002f30 (00000f17) x30 80002f30
core 0: 80002f34 (083f2823) mem 80002fc0 00000001
core 0: 80002f38 (ff9ff06f) x0 80002f3c
core 0: 80002f30 (00000f17) x30 80002f30
core 0: 80002f34 (083f2823) mem 80002fc0 00000001
core 0: 80002f38 (ff9ff06f) x0 80002f3c
core 0: 80002f30 (00000f17) x30 80002f30
core 0: 80002f34 (083f2823) mem 80002fc0 00000001
core 0: 80002f38 (ff9ff06f) x0 80002f3c
core 0: 80002f30 (00000f17) x30 80002f30
core 0: 80002f34 (083f2823) mem 80002fc0 00000001
core 0: 80002f38 (ff9ff06f) x0 80002f3c
core 0: 80002f30 (00000f17) x30 80002f30
core 0: 80002f34 (083f2823) mem 80002fc0 00000001
core 0: 80002f38 (ff9ff06f) x0 80002f3c
core 0: 80002f30 (00000f17) x30 80002f30
core 0: 80002f34 (083f2823) mem 80002fc0 00000001
core 0: 80002f38 (ff9ff06f) x0 80002f3c
core 0: 80002f30 (00000f17) x30 80002f30
core 0: 80002f34 (083f2823) mem 80002fc0 00000001
core 0: 80002f38 (ff9ff06f) x0 80002f3c
core 0: 80002f30 (00000f17) x30 80002f30
core 0: 80002f34 (083f2823) mem 80002fc0 00000001
core 0: 80002f38 (ff9ff06f) x0 80002f3c
core 0: 80002f30 (00000f17) x30 80002f30
core 0: 80002f34 (083f2823) mem 80002fc0 00000001
core 0: 80002f38 (ff9ff06f) x0 80002f3c
core 0: 80002f30 (00000f17) x30 80002f30
core 0: 80002f34 (083f2823) mem 80002fc0 00000001
core 0: 80002f38 (ff9ff06f) x0 80002f3c
core 0: 80002f30 (00000f17) x30 80002f30
core 0: 80002f34 (083f2823) mem 80002fc0 00000001
core 0: 80002f38 (ff9ff06f) x0 80002f3c
core 0: 80002f30 (00000f17) x30 80002f30
core 0: 80002f34 (083f2823) mem 80002fc0 00000001
core 0: 80002f38 (ff9ff06f) x0 80002f3c
core 0: 80002f30 (00000f17) x30 80002f30
core 0: 80002f34 (083f2823) mem 80002fc0 00000001
core 0: 80002f38 (ff9ff06f) x0 80002f3c
core 0: 80002f30 (00000f17) x30 80002f30
core 0: 80002f34 (083f2823) mem 80002fc0 00000001
core 0: 80002f38 (ff9ff06f) x0 80002f3c
core 0: 80002f30 (00000f17) x30 80002f30
core 0: 80002f34 (083f2823) mem 80002fc0 00000001
core 0: 80002f38 (ff9ff06f) x0 80002f3c
core 0: 80002f30 (00000f17) x30 80002f30
core 0: 80002f34 (083f2823) mem 80002fc0 00000001
core 0: 80002f38 (ff9ff06f) x0 80002f3c
core 0: 80002f30 (00000f17) x30 80002f30
core 0: 80002f34 (083f2823) mem 80002fc0 00000001
core 0: 80002f38 (ff9ff06f) x0 80002f3c
core 0: 80002f30 (00000f17) x30 80002f30
core 0: 80002f34 (083f2823) mem 80002fc0 00000001
core 0: 80002f38 (ff9ff06f) x0 80002f3c
core 0: 80002f30 (00000f17) x30 80002f30
core 0: 80002f34 (083f2823) mem 80002fc0 00000001
core 0: 80002f38 (ff9ff06f) x0 80002f3c
core 0: 80002f30 (00000f17) x30 80002f30
core 0: 80002f34 (083f2823) mem 80002fc0 00000001
core 0: 80002f38 (ff9ff06f) x0 80002f3c
core 0: 80002f30 (00000f17) x30 80002f30
core 0: 80002f34 (083f2823) mem 80002fc0 00000001
core 0: 80002f38 (ff9ff06f) x0 80002f3c
core 0: 80002f30 (00000f17) x30 80002f30
core 0: 80002f34 (083f2823) mem 80002fc0 00000001
core 0: 80002f38 (ff9ff06f) x0 80002f3c
core 0: 80002f30 (00000f17) x30 80002f30
core 0: 80002f34 (083f2823) mem 80002fc0 00000001
core 0: 80002f38 (ff9ff06f) x0 80002f3c
core 0: 80002f30 (00000f17) x30 80002f30
core 0: 80002f34 (083f2823) mem 80002fc0 00000001
core 0: 80002f38 (ff9ff06f) x0 80002f3c
core 0: 80002f30 (00000f17) x30 80002f30
core 0: 80002f34 (083f2823) mem 80002fc0 00000001
core 0: 80002f38 (ff9ff06f) x0 80002f3c
core 0: 80002f30 (00000f17) x30 80002f30
core 0: 80002f34 (083f2823) mem 80002fc0 00000001
core 0: 80002f38 (ff9ff06f) x0 80002f3c
core 0: 80002f30 (00000f17) x30 80002f30
core 0: 80002f34 (083f2823) mem 80002fc0 00000001
core 0: 80002f38 (ff9ff06f) x0 80002f3c
core 0: 80002f30 (00000f17) x30 80002f30
core 0: 80002f34 (083f2823) mem 80002fc0 00000001
core 0: 80002f38 (ff9ff06f) x0 80002f3c
core 0: 80002f30 (00000f17) x30 80002f30
core 0: 80002f34 (083f2823) mem 80002fc0 00000001
core 0: 80002f38 (ff9ff06f) x0 80002f3c
core 0: 80002f30 (00000f17) x30 80002f30
core 0: 80002f34 (083f2823) mem 80002fc0 00000001
core 0: 80002f38 (ff9ff06f) x0 80002f3c
core 0: 80002f30 (00000f17) x30 80002f30
core 0: 80002f34 (083f2823) mem 80002fc0 00000001
core 0: 80002f38 (ff9ff06f) x0 80002f3c
core 0: 80002f30 (00000f17) x30 80002f30
core 0: 80002f34 (083f2823) mem 80002fc0 00000001
core 0: 80002f38 (ff9ff06f) x0 80002f3c
core 0: 80002f30 (00000f17) x30 80002f30
core 0: 80002f34 (083f2823) mem 80002fc0 00000001
core 0: 80002f38 (ff9ff06f) x0 80002f3c
core 0: 80002f30 (00000f17) x30 80002f30
core 0: 80002f34 (083f2823) mem 80002fc0 00000001
core 0: 80002f38 (ff9ff06f) x0 80002f3c
core 0: 80002f30 (00000f17) x30 80002f30
core 0: 80002f34 (083f2823) mem 80002fc0 00000001
core 0: 80002f38 (ff9ff06f) x0 80002f3c
core 0: 80002f30 (00000f17) x30 80002f30
core 0: 80002f34 (083f2823) mem 80002fc0 00000001
core 0: 80002f38 (ff9ff06f) x0 80002f3c
core 0: 80002f30 (00000f17) x30 80002f30
core 0: 80002f34 (083f2823) mem 80002fc0 00000001
core 0: 80002f38 (ff9ff06f) x0 80002f3c
core 0: 80002f30 (00000f17) x30 80002f30
core 0: 80002f34 (083f2823) mem 80002fc0 00000001
core 0: 80002f38 (ff9ff06f) x0 80002f3c
core 0: 80002f30 (00000f17) x30 80002f30
core 0: 80002f34 (083f2823) mem 80002fc0 00000001
core 0: 80002f38 (ff9ff06f) x0 80002f3c
core 0: 80002f30 (00000f17) x30 80002f30
core 0: 80002f34 (083f2823) mem 80002fc0 00000001
core 0: 80002f38 (ff9ff06f) x0 80002f3c
core 0: 80002f30 (00000f17) x30 80002f30
core 0: 80002f34 (083f2823) mem 80002fc0 00000001
core 0: 80002f38 (ff9ff06f) x0 80002f3c
core 0: 80002f30 (00000f17) x30 80002f30
core 0: 80002f34 (083f2823) mem 80002fc0 00000001
core 0: 80002f38 (ff9ff06f) x0 80002f3c
core 0: 80002f30 (00000f17) x30 80002f30
core 0: 80002f34 (083f2823) mem 80002fc0 00000001
core 0: 80002f38 (ff9ff06f) x0 80002f3c
core 0: 80002f30 (00000f17) x30 80002f30
core 0: 80002f34 (083f2823) mem 80002fc0 00000001
core 0: 80002f38 (ff9ff06f) x0 80002f3c
core 0: 80002f30 (00000f17) x30 80002f30
core 0: 80002f34 (083f2823) mem 80002fc0 00000001
core 0: 80002f38 (ff9ff06f) x0 80002f3c
core 0: 80002f30 (00000f17) x30 80002f30
core 0: 80002f34 (083f2823) mem 80002fc0 00000001
core 0: 80002f38 (ff9ff06f) x0 80002f3c
core 0: 80002f30 (00000f17) x30 80002f30
core 0: 80002f34 (083f2823) mem 80002fc0 00000001
core 0: 80002f38 (ff9ff06f) x0 80002f3c
core 0: 80002f30 (00000f17) x30 80002f30
core 0: 80002f34 (083f2823) mem 80002fc0 00000001
core 0: 80002f38 (ff9ff06f) x0 80002f3c
core 0: 80002f30 (00000f17) x30 80002f30
core 0: 80002f34 (083f2823) mem 80002fc0 00000001
core 0: 80002f38 (ff9ff06f) x0 80002f3c
core 0: 80002f30 (00000f17) x30 80002f30
core 0: 80002f34 (083f2823) mem 80002fc0 00000001
core 0: 80002f38 (ff9ff06f) x0 80002f3c
core 0: 80002f30 (00000f17) x30 80002f30
core 0: 80002f34 (083f2823) mem 80002fc0 00000001
core 0: 80002f38 (ff9ff06f) x0 80002f3c
core 0: 80002f30 (00000f17) x30 80002f30
core 0: 80002f34 (083f2823) mem 80002fc0 00000001
core 0: 80002f38 (ff9ff06f) x0 80002f3c
core 0: 80002f30 (00000f17) x30 80002f30
core 0: 80002f34 (083f2823) mem 80002fc0 00000001
core 0: 80002f38 (ff9ff06f) x0 80002f3c
core 0: 80002f30 (00000f17) x30 80002f30
core 0: 80002f34 (083f2823) mem 80002fc0 00000001
core 0: 80002f38 (ff9ff06f) x0 80002f3c
core 0: 80002f30 (00000f17) x30 80002f30
core 0: 80002f34 (083f2823) mem 80002fc0 00000001
core 0: 80002f38 (ff9ff06f) x0 80002f3c
core 0: 80002f30 (00000f17) x30 80002f30
core 0: 80002f34 (083f2823) mem 80002fc0 00000001
core 0: 80002f38 (ff9ff06f) x0 80002f3c
core 0: 80002f30 (00000f17) x30 80002f30
core 0: 80002f34 (083f2823) mem 80002fc0 00000001
core 0: 80002f38 (ff9ff06f) x0 80002f3c
core 0: 80002f30 (00000f17) x30 80002f30
core 0: 80002f34 (083f2823) mem 80002fc0 00000001
core 0: 80002f38 (ff9ff06f) x0 80002f3c
core 0: 80002f30 (00000f17) x30 80002f30
core 0: 80002f34 (083f2823) mem 80002fc0 00000001
core 0: 80002f38 (ff9ff06f) x0 80002f3c
core 0: 80002f30 (00000f17) x30 80002f30
core 0: 80002f34 (083f2823) mem 80002fc0 00000001
core 0: 80002f38 (ff9ff06f) x0 80002f3c
core 0: 80002f30 (00000f17) x30 80002f30
core 0: 80002f34 (083f2823) mem 80002fc0 00000001
core 0: 80002f38 (ff9ff06f) x0 80002f3c
core 0: 80002f30 (00000f17) x30 80002f30
core 0: 80002f34 (083f2823) mem 80002fc0 00000001
core 0: 80002f38 (ff9ff06f) x0 80002f3c
core 0: 80002f30 (00000f17) x30 80002f30
core 0: 80002f34 (083f2823) mem 80002fc0 00000001
core 0: 80002f38 (ff9ff06f) x0 80002f3c
core 0: 80002f30 (00000f17) x30 80002f30
core 0: 80002f34 (083f2823) mem 80002fc0 00000001
core 0: 80002f38 (ff9ff06f) x0 80002f3c
core 0: 80002f30 (00000f17) x30 80002f30
core 0: 80002f34 (083f2823) mem 80002fc0 00000001
core 0: 80002f38 (ff9ff06f) x0 80002f3c
core 0: 80002f30 (00000f17) x30 80002f30
core 0: 80002f34 (083f2823) mem 80002fc0 00000001
core 0: 80002f38 (ff9ff06f) x0 80002f3c
core 0: 80002f30 (00000f17) x30 80002f30
core 0: 80002f34 (083f2823) mem 80002fc0 00000001
core 0: 80002f38 (ff9ff06f) x0 80002f3c
core 0: 80002f30 (00000f17) x30 80002f30
core 0: 80002f34 (083f2823) mem 80002fc0 00000001
core 0: 80002f38 (ff9ff06f) x0 80002f3c
core 0: 80002f30 (00000f17) x30 80002f30
core 0: 80002f34 (083f2823) mem 80002fc0 00000001
core 0: 80002f38 (ff9ff06f) x0 80002f3c
core 0: 80002f30 (00000f17) x30 80002f30
core 0: 80002f34 (083f2823) mem 80002fc0 00000001
core 0: 80002f38 (ff9ff06f) x0 80002f3c
core 0: 80002f30 (00000f17) x30 80002f30
core 0: 80002f34 (083f2823) mem 80002fc0 00000001
core 0: 80002f38 (ff9ff06f) x0 80002f3c
core 0: 80002f30 (00000f17) x30 80002f30
core 0: 80002f34 (083f2823) mem 80002fc0 00000001
core 0: 80002f38 (ff9ff06f) x0 80002f3c
core 0: 80002f30 (00000f17) x30 80002f30
core 0: 80002f34 (083f2823) mem 80002fc0 00000001
core 0: 80002f38 (ff9ff06f) x0 80002f3c
core 0: 80002f30 (00000f17) x30 80002f30
core 0: 80002f34 (083f2823) mem 80002fc0 00000001
core 0: 80002f38 (ff9ff06f) x0 80002f3c
core 0: 80002f30 (00000f17) x30 80002f30
core 0: 80002f34 (083f2823) mem 80002fc0 00000001
core 0: 80002f38 (ff9ff06f) x0 80002f3c
core 0: 80002f30 (00000f17) x30 80002f30
core 0: 80002f34 (083f2823) mem 80002fc0 00000001
core 0: 80002f38 (ff9ff06f) x0 80002f3c
core 0: 80002f30 (00000f17) x30 80002f30
core 0: 80002f34 (083f2823) mem 80002fc0 00000001
core 0: 80002f38 (ff9ff06f) x0 80002f3c
core 0: 80002f30 (00000f17) x30 80002f30
core 0: 80002f34 (083f2823) mem 80002fc0 00000001
core 0: 80002f38 (ff9ff06f) x0 80002f3c
core 0: 80002f30 (00000f17) x30 80002f30
core 0: 80002f34 (083f2823) mem 80002fc0 00000001
core 0: 80002f38 (ff9ff06f) x0 80002f3c
core 0: 80002f30 (00000f17) x30 80002f30
core 0: 80002f34 (083f2823) mem 80002fc0 00000001
core 0: 80002f38 (ff9ff06f) x0 80002f3c
core 0: 80002f30 (00000f17) x30 80002f30
core 0: 80002f34 (083f2823) mem 80002fc0 00000001
core 0: 80002f38 (ff9ff06f) x0 80002f3c
core 0: 80002f30 (00000f17) x30 80002f30
core 0: 80002f34 (083f2823) mem 80002fc0 00000001
core 0: 80002f38 (ff9ff06f) x0 80002f3c
core 0: 80002f30 (00000f17) x30 80002f30
core 0: 80002f34 (083f2823) mem 80002fc0 00000001
core 0: 80002f38 (ff9ff06f) x0 80002f3c
core 0: 80002f30 (00000f17) x30 80002f30
core 0: 80002f34 (083f2823) mem 80002fc0 00000001
core 0: 80002f38 (ff9ff06f) x0 80002f3c
core 0: 80002f30 (00000f17) x30 80002f30
core 0: 80002f34 (083f2823) mem 80002fc0 00000001
core 0: 80002f38 (ff9ff06f) x0 80002f3c
core 0: 80002f30 (00000f17) x30 80002f30
core 0: 80002f34 (083f2823) mem 80002fc0 00000001
core 0: 80002f38 (ff9ff06f) x0 80002f3c
core 0: 80002f30 (00000f17) x30 80002f30
core 0: 80002f34 (083f2823) mem 80002fc0 00000001
core 0: 80002f38 (ff9ff06f) x0 80002f3c
core 0: 80002f30 (00000f17) x30 80002f30
core 0: 80002f34 (083f2823) mem 80002fc0 00000001
core 0: 80002f38 (ff9ff06f) x0 80002f3c
core 0: 80002f30 (00000f17) x30 80002f30
core 0: 80002f34 (083f2823) mem 80002fc0 00000001
core 0: 80002f38 (ff9ff06f) x0 80002f3c
core 0: 80002f30 (00000f17) x30 80002f30
core 0: 80002f34 (083f2823) mem 80002fc0 00000001
core 0: 80002f38 (ff9ff06f) x0 80002f3c
core 0: 80002f30 (00000f17) x30 80002f30
core 0: 80002f34 (083f2823) mem 80002fc0 00000001
core 0: 80002f38 (ff9ff06f) x0 80002f3c
core 0: 80002f30 (00000f17) x30 80002f30
core 0: 80002f34 (083f2823) mem 80002fc0 00000001
core 0: 80002f38 (ff9ff06f) x0 80002f3c
core 0: 80002f30 (00000f17) x30 80002f30
core 0: 80002f34 (083f2823) mem 80002fc0 00000001
core 0: 80002f38 (ff9ff06f) x0 80002f3c
core 0: 80002f30 (00000f17) x30 80002f30
core 0: 80002f34 (083f2823) mem 80002fc0 00000001
core 0: 80002f38 (ff9ff06f) x0 80002f3c
core 0: 80002f30 (00000f17) x30 80002f30
core 0: 80002f34 (083f2823) mem 80002fc0 00000001
core 0: 80002f38 (ff9ff06f) x0 80002f3c
core 0: 80002f30 (00000f17) x30 80002f30
core 0: 80002f34 (083f2823) mem 80002fc0 00000001
core 0: 80002f38 (ff9ff06f) x0 80002f3c
core 0: 80002f30 (00000f17) x30 80002f30
core 0: 80002f34 (083f2823) mem 80002fc0 00000001
core 0: 80002f38 (ff9ff06f) x0 80002f3c
core 0: 80002f30 (00000f17) x30 80002f30
core 0: 80002f34 (083f2823) mem 80002fc0 00000001
core 0: 80002f38 (ff9ff06f) x0 80002f3c
core 0: 80002f30 (00000f17) x30 80002f30
core 0: 80002f34 (083f2823) mem 80002fc0 00000001
core 0: 80002f38 (ff9ff06f) x0 80002f3c
core 0: 80002f30 (00000f17) x30 80002f30
core 0: 80002f34 (083f2823) mem 80002fc0 00000001
core 0: 80002f38 (ff9ff06f) x0 80002f3c
core 0: 80002f30 (00000f17) x30 80002f30
core 0: 80002f34 (083f2823) mem 80002fc0 00000001
core 0: 80002f38 (ff9ff06f) x0 80002f3c
core 0: 80002f30 (00000f17) x30 80002f30
core 0: 80002f34 (083f2823) mem 80002fc0 00000001
core 0: 80002f38 (ff9ff06f) x0 80002f3c
core 0: 80002f30 (00000f17) x30 80002f30
core 0: 80002f34 (083f2823) mem 80002fc0 00000001
core 0: 80002f38 (ff9ff06f) x0 80002f3c
core 0: 80002f30 (00000f17) x30 80002f30
core 0: 80002f34 (083f2823) mem 80002fc0 00000001
core 0: 80002f38 (ff9ff06f) x0 80002f3c
core 0: 80002f30 (00000f17) x30 80002f30
core 0: 80002f34 (083f2823) mem 80002fc0 00000001
core 0: 80002f38 (ff9ff06f) x0 80002f3c
core 0: 80002f30 (00000f17) x30 80002f30
core 0: 80002f34 (083f2823) mem 80002fc0 00000001
core 0: 80002f38 (ff9ff06f) x0 80002f3c
core 0: 80002f30 (00000f17) x30 80002f30
core 0: 80002f34 (083f2823) mem 80002fc0 00000001
core 0: 80002f38 (ff9ff06f) x0 80002f3c
core 0: 80002f30 (00000f17) x30 80002f30
core 0: 80002f34 (083f2823) mem 80002fc0 00000001
core 0: 80002f38 (ff9ff06f) x0 80002f3c
core 0: 80002f30 (00000f17) x30 80002f30
core 0: 80002f34 (083f2823) mem 80002fc0 00000001
core 0: 80002f38 (ff9ff06f) x0 80002f3c
core 0: 80002f30 (00000f17) x30 80002f30
core 0: 80002f34 (083f2823) mem 80002fc0 00000001
core 0: 80002f38 (ff9ff06f) x0 80002f3c
core 0: 80002f30 (00000f17) x30 80002f30
core 0: 80002f34 (083f2823) mem 80002fc0 00000001
core 0: 80002f38 (ff9ff06f) x0 80002f3c
core 0: 80002f30 (00000f17) x30 80002f30
core 0: 80002f34 (083f2823) mem 80002fc0 00000001
core 0: 80002f38 (ff9ff06f) x0 80002f3c
core 0: 80002f30 (00000f17) x30 80002f30
core 0: 80002f34 (083f2823) mem 80002fc0 00000001
core 0: 80002f38 (ff9ff06f) x0 80002f3c
core 0: 80002f30 (00000f17) x30 80002f30
core 0: 80002f34 (083f2823) mem 80002fc0 00000001
core 0: 80002f38 (ff9ff06f) x0 80002f3c
core 0: 80002f30 (00000f17) x30 80002f30
core 0: 80002f34 (083f2823) mem 80002fc0 00000001
core 0: 80002f38 (ff9ff06f) x0 80002f3c
core 0: 80002f30 (00000f17) x30 80002f30
core 0: 80002f34 (083f2823) mem 80002fc0 00000001
core 0: 80002f38 (ff9ff06f) x0 80002f3c
core 0: 80002f30 (00000f17) x30 80002f30
core 0: 80002f34 (083f2823) mem 80002fc0 00000001
core 0: 80002f38 (ff9ff06f) x0 80002f3c
core 0: 80002f30 (00000f17) x30 80002f30
core 0: 80002f34 (083f2823) mem 80002fc0 00000001
core 0: 80002f38 (ff9ff06f) x0 80002f3c
core 0: 80002f30 (00000f17) x30 80002f30
core 0: 80002f34 (083f2823) mem 80002fc0 00000001
core 0: 80002f38 (ff9ff06f) x0 80002f3c
core 0: 80002f30 (00000f17) x30 80002f30
core 0: 80002f34 (083f2823) mem 80002fc0 00000001
core 0: 80002f38 (ff9ff06f) x0 80002f3c
core 0: 80002f30 (00000f17) x30 80002f30
core 0: 80002f34 (083f2823) mem 80002fc0 00000001
core 0: 80002f38 (ff9ff06f) x0 80002f3c
core 0: 80002f30 (00000f17) x30 80002f30
core 0: 80002f34 (083f2823) mem 80002fc0 00000001
core 0: 80002f38 (ff9ff06f) x0 80002f3c
core 0: 80002f30 (00000f17) x30 80002f30
core 0: 80002f34 (083f2823) mem 80002fc0 00000001
core 0: 80002f38 (ff9ff06f) x0 80002f3c
core 0: 80002f30 (00000f17) x30 80002f30
core 0: 80002f34 (083f2823) mem 80002fc0 00000001
core 0: 80002f38 (ff9ff06f) x0 80002f3c
core 0: 80002f30 (00000f17) x30 80002f30
core 0: 80002f34 (083f2823) mem 80002fc0 00000001
core 0: 80002f38 (ff9ff06f) x0 80002f3c
core 0: 80002f30 (00000f17) x30 80002f30
core 0: 80002f34 (083f2823) mem 80002fc0 00000001
core 0: 80002f38 (ff9ff06f) x0 80002f3c
core 0: 80002f30 (00000f17) x30 80002f30
core 0: 80002f34 (083f2823) mem 80002fc0 00000001
core 0: 80002f38 (ff9ff06f) x0 80002f3c
core 0: 80002f30 (00000f17) x30 80002f30
core 0: 80002f34 (083f2823) mem 80002fc0 00000001
core 0: 80002f38 (ff9ff06f) x0 80002f3c
core 0: 80002f30 (00000f17) x30 80002f30
core 0: 80002f34 (083f2823) mem 80002fc0 00000001
core 0: 80002f38 (ff9ff06f) x0 80002f3c
core 0: 80002f30 (00000f17) x30 80002f30
core 0: 80002f34 (083f2823) mem 80002fc0 00000001
core 0: 80002f38 (ff9ff06f) x0 80002f3c
core 0: 80002f30 (00000f17) x30 80002f30
core 0: 80002f34 (083f2823) mem 80002fc0 00000001
core 0: 80002f38 (ff9ff06f) x0 80002f3c
core 0: 80002f30 (00000f17) x30 80002f30
core 0: 80002f34 (083f2823) mem 80002fc0 00000001
core 0: 80002f38 (ff9ff06f) x0 80002f3c
core 0: 80002f30 (00000f17) x30 80002f30
core 0: 80002f34 (083f2823) mem 80002fc0 00000001
core 0: 80002f38 (ff9ff06f) x0 80002f3c
core 0: 80002f30 (00000f17) x30 80002f30
core 0: 80002f34 (083f2823) mem 80002fc0 00000001
core 0: 80002f38 (ff9ff06f) x0 80002f3c
core 0: 80002f30 (00000f17) x30 80002f30
core 0: 80002f34 (083f2823) mem 80002fc0 00000001
core 0: 80002f38 (ff9ff06f) x0 80002f3c
core 0: 80002f30 (00000f17) x30 80002f30
core 0: 80002f34 (083f2823) mem 80002fc0 00000001
core 0: 80002f38 (ff9ff06f) x0 80002f3c
core 0: 80002f30 (00000f17) x30 80002f30
core 0: 80002f34 (083f2823) mem 80002fc0 00000001
core 0: 80002f38 (ff9ff06f) x0 80002f3c
core 0: 80002f30 (00000f17) x30 80002f30
core 0: 80002f34 (083f2823) mem 80002fc0 00000001
core 0: 80002f38 (ff9ff06f) x0 80002f3c
core 0: 80002f30 (00000f17) x30 80002f30
core 0: 80002f34 (083f2823) mem 80002fc0 00000001
core 0: 80002f38 (ff9ff06f) x0 80002f3c
core 0: 80002f30 (00000f17) x30 80002f30
core 0: 80002f34 (083f2823) mem 80002fc0 00000001
core 0: 80002f38 (ff9ff06f) x0 80002f3c
core 0: 80002f30 (00000f17) x30 80002f30
core 0: 80002f34 (083f2823) mem 80002fc0 00000001
core 0: 80002f38 (ff9ff06f) x0 80002f3c
core 0: 80002f30 (00000f17) x30 80002f30
core 0: 80002f34 (083f2823) mem 80002fc0 00000001
core 0: 80002f38 (ff9ff06f) x0 80002f3c
core 0: 80002f30 (00000f17) x30 80002f30
core 0: 80002f34 (083f2823) mem 80002fc0 00000001
core 0: 80002f38 (ff9ff06f) x0 80002f3c
core 0: 80002f30 (00000f17) x30 80002f30
core 0: 80002f34 (083f2823) mem 80002fc0 00000001
core 0: 80002f38 (ff9ff06f) x0 80002f3c
core 0: 80002f30 (00000f17) x30 80002f30
core 0: 80002f34 (083f2823) mem 80002fc0 00000001
core 0: 80002f38 (ff9ff06f) x0 80002f3c
core 0: 80002f30 (00000f17) x30 80002f30
core 0: 80002f34 (083f2823) mem 80002fc0 00000001
core 0: 80002f38 (ff9ff06f) x0 80002f3c
core 0: 80002f30 (00000f17) x30 80002f30
core 0: 80002f34 (083f2823) mem 80002fc0 00000001
core 0: 80002f38 (ff9ff06f) x0 80002f3c
core 0: 80002f30 (00000f17) x30 80002f30
core 0: 80002f34 (083f2823) mem 80002fc0 00000001
core 0: 80002f38 (ff9ff06f) x0 80002f3c
core 0: 80002f30 (00000f17) x30 80002f30
core 0: 80002f34 (083f2823) mem 80002fc0 00000001
core 0: 80002f38 (ff9ff06f) x0 80002f3c
core 0: 80002f30 (00000f17) x30 80002f30
core 0: 80002f34 (083f2823) mem 80002fc0 00000001
core 0: 80002f38 (ff9ff06f) x0 80002f3c
core 0: 80002f30 (00000f17) x30 80002f30
core 0: 80002f34 (083f2823) mem 80002fc0 00000001
core 0: 80002f38 (ff9ff06f) x0 80002f3c
core 0: 80002f30 (00000f17) x30 80002f30
core 0: 80002f34 (083f2823) mem 80002fc0 00000001
core 0: 80002f38 (ff9ff06f) x0 80002f3c
core 0: 80002f30 (00000f17) x30 80002f30
core 0: 80002f34 (083f2823) mem 80002fc0 00000001
core 0: 80002f38 (ff9ff06f) x0 80002f3c
core 0: 80002f30 (00000f17) x30 80002f30
core 0: 80002f34 (083f2823) mem 80002fc0 00000001
core 0: 80002f38 (ff9ff06f) x0 80002f3c
core 0: 80002f30 (00000f17) x30 80002f30
core 0: 80002f34 (083f2823) mem 80002fc0 00000001
core 0: 80002f38 (ff9ff06f) x0 80002f3c
core 0: 80002f30 (00000f17) x30 80002f30
core 0: 80002f34 (083f2823) mem 80002fc0 00000001
core 0: 80002f38 (ff9ff06f) x0 80002f3c
core 0: 80002f30 (00000f17) x30 80002f30
core 0: 80002f34 (083f2823) mem 80002fc0 00000001
core 0: 80002f38 (ff9ff06f) x0 80002f3c
core 0: 80002f30 (00000f17) x30 80002f30
core 0: 80002f34 (083f2823) mem 80002fc0 00000001
core 0: 80002f38 (ff9ff06f) x0 80002f3c
core 0: 80002f30 (00000f17) x30 80002f30
core 0: 80002f34 (083f2823) mem 80002fc0 00000001
core 0: 80002f38 (ff9ff06f) x0 80002f3c
core 0: 80002f30 (00000f17) x30 80002f30
core 0: 80002f34 (083f2823) mem 80002fc0 00000001
core 0: 80002f38 (ff9ff06f) x0 80002f3c
core 0: 80002f30 (00000f17) x30 80002f30
core 0: 80002f34 (083f2823) mem 80002fc0 00000001
core 0: 80002f38 (ff9ff06f) x0 80002f3c
core 0: 80002f30 (00000f17) x30 80002f30
core 0: 80002f34 (083f2823) mem 80002fc0 00000001
core 0: 80002f38 (ff9ff06f) x0 80002f3c
core 0: 80002f30 (00000f17) x30 80002f30
core 0: 80002f34 (083f2823) mem 80002fc0 00000001
core 0: 80002f38 (ff9ff06f) x0 80002f3c
core 0: 80002f30 (00000f17) x30 80002f30
core 0: 80002f34 (083f2823) mem 80002fc0 00000001
core 0: 80002f38 (ff9ff06f) x0 80002f3c
core 0: 80002f30 (00000f17) x30 80002f30
core 0: 80002f34 (083f2823) mem 80002fc0 00000001
core 0: 80002f38 (ff9ff06f) x0 80002f3c
core 0: 80002f30 (00000f17) x30 80002f30
core 0: 80002f34 (083f2823) mem 80002fc0 00000001
core 0: 80002f38 (ff9ff06f) x0 80002f3c
core 0: 80002f30 (00000f17) x30 80002f30
core 0: 80002f34 (083f2823) mem 80002fc0 00000001
core 0: 80002f38 (ff9ff06f) x0 80002f3c
core 0: 80002f30 (00000f17) x30 80002f30
core 0: 80002f34 (083f2823) mem 80002fc0 00000001
core 0: 80002f38 (ff9ff06f) x0 80002f3c
core 0: 80002f30 (00000f17) x30 80002f30
core 0: 80002f34 (083f2823) mem 80002fc0 00000001
core 0: 80002f38 (ff9ff06f) x0 80002f3c
core 0: 80002f30 (00000f17) x30 80002f30
core 0: 80002f34 (083f2823) mem 80002fc0 00000001
core 0: 80002f38 (ff9ff06f) x0 80002f3c
core 0: 80002f30 (00000f17) x30 80002f30
core 0: 80002f34 (083f2823) mem 80002fc0 00000001
core 0: 80002f38 (ff9ff06f) x0 80002f3c
core 0: 80002f30 (00000f17) x30 80002f30
core 0: 80002f34 (083f2823) mem 80002fc0 00000001
core 0: 80002f38 (ff9ff06f) x0 80002f3c
core 0: 80002f30 (00000f17) x30 80002f30
core 0: 80002f34 (083f2823) mem 80002fc0 00000001
core 0: 80002f38 (ff9ff06f) x0 80002f3c
core 0: 80002f30 (00000f17) x30 80002f30
core 0: 80002f34 (083f2823) mem 80002fc0 00000001
core 0: 80002f38 (ff9ff06f) x0 80002f3c
core 0: 80002f30 (00000f17) x30 80002f30
core 0: 80002f34 (083f2823) mem 80002fc0 00000001
core 0: 80002f38 (ff9ff06f) x0 80002f3c
core 0: 80002f30 (00000f17) x30 80002f30
core 0: 80002f34 (083f2823) mem 80002fc0 00000001
core 0: 80002f38 (ff9ff06f) x0 80002f3c
core 0: 80002f30 (00000f17) x30 80002f30
core 0: 80002f34 (083f2823) mem 80002fc0 00000001
core 0: 80002f38 (ff9ff06f) x0 80002f3c
core 0: 80002f30 (00000f17) x30 80002f30
core 0: 80002f34 (083f2823) mem 80002fc0 00000001
core 0: 80002f38 (ff9ff06f) x0 80002f3c
core 0: 80002f30 (00000f17) x30 80002f30
core 0: 80002f34 (083f2823) mem 80002fc0 00000001
core 0: 80002f38 (ff9ff06f) x0 80002f3c
core 0: 80002f30 (00000f17) x30 80002f30
core 0: 80002f34 (083f2823) mem 80002fc0 00000001
core 0: 80002f38 (ff9ff06f) x0 80002f3c
core 0: 80002f30 (00000f17) x30 80002f30
core 0: 80002f34 (083f2823) mem 80002fc0 00000001
core 0: 80002f38 (ff9ff06f) x0 80002f3c
core 0: 80002f30 (00000f17) x30 80002f30
core 0: 80002f34 (083f2823) mem 80002fc0 00000001
core 0: 80002f38 (ff9ff06f) x0 80002f3c
core 0: 80002f30 (00000f17) x30 80002f30
core 0: 80002f34 (083f2823) mem 80002fc0 00000001
core 0: 80002f38 (ff9ff06f) x0 80002f3c
core 0: 80002f30 (00000f17) x30 80002f30
core 0: 80002f34 (083f2823) mem 80002fc0 00000001
core 0: 80002f38 (ff9ff06f) x0 80002f3c
core 0: 80002f30 (00000f17) x30 80002f30
core 0: 80002f34 (083f2823) mem 80002fc0 00000001
core 0: 80002f38 (ff9ff06f) x0 80002f3c
core 0: 80002f30 (00000f17) x30 80002f30
core 0: 80002f34 (083f2823) mem 80002fc0 00000001
core 0: 80002f38 (ff9ff06f) x0 80002f3c
core 0: 80002f30 (00000f17) x30 80002f30
core 0: 80002f34 (083f2823) mem 80002fc0 00000001
core 0: 80002f38 (ff9ff06f) x0 80002f3c
core 0: 80002f30 (00000f17) x30 80002f30
core 0: 80002f34 (083f2823) mem 80002fc0 00000001
core 0: 80002f38 (ff9ff06f) x0 80002f3c
core 0: 80002f30 (00000f17) x30 80002f30
core 0: 80002f34 (083f2823) mem 80002fc0 00000001
core 0: 80002f38 (ff9ff06f) x0 80002f3c
core 0: 80002f30 (00000f17) x30 80002f30
core 0: 80002f34 (083f2823) mem 80002fc0 00000001
core 0: 80002f38 (ff9ff06f) x0 80002f3c
core 0: 80002f30 (00000f17) x30 80002f30
core 0: 80002f34 (083f2823) mem 80002fc0 00000001
core 0: 80002f38 (ff9ff06f) x0 80002f3c
core 0: 80002f30 (00000f17) x30 80002f30
core 0: 80002f34 (083f2823) mem 80002fc0 00000001
core 0: 80002f38 (ff9ff06f) x0 80002f3c
core 0: 80002f30 (00000f17) x30 80002f30
core 0: 80002f34 (083f2823) mem 80002fc0 00000001
core 0: 80002f38 (ff9ff06f) x0 80002f3c
core 0: 80002f30 (00000f17) x30 80002f30
core 0: 80002f34 (083f2823) mem 80002fc0 00000001
core 0: 80002f38 (ff9ff06f) x0 80002f3c
core 0: 80002f30 (00000f17) x30 80002f30
core 0: 80002f34 (083f2823) mem 80002fc0 00000001
core 0: 80002f38 (ff9ff06f) x0 80002f3c
core 0: 80002f30 (00000f17) x30 80002f30
core 0: 80002f34 (083f2823) mem 80002fc0 00000001
core 0: 80002f38 (ff9ff06f) x0 80002f3c
core 0: 80002f30 (00000f17) x30 80002f30
core 0: 80002f34 (083f2823) mem 80002fc0 00000001
core 0: 80002f38 (ff9ff06f) x0 80002f3c
core 0: 80002f30 (00000f17) x30 80002f30
core 0: 80002f34 (083f2823) mem 80002fc0 00000001
core 0: 80002f38 (ff9ff06f) x0 80002f3c
core 0: 80002f30 (00000f17) x30 80002f30
core 0: 80002f34 (083f2823) mem 80002fc0 00000001
core 0: 80002f38 (ff9ff06f) x0 80002f3c
core 0: 80002f30 (00000f17) x30 80002f30
core 0: 80002f34 (083f2823) mem 80002fc0 00000001
core 0: 80002f38 (ff9ff06f) x0 80002f3c
core 0: 80002f30 (00000f17) x30 80002f30
core 0: 80002f34 (083f2823) mem 80002fc0 00000001
core 0: 80002f38 (ff9ff06f) x0 80002f3c
core 0: 80002f30 (00000f17) x30 80002f30
core 0: 80002f34 (083f2823) mem 80002fc0 00000001
core 0: 80002f38 (ff9ff06f) x0 80002f3c
core 0: 80002f30 (00000f17) x30 80002f30
core 0: 80002f34 (083f2823) mem 80002fc0 00000001
core 0: 80002f38 (ff9ff06f) x0 80002f3c
core 0: 80002f30 (00000f17) x30 80002f30
core 0: 80002f34 (083f2823) mem 80002fc0 00000001
core 0: 80002f38 (ff9ff06f) x0 80002f3c
core 0: 80002f30 (00000f17) x30 80002f30
core 0: 80002f34 (083f2823) mem 80002fc0 00000001
core 0: 80002f38 (ff9ff06f) x0 80002f3c
core 0: 80002f30 (00000f17) x30 80002f30
core 0: 80002f34 (083f2823) mem 80002fc0 00000001
core 0: 80002f38 (ff9ff06f) x0 80002f3c
core 0: 80002f30 (00000f17) x30 80002f30
core 0: 80002f34 (083f2823) mem 80002fc0 00000001
core 0: 80002f38 (ff9ff06f) x0 80002f3c
core 0: 80002f30 (00000f17) x30 80002f30
core 0: 80002f34 (083f2823) mem 80002fc0 00000001
core 0: 80002f38 (ff9ff06f) x0 80002f3c
core 0: 80002f30 (00000f17) x30 80002f30
core 0: 80002f34 (083f2823) mem 80002fc0 00000001
core 0: 80002f38 (ff9ff06f) x0 80002f3c
core 0: 80002f30 (00000f17) x30 80002f30
core 0: 80002f34 (083f2823) mem 80002fc0 00000001
core 0: 80002f38 (ff9ff06f) x0 80002f3c
core 0: 80002f30 (00000f17) x30 80002f30
core 0: 80002f34 (083f2823) mem 80002fc0 00000001
core 0: 80002f38 (ff9ff06f) x0 80002f3c
core 0: 80002f30 (00000f17) x30 80002f30
core 0: 80002f34 (083f2823) mem 80002fc0 00000001
core 0: 80002f38 (ff9ff06f) x0 80002f3c
core 0: 80002f30 (00000f17) x30 80002f30
core 0: 80002f34 (083f2823) mem 80002fc0 00000001
core 0: 80002f38 (ff9ff06f) x0 80002f3c
core 0: 80002f30 (00000f17) x30 80002f30
core 0: 80002f34 (083f2823) mem 80002fc0 00000001
core 0: 80002f38 (ff9ff06f) x0 80002f3c
core 0: 80002f30 (00000f17) x30 80002f30
core 0: 80002f34 (083f2823) mem 80002fc0 00000001
core 0: 80002f38 (ff9ff06f) x0 80002f3c
core 0: 80002f30 (00000f17) x30 80002f30
core 0: 80002f34 (083f2823) mem 80002fc0 00000001
core 0: 80002f38 (ff9ff06f) x0 80002f3c
core 0: 80002f30 (00000f17) x30 80002f30
core 0: 80002f34 (083f2823) mem 80002fc0 00000001
core 0: 80002f38 (ff9ff06f) x0 80002f3c
core 0: 80002f30 (00000f17) x30 80002f30
core 0: 80002f34 (083f2823) mem 80002fc0 00000001
core 0: 80002f38 (ff9ff06f) x0 80002f3c
core 0: 80002f30 (00000f17) x30 80002f30
core 0: 80002f34 (083f2823) mem 80002fc0 00000001
core 0: 80002f38 (ff9ff06f) x0 80002f3c
core 0: 80002f30 (00000f17) x30 80002f30
core 0: 80002f34 (083f2823) mem 80002fc0 00000001
core 0: 80002f38 (ff9ff06f) x0 80002f3c
core 0: 80002f30 (00000f17) x30 80002f30
core 0: 80002f34 (083f2823) mem 80002fc0 00000001
core 0: 80002f38 (ff9ff06f) x0 80002f3c
core 0: 80002f30 (00000f17) x30 80002f30
core 0: 80002f34 (083f2823) mem 80002fc0 00000001
core 0: 80002f38 (ff9ff06f) x0 80002f3c
core 0: 80002f30 (00000f17) x30 80002f30
core 0: 80002f34 (083f2823) mem 80002fc0 00000001
core 0: 80002f38 (ff9ff06f) x0 80002f3c
core 0: 80002f30 (00000f17) x30 80002f30
core 0: 80002f34 (083f2823) mem 80002fc0 00000001
core 0: 80002f38 (ff9ff06f) x0 80002f3c
core 0: 80002f30 (00000f17) x30 80002f30
core 0: 80002f34 (083f2823) mem 80002fc0 00000001
core 0: 80002f38 (ff9ff06f) x0 80002f3c
core 0: 80002f30 (00000f17) x30 80002f30
core 0: 80002f34 (083f2823) mem 80002fc0 00000001
core 0: 80002f38 (ff9ff06f) x0 80002f3c
core 0: 80002f30 (00000f17) x30 80002f30
core 0: 80002f34 (083f2823) mem 80002fc0 00000001
core 0: 80002f38 (ff9ff06f) x0 80002f3c
core 0: 80002f30 (00000f17) x30 80002f30
core 0: 80002f34 (083f2823) mem 80002fc0 00000001
core 0: 80002f38 (ff9ff06f) x0 80002f3c
core 0: 80002f30 (00000f17) x30 80002f30
core 0: 80002f34 (083f2823) mem 80002fc0 00000001
core 0: 80002f38 (ff9ff06f) x0 80002f3c
core 0: 80002f30 (00000f17) x30 80002f30
core 0: 80002f34 (083f2823) mem 80002fc0 00000001
core 0: 80002f38 (ff9ff06f) x0 80002f3c
core 0: 80002f30 (00000f17) x30 80002f30
core 0: 80002f34 (083f2823) mem 80002fc0 00000001
core 0: 80002f38 (ff9ff06f) x0 80002f3c
core 0: 80002f30 (00000f17) x30 80002f30
core 0: 80002f34 (083f2823) mem 80002fc0 00000001
core 0: 80002f38 (ff9ff06f) x0 80002f3c
core 0: 80002f30 (00000f17) x30 80002f30
core 0: 80002f34 (083f2823) mem 80002fc0 00000001
core 0: 80002f38 (ff9ff06f) x0 80002f3c
core 0: 80002f30 (00000f17) x30 80002f30
core 0: 80002f34 (083f2823) mem 80002fc0 00000001
core 0: 80002f38 (ff9ff06f) x0 80002f3c
core 0: 80002f30 (00000f17) x30 80002f30
core 0: 80002f34 (083f2823) mem 80002fc0 00000001
core 0: 80002f38 (ff9ff06f) x0 80002f3c
core 0: 80002f30 (00000f17) x30 80002f30
core 0: 80002f34 (083f2823) mem 80002fc0 00000001
core 0: 80002f38 (ff9ff06f) x0 80002f3c
core 0: 80002f30 (00000f17) x30 80002f30
core 0: 80002f34 (083f2823) mem 80002fc0 00000001
core 0: 80002f38 (ff9ff06f) x0 80002f3c
core 0: 80002f30 (00000f17) x30 80002f30
core 0: 80002f34 (083f2823) mem 80002fc0 00000001
core 0: 80002f38 (ff9ff06f) x0 80002f3c
core 0: 80002f30 (00000f17) x30 80002f30
core 0: 80002f34 (083f2823) mem 80002fc0 00000001
core 0: 80002f38 (ff9ff06f) x0 80002f3c
core 0: 80002f30 (00000f17) x30 80002f30
core 0: 80002f34 (083f2823) mem 80002fc0 00000001
core 0: 80002f38 (ff9ff06f) x0 80002f3c
core 0: 80002f30 (00000f17) x30 80002f30
core 0: 80002f34 (083f2823) mem 80002fc0 00000001
core 0: 80002f38 (ff9ff06f) x0 80002f3c
core 0: 80002f30 (00000f17) x30 80002f30
core 0: 80002f34 (083f2823) mem 80002fc0 00000001
core 0: 80002f38 (ff9ff06f) x0 80002f3c
core 0: 80002f30 (00000f17) x30 80002f30
core 0: 80002f34 (083f2823) mem 80002fc0 00000001
core 0: 80002f38 (ff9ff06f) x0 80002f3c
core 0: 80002f30 (00000f17) x30 80002f30
core 0: 80002f34 (083f2823) mem 80002fc0 00000001
core 0: 80002f38 (ff9ff06f) x0 80002f3c
core 0: 80002f30 (00000f17) x30 80002f30
core 0: 80002f34 (083f2823) mem 80002fc0 00000001
core 0: 80002f38 (ff9ff06f) x0 80002f3c
core 0: 80002f30 (00000f17) x30 80002f30
core 0: 80002f34 (083f2823) mem 80002fc0 00000001
core 0: 80002f38 (ff9ff06f) x0 80002f3c
core 0: 80002f30 (00000f17) x30 80002f30
core 0: 80002f34 (083f2823) mem 80002fc0 00000001
core 0: 80002f38 (ff9ff06f) x0 80002f3c
core 0: 80002f30 (00000f17) x30 80002f30
core 0: 80002f34 (083f2823) mem 80002fc0 00000001
core 0: 80002f38 (ff9ff06f) x0 80002f3c
core 0: 80002f30 (00000f17) x30 80002f30
core 0: 80002f34 (083f2823) mem 80002fc0 00000001
core 0: 80002f38 (ff9ff06f) x0 80002f3c
core 0: 80002f30 (00000f17) x30 80002f30
core 0: 80002f34 (083f2823) mem 80002fc0 00000001
core 0: 80002f38 (ff9ff06f) x0 80002f3c
core 0: 80002f30 (00000f17) x30 80002f30
core 0: 80002f34 (083f2823) mem 80002fc0 00000001
core 0: 80002f38 (ff9ff06f) x0 80002f3c
core 0: 80002f30 (00000f17) x30 80002f30
core 0: 80002f34 (083f2823) mem 80002fc0 00000001
core 0: 80002f38 (ff9ff06f) x0 80002f3c
core 0: 80002f30 (00000f17) x30 80002f30
core 0: 80002f34 (083f2823) mem 80002fc0 00000001
core 0: 80002f38 (ff9ff06f) x0 80002f3c
core 0: 80002f30 (00000f17) x30 80002f30
core 0: 80002f34 (083f2823) mem 80002fc0 00000001
core 0: 80002f38 (ff9ff06f) x0 80002f3c
core 0: 80002f30 (00000f17) x30 80002f30
core 0: 80002f34 (083f2823) mem 80002fc0 00000001
core 0: 80002f38 (ff9ff06f) x0 80002f3c
core 0: 80002f30 (00000f17) x30 80002f30
core 0: 80002f34 (083f2823) mem 80002fc0 00000001
core 0: 80002f38 (ff9ff06f) x0 80002f3c
core 0: 80002f30 (00000f17) x30 80002f30
core 0: 80002f34 (083f2823) mem 80002fc0 00000001
core 0: 80002f38 (ff9ff06f) x0 80002f3c
core 0: 80002f30 (00000f17) x30 80002f30
core 0: 80002f34 (083f2823) mem 80002fc0 00000001
core 0: 80002f38 (ff9ff06f) x0 80002f3c
core 0: 80002f30 (00000f17) x30 80002f30
core 0: 80002f34 (083f2823) mem 80002fc0 00000001
core 0: 80002f38 (ff9ff06f) x0 80002f3c
core 0: 80002f30 (00000f17) x30 80002f30
core 0: 80002f34 (083f2823) mem 80002fc0 00000001
core 0: 80002f38 (ff9ff06f) x0 80002f3c
core 0: 80002f30 (00000f17) x30 80002f30
core 0: 80002f34 (083f2823) mem 80002fc0 00000001
core 0: 80002f38 (ff9ff06f) x0 80002f3c
core 0: 80002f30 (00000f17) x30 80002f30
core 0: 80002f34 (083f2823) mem 80002fc0 00000001
core 0: 80002f38 (ff9ff06f) x0 80002f3c
core 0: 80002f30 (00000f17) x30 80002f30
core 0: 80002f34 (083f2823) mem 80002fc0 00000001
core 0: 80002f38 (ff9ff06f) x0 80002f3c
core 0: 80002f30 (00000f17) x30 80002f30
core 0: 80002f34 (083f2823) mem 80002fc0 00000001
core 0: 80002f38 (ff9ff06f) x0 80002f3c
core 0: 80002f30 (00000f17) x30 80002f30
core 0: 80002f34 (083f2823) mem 80002fc0 00000001
core 0: 80002f38 (ff9ff06f) x0 80002f3c
core 0: 80002f30 (00000f17) x30 80002f30
core 0: 80002f34 (083f2823) mem 80002fc0 00000001
core 0: 80002f38 (ff9ff06f) x0 80002f3c
core 0: 80002f30 (00000f17) x30 80002f30
core 0: 80002f34 (083f2823) mem 80002fc0 00000001
core 0: 80002f38 (ff9ff06f) x0 80002f3c
core 0: 80002f30 (00000f17) x30 80002f30
core 0: 80002f34 (083f2823) mem 80002fc0 00000001
core 0: 80002f38 (ff9ff06f) x0 80002f3c
core 0: 80002f30 (00000f17) x30 80002f30
core 0: 80002f34 (083f2823) mem 80002fc0 00000001
core 0: 80002f38 (ff9ff06f) x0 80002f3c
core 0: 80002f30 (00000f17) x30 80002f30
core 0: 80002f34 (083f2823) mem 80002fc0 00000001
core 0: 80002f38 (ff9ff06f) x0 80002f3c
core 0: 80002f30 (00000f17) x30 80002f30
core 0: 80002f34 (083f2823) mem 80002fc0 00000001
core 0: 80002f38 (ff9ff06f) x0 80002f3c
core 0: 80002f30 (00000f17) x30 80002f30
core 0: 80002f34 (083f2823) mem 80002fc0 00000001
core 0: 80002f38 (ff9ff06f) x0 80002f3c
core 0: 80002f30 (00000f17) x30 80002f30
core 0: 80002f34 (083f2823) mem 80002fc0 00000001
core 0: 80002f38 (ff9ff06f) x0 80002f3c
core 0: 80002f30 (00000f17) x30 80002f30
core 0: 80002f34 (083f2823) mem 80002fc0 00000001
core 0: 80002f38 (ff9ff06f) x0 80002f3c
core 0: 80002f30 (00000f17) x30 80002f30
core 0: 80002f34 (083f2823) mem 80002fc0 00000001
core 0: 80002f38 (ff9ff06f) x0 80002f3c
core 0: 80002f30 (00000f17) x30 80002f30
core 0: 80002f34 (083f2823) mem 80002fc0 00000001
core 0: 80002f38 (ff9ff06f) x0 80002f3c
core 0: 80002f30 (00000f17) x30 80002f30
core 0: 80002f34 (083f2823) mem 80002fc0 00000001
core 0: 80002f38 (ff9ff06f) x0 80002f3c
core 0: 80002f30 (00000f17) x30 80002f30
core 0: 80002f34 (083f2823) mem 80002fc0 00000001
core 0: 80002f38 (ff9ff06f) x0 80002f3c
core 0: 80002f30 (00000f17) x30 80002f30
core 0: 80002f34 (083f2823) mem 80002fc0 00000001
core 0: 80002f38 (ff9ff06f) x0 80002f3c
core 0: 80002f30 (00000f17) x30 80002f30
core 0: 80002f34 (083f2823) mem 80002fc0 00000001
core 0: 80002f38 (ff9ff06f) x0 80002f3c
core 0: 80002f30 (00000f17) x30 80002f30
core 0: 80002f34 (083f2823) mem 80002fc0 00000001
core 0: 80002f38 (ff9ff06f) x0 80002f3c
core 0: 80002f30 (00000f17) x30 80002f30
core 0: 80002f34 (083f2823) mem 80002fc0 00000001
core 0: 80002f38 (ff9ff06f) x0 80002f3c
core 0: 80002f30 (00000f17) x30 80002f30
core 0: 80002f34 (083f2823) mem 80002fc0 00000001
core 0: 80002f38 (ff9ff06f) x0 80002f3c
core 0: 80002f30 (00000f17) x30 80002f30
core 0: 80002f34 (083f2823) mem 80002fc0 00000001
core 0: 80002f38 (ff9ff06f) x0 80002f3c
core 0: 80002f30 (00000f17) x30 80002f30
core 0: 80002f34 (083f2823) mem 80002fc0 00000001
core 0: 80002f38 (ff9ff06f) x0 80002f3c
core 0: 80002f30 (00000f17) x30 80002f30
core 0: 80002f34 (083f2823) mem 80002fc0 00000001
core 0: 80002f38 (ff9ff06f) x0 80002f3c
core 0: 80002f30 (00000f17) x30 80002f30
core 0: 80002f34 (083f2823) mem 80002fc0 00000001
core 0: 80002f38 (ff9ff06f) x0 80002f3c
core 0: 80002f30 (00000f17) x30 80002f30
core 0: 80002f34 (083f2823) mem 80002fc0 00000001
core 0: 80002f38 (ff9ff06f) x0 80002f3c
core 0: 80002f30 (00000f17) x30 80002f30
core 0: 80002f34 (083f2823) mem 80002fc0 00000001
core 0: 80002f38 (ff9ff06f) x0 80002f3c
core 0: 80002f30 (00000f17) x30 80002f30
core 0: 80002f34 (083f2823) mem 80002fc0 00000001
core 0: 80002f38 (ff9ff06f) x0 80002f3c
core 0: 80002f30 (00000f17) x30 80002f30
core 0: 80002f34 (083f2823) mem 80002fc0 00000001
core 0: 80002f38 (ff9ff06f) x0 80002f3c
core 0: 80002f30 (00000f17) x30 80002f30
core 0: 80002f34 (083f2823) mem 80002fc0 00000001
core 0: 80002f38 (ff9ff06f) x0 80002f3c
core 0: 80002f30 (00000f17) x30 80002f30
core 0: 80002f34 (083f2823) mem 80002fc0 00000001
core 0: 80002f38 (ff9ff06f) x0 80002f3c
core 0: 80002f30 (00000f17) x30 80002f30
core 0: 80002f34 (083f2823) mem 80002fc0 00000001
core 0: 80002f38 (ff9ff06f) x0 80002f3c
core 0: 80002f30 (00000f17) x30 80002f30
core 0: 80002f34 (083f2823) mem 80002fc0 00000001
core 0: 80002f38 (ff9ff06f) x0 80002f3c
core 0: 80002f30 (00000f17) x30 80002f30
core 0: 80002f34 (083f2823) mem 80002fc0 00000001
core 0: 80002f38 (ff9ff06f) x0 80002f3c
core 0: 80002f30 (00000f17) x30 80002f30
core 0: 80002f34 (083f2823) mem 80002fc0 00000001
core 0: 80002f38 (ff9ff06f) x0 80002f3c
core 0: 80002f30 (00000f17) x30 80002f30
core 0: 80002f34 (083f2823) mem 80002fc0 00000001
core 0: 80002f38 (ff9ff06f) x0 80002f3c
core 0: 80002f30 (00000f17) x30 80002f30
core 0: 80002f34 (083f2823) mem 80002fc0 00000001
core 0: 80002f38 (ff9ff06f) x0 80002f3c
core 0: 80002f30 (00000f17) x30 80002f30
core 0: 80002f34 (083f2823) mem 80002fc0 00000001
core 0: 80002f38 (ff9ff06f) x0 80002f3c
core 0: 80002f30 (00000f17) x30 80002f30
core 0: 80002f34 (083f2823) mem 80002fc0 00000001
core 0: 80002f38 (ff9ff06f) x0 80002f3c
core 0: 80002f30 (00000f17) x30 80002f30
core 0: 80002f34 (083f2823) mem 80002fc0 00000001
core 0: 80002f38 (ff9ff06f) x0 80002f3c
core 0: 80002f30 (00000f17) x30 80002f30
core 0: 80002f34 (083f2823) mem 80002fc0 00000001
core 0: 80002f38 (ff9ff06f) x0 80002f3c
core 0: 80002f30 (00000f17) x30 80002f30
core 0: 80002f34 (083f2823) mem 80002fc0 00000001
core 0: 80002f38 (ff9ff06f) x0 80002f3c
core 0: 80002f30 (00000f17) x30 80002f30
core 0: 80002f34 (083f2823) mem 80002fc0 00000001
core 0: 80002f38 (ff9ff06f) x0 80002f3c
core 0: 80002f30 (00000f17) x30 80002f30
core 0: 80002f34 (083f2823) mem 80002fc0 00000001
core 0: 80002f38 (ff9ff06f) x0 80002f3c
core 0: 80002f30 (00000f17) x30 80002f30
core 0: 80002f34 (083f2823) mem 80002fc0 00000001
core 0: 80002f38 (ff9ff06f) x0 80002f3c
core 0: 80002f30 (00000f17) x30 80002f30
core 0: 80002f34 (083f2823) mem 80002fc0 00000001
core 0: 80002f38 (ff9ff06f) x0 80002f3c
core 0: 80002f30 (00000f17) x30 80002f30
core 0: 80002f34 (083f2823) mem 80002fc0 00000001
core 0: 80002f38 (ff9ff06f) x0 80002f3c
core 0: 80002f30 (00000f17) x30 80002f30
core 0: 80002f34 (083f2823) mem 80002fc0 00000001
core 0: 80002f38 (ff9ff06f) x0 80002f3c
core 0: 80002f30 (00000f17) x30 80002f30
core 0: 80002f34 (083f2823) mem 80002fc0 00000001
core 0: 80002f38 (ff9ff06f) x0 80002f3c
core 0: 80002f30 (00000f17) x30 80002f30
core 0: 80002f34 (083f2823) mem 80002fc0 00000001
core 0: 80002f38 (ff9ff06f) x0 80002f3c
core 0: 80002f30 (00000f17) x30 80002f30
core 0: 80002f34 (083f2823) mem 80002fc0 00000001
core 0: 80002f38 (ff9ff06f) x0 80002f3c
core 0: 80002f30 (00000f17) x30 80002f30
core 0: 80002f34 (083f2823) mem 80002fc0 00000001
core 0: 80002f38 (ff9ff06f) x0 80002f3c
core 0: 80002f30 (00000f17) x30 80002f30
core 0: 80002f34 (083f2823) mem 80002fc0 00000001
core 0: 80002f38 (ff9ff06f) x0 80002f3c
core 0: 80002f30 (00000f17) x30 80002f30
core 0: 80002f34 (083f2823) mem 80002fc0 00000001
core 0: 80002f38 (ff9ff06f) x0 80002f3c
core 0: 80002f30 (00000f17) x30 80002f30
core 0: 80002f34 (083f2823) mem 80002fc0 00000001
core 0: 80002f38 (ff9ff06f) x0 80002f3c
core 0: 80002f30 (00000f17) x30 80002f30
core 0: 80002f34 (083f2823) mem 80002fc0 00000001
core 0: 80002f38 (ff9ff06f) x0 80002f3c
core 0: 80002f30 (00000f17) x30 80002f30
core 0: 80002f34 (083f2823) mem 80002fc0 00000001
core 0: 80002f38 (ff9ff06f) x0 80002f3c
core 0: 80002f30 (00000f17) x30 80002f30
core 0: 80002f34 (083f2823) mem 80002fc0 00000001
core 0: 80002f38 (ff9ff06f) x0 80002f3c
core 0: 80002f30 (00000f17) x30 80002f30
core 0: 80002f34 (083f2823) mem 80002fc0 00000001
core 0: 80002f38 (ff9ff06f) x0 80002f3c
core 0: 80002f30 (00000f17) x30 80002f30
core 0: 80002f34 (083f2823) mem 80002fc0 00000001
core 0: 80002f38 (ff9ff06f) x0 80002f3c
core 0: 80002f30 (00000f17) x30 80002f30
core 0: 80002f34 (083f2823) mem 80002fc0 00000001
core 0: 80002f38 (ff9ff06f) x0 80002f3c
core 0: 80002f30 (00000f17) x30 80002f30
core 0: 80002f34 (083f2823) mem 80002fc0 00000001
core 0: 80002f38 (ff9ff06f) x0 80002f3c
core 0: 80002f30 (00000f17) x30 80002f30
core 0: 80002f34 (083f2823) mem 80002fc0 00000001
core 0: 80002f38 (ff9ff06f) x0 80002f3c
core 0: 80002f30 (00000f17) x30 80002f30
core 0: 80002f34 (083f2823) mem 80002fc0 00000001
core 0: 80002f38 (ff9ff06f) x0 80002f3c
core 0: 80002f30 (00000f17) x30 80002f30
core 0: 80002f34 (083f2823) mem 80002fc0 00000001
core 0: 80002f38 (ff9ff06f) x0 80002f3c
core 0: 80002f30 (00000f17) x30 80002f30
core 0: 80002f34 (083f2823) mem 80002fc0 00000001
core 0: 80002f38 (ff9ff06f) x0 80002f3c
core 0: 80002f30 (00000f17) x30 80002f30
core 0: 80002f34 (083f2823) mem 80002fc0 00000001
core 0: 80002f38 (ff9ff06f) x0 80002f3c
core 0: 80002f30 (00000f17) x30 80002f30
core 0: 80002f34 (083f2823) mem 80002fc0 00000001
core 0: 80002f38 (ff9ff06f) x0 80002f3c
core 0: 80002f30 (00000f17) x30 80002f30
core 0: 80002f34 (083f2823) mem 80002fc0 00000001
core 0: 80002f38 (ff9ff06f) x0 80002f3c
core 0: 80002f30 (00000f17) x30 80002f30
core 0: 80002f34 (083f2823) mem 80002fc0 00000001
core 0: 80002f38 (ff9ff06f) x0 80002f3c
core 0: 80002f30 (00000f17) x30 80002f30
core 0: 80002f34 (083f2823) mem 80002fc0 00000001
core 0: 80002f38 (ff9ff06f) x0 80002f3c
core 0: 80002f30 (00000f17) x30 80002f30
core 0: 80002f34 (083f2823) mem 80002fc0 00000001
core 0: 80002f38 (ff9ff06f) x0 80002f3c
core 0: 80002f30 (00000f17) x30 80002f30
core 0: 80002f34 (083f2823) mem 80002fc0 00000001
core 0: 80002f38 (ff9ff06f) x0 80002f3c
core 0: 80002f30 (00000f17) x30 80002f30
core 0: 80002f34 (083f2823) mem 80002fc0 00000001
core 0: 80002f38 (ff9ff06f) x0 80002f3c
core 0: 80002f30 (00000f17) x30 80002f30
core 0: 80002f34 (083f2823) mem 80002fc0 00000001
core 0: 80002f38 (ff9ff06f) x0 80002f3c
core 0: 80002f30 (00000f17) x30 80002f30
core 0: 80002f34 (083f2823) mem 80002fc0 00000001
core 0: 80002f38 (ff9ff06f) x0 80002f3c
core 0: 80002f30 (00000f17) x30 80002f30
core 0: 80002f34 (083f2823) mem 80002fc0 00000001
core 0: 80002f38 (ff9ff06f) x0 80002f3c
core 0: 80002f30 (00000f17) x30 80002f30
core 0: 80002f34 (083f2823) mem 80002fc0 00000001
core 0: 80002f38 (ff9ff06f) x0 80002f3c
core 0: 80002f30 (00000f17) x30 80002f30
core 0: 80002f34 (083f2823) mem 80002fc0 00000001
core 0: 80002f38 (ff9ff06f) x0 80002f3c
core 0: 80002f30 (00000f17) x30 80002f30
core 0: 80002f34 (083f2823) mem 80002fc0 00000001
core 0: 80002f38 (ff9ff06f) x0 80002f3c
core 0: 80002f30 (00000f17) x30 80002f30
core 0: 80002f34 (083f2823) mem 80002fc0 00000001
core 0: 80002f38 (ff9ff06f) x0 80002f3c
core 0: 80002f30 (00000f17) x30 80002f30
core 0: 80002f34 (083f2823) mem 80002fc0 00000001
core 0: 80002f38 (ff9ff06f) x0 80002f3c
core 0: 80002f30 (00000f17) x30 80002f30
core 0: 80002f34 (083f2823) mem 80002fc0 00000001
core 0: 80002f38 (ff9ff06f) x0 80002f3c
core 0: 80002f30 (00000f17) x30 80002f30
core 0: 80002f34 (083f2823) mem 80002fc0 00000001
core 0: 80002f38 (ff9ff06f) x0 80002f3c
core 0: 80002f30 (00000f17) x30 80002f30
core 0: 80002f34 (083f2823) mem 80002fc0 00000001
core 0: 80002f38 (ff9ff06f) x0 80002f3c
core 0: 80002f30 (00000f17) x30 80002f30
core 0: 80002f34 (083f2823) mem 80002fc0 00000001
core 0: 80002f38 (ff9ff06f) x0 80002f3c
core 0: 80002f30 (00000f17) x30 80002f30
core 0: 80002f34 (083f2823) mem 80002fc0 00000001
core 0: 80002f38 (ff9ff06f) x0 80002f3c
core 0: 80002f30 (00000f17) x30 80002f30
core 0: 80002f34 (083f2823) mem 80002fc0 00000001
core 0: 80002f38 (ff9ff06f) x0 80002f3c
core 0: 80002f30 (00000f17) x30 80002f30
core 0: 80002f34 (083f2823) mem 80002fc0 00000001
core 0: 80002f38 (ff9ff06f) x0 80002f3c
core 0: 80002f30 (00000f17) x30 80002f30
core 0: 80002f34 (083f2823) mem 80002fc0 00000001
core 0: 80002f38 (ff9ff06f) x0 80002f3c
core 0: 80002f30 (00000f17) x30 80002f30
core 0: 80002f34 (083f2823) mem 80002fc0 00000001
core 0: 80002f38 (ff9ff06f) x0 80002f3c
core 0: 80002f30 (00000f17) x30 80002f30
core 0: 80002f34 (083f2823) mem 80002fc0 00000001
core 0: 80002f38 (ff9ff06f) x0 80002f3c
core 0: 80002f30 (00000f17) x30 80002f30
core 0: 80002f34 (083f2823) mem 80002fc0 00000001
core 0: 80002f38 (ff9ff06f) x0 80002f3c
core 0: 80002f30 (00000f17) x30 80002f30
core 0: 80002f34 (083f2823) mem 80002fc0 00000001
core 0: 80002f38 (ff9ff06f) x0 80002f3c
core 0: 80002f30 (00000f17) x30 80002f30
core 0: 80002f34 (083f2823) mem 80002fc0 00000001
core 0: 80002f38 (ff9ff06f) x0 80002f3c
core 0: 80002f30 (00000f17) x30 80002f30
core 0: 80002f34 (083f2823) mem 80002fc0 00000001
core 0: 80002f38 (ff9ff06f) x0 80002f3c
core 0: 80002f30 (00000f17) x30 80002f30
core 0: 80002f34 (083f2823) mem 80002fc0 00000001
core 0: 80002f38 (ff9ff06f) x0 80002f3c
core 0: 80002f30 (00000f17) x30 80002f30
core 0: 80002f34 (083f2823) mem 80002fc0 00000001
core 0: 80002f38 (ff9ff06f) x0 80002f3c
core 0: 80002f30 (00000f17) x30 80002f30
core 0: 80002f34 (083f2823) mem 80002fc0 00000001
core 0: 80002f38 (ff9ff06f) x0 80002f3c
core 0: 80002f30 (00000f17) x30 80002f30
core 0: 80002f34 (083f2823) mem 80002fc0 00000001
core 0: 80002f38 (ff9ff06f) x0 80002f3c
core 0: 80002f30 (00000f17) x30 80002f30
core 0: 80002f34 (083f2823) mem 80002fc0 00000001
core 0: 80002f38 (ff9ff06f) x0 80002f3c
core 0: 80002f30 (00000f17) x30 80002f30
core 0: 80002f34 (083f2823) mem 80002fc0 00000001
core 0: 80002f38 (ff9ff06f) x0 80002f3c
core 0: 80002f30 (00000f17) x30 80002f30
core 0: 80002f34 (083f2823) mem 80002fc0 00000001
core 0: 80002f38 (ff9ff06f) x0 80002f3c
core 0: 80002f30 (00000f17) x30 80002f30
core 0: 80002f34 (083f2823) mem 80002fc0 00000001
core 0: 80002f38 (ff9ff06f) x0 80002f3c
core 0: 80002f30 (00000f17) x30 80002f30
core 0: 80002f34 (083f2823) mem 80002fc0 00000001
core 0: 80002f38 (ff9ff06f) x0 80002f3c
core 0: 80002f30 (00000f17) x30 80002f30
core 0: 80002f34 (083f2823) mem 80002fc0 00000001
core 0: 80002f38 (ff9ff06f) x0 80002f3c
core 0: 80002f30 (00000f17) x30 80002f30
core 0: 80002f34 (083f2823) mem 80002fc0 00000001
core 0: 80002f38 (ff9ff06f) x0 80002f3c
core 0: 80002f30 (00000f17) x30 80002f30
core 0: 80002f34 (083f2823) mem 80002fc0 00000001
core 0: 80002f38 (ff9ff06f) x0 80002f3c
core 0: 80002f30 (00000f17) x30 80002f30
core 0: 80002f34 (083f2823) mem 80002fc0 00000001
core 0: 80002f38 (ff9ff06f) x0 80002f3c
core 0: 80002f30 (00000f17) x30 80002f30
core 0: 80002f34 (083f2823) mem 80002fc0 00000001
core 0: 80002f38 (ff9ff06f) x0 80002f3c
core 0: 80002f30 (00000f17) x30 80002f30
core 0: 80002f34 (083f2823) mem 80002fc0 00000001
core 0: 80002f38 (ff9ff06f) x0 80002f3c
core 0: 80002f30 (00000f17) x30 80002f30
core 0: 80002f34 (083f2823) mem 80002fc0 00000001
core 0: 80002f38 (ff9ff06f) x0 80002f3c
core 0: 80002f30 (00000f17) x30 80002f30
core 0: 80002f34 (083f2823) mem 80002fc0 00000001
core 0: 80002f38 (ff9ff06f) x0 80002f3c
core 0: 80002f30 (00000f17) x30 80002f30
core 0: 80002f34 (083f2823) mem 80002fc0 00000001
core 0: 80002f38 (ff9ff06f) x0 80002f3c
core 0: 80002f30 (00000f17) x30 80002f30
core 0: 80002f34 (083f2823) mem 80002fc0 00000001
core 0: 80002f38 (ff9ff06f) x0 80002f3c
core 0: 80002f30 (00000f17) x30 80002f30
core 0: 80002f34 (083f2823) mem 80002fc0 00000001
core 0: 80002f38 (ff9ff06f) x0 80002f3c
core 0: 80002f30 (00000f17) x30 80002f30
core 0: 80002f34 (083f2823) mem 80002fc0 00000001
core 0: 80002f38 (ff9ff06f) x0 80002f3c
core 0: 80002f30 (00000f17) x30 80002f30
core 0: 80002f34 (083f2823) mem 80002fc0 00000001
core 0: 80002f38 (ff9ff06f) x0 80002f3c
core 0: 80002f30 (00000f17) x30 80002f30
core 0: 80002f34 (083f2823) mem 80002fc0 00000001
core 0: 80002f38 (ff9ff06f) x0 80002f3c
core 0: 80002f30 (00000f17) x30 80002f30
core 0: 80002f34 (083f2823) mem 80002fc0 00000001
core 0: 80002f38 (ff9ff06f) x0 80002f3c
core 0: 80002f30 (00000f17) x30 80002f30
core 0: 80002f34 (083f2823) mem 80002fc0 00000001
core 0: 80002f38 (ff9ff06f) x0 80002f3c
core 0: 80002f30 (00000f17) x30 80002f30
core 0: 80002f34 (083f2823) mem 80002fc0 00000001
core 0: 80002f38 (ff9ff06f) x0 80002f3c
core 0: 80002f30 (00000f17) x30 80002f30
core 0: 80002f34 (083f2823) mem 80002fc0 00000001
core 0: 80002f38 (ff9ff06f) x0 80002f3c
core 0: 80002f30 (00000f17) x30 80002f30
core 0: 80002f34 (083f2823) mem 80002fc0 00000001
core 0: 80002f38 (ff9ff06f) x0 80002f3c
core 0: 80002f30 (00000f17) x30 80002f30
core 0: 80002f34 (083f2823) mem 80002fc0 00000001
core 0: 80002f38 (ff9ff06f) x0 80002f3c
core 0: 80002f30 (00000f17) x30 80002f30
core 0: 80002f34 (083f2823) mem 80002fc0 00000001
core 0: 80002f38 (ff9ff06f) x0 80002f3c
core 0: 80002f30 (00000f17) x30 80002f30
core 0: 80002f34 (083f2823) mem 80002fc0 00000001
core 0: 80002f38 (ff9ff06f) x0 80002f3c
core 0: 80002f30 (00000f17) x30 80002f30
core 0: 80002f34 (083f2823) mem 80002fc0 00000001
core 0: 80002f38 (ff9ff06f) x0 80002f3c
core 0: 80002f30 (00000f17) x30 80002f30
core 0: 80002f34 (083f2823) mem 80002fc0 00000001
core 0: 80002f38 (ff9ff06f) x0 80002f3c
core 0: 80002f30 (00000f17) x30 80002f30
core 0: 80002f34 (083f2823) mem 80002fc0 00000001
core 0: 80002f38 (ff9ff06f) x0 80002f3c
core 0: 80002f30 (00000f17) x30 80002f30
core 0: 80002f34 (083f2823) mem 80002fc0 00000001
core 0: 80002f38 (ff9ff06f) x0 80002f3c
core 0: 80002f30 (00000f17) x30 80002f30
core 0: 80002f34 (083f2823) mem 80002fc0 00000001
core 0: 80002f38 (ff9ff06f) x0 80002f3c
core 0: 80002f30 (00000f17) x30 80002f30
core 0: 80002f34 (083f2823) mem 80002fc0 00000001
core 0: 80002f38 (ff9ff06f) x0 80002f3c
core 0: 80002f30 (00000f17) x30 80002f30
core 0: 80002f34 (083f2823) mem 80002fc0 00000001
core 0: 80002f38 (ff9ff06f) x0 80002f3c
core 0: 80002f30 (00000f17) x30 80002f30
core 0: 80002f34 (083f2823) mem 80002fc0 00000001
core 0: 80002f38 (ff9ff06f) x0 80002f3c
core 0: 80002f30 (00000f17) x30 80002f30
core 0: 80002f34 (083f2823) mem 80002fc0 00000001
core 0: 80002f38 (ff9ff06f) x0 80002f3c
core 0: 80002f30 (00000f17) x30 80002f30
core 0: 80002f34 (083f2823) mem 80002fc0 00000001
core 0: 80002f38 (ff9ff06f) x0 80002f3c
core 0: 80002f30 (00000f17) x30 80002f30
core 0: 80002f34 (083f2823) mem 80002fc0 00000001
core 0: 80002f38 (ff9ff06f) x0 80002f3c
core 0: 80002f30 (00000f17) x30 80002f30
core 0: 80002f34 (083f2823) mem 80002fc0 00000001
core 0: 80002f38 (ff9ff06f) x0 80002f3c
core 0: 80002f30 (00000f17) x30 80002f30
core 0: 80002f34 (083f2823) mem 80002fc0 00000001
core 0: 80002f38 (ff9ff06f) x0 80002f3c
core 0: 80002f30 (00000f17) x30 80002f30
core 0: 80002f34 (083f2823) mem 80002fc0 00000001
core 0: 80002f38 (ff9ff06f) x0 80002f3c
core 0: 80002f30 (00000f17) x30 80002f30
core 0: 80002f34 (083f2823) mem 80002fc0 00000001
core 0: 80002f38 (ff9ff06f) x0 80002f3c
core 0: 80002f30 (00000f17) x30 80002f30
core 0: 80002f34 (083f2823) mem 80002fc0 00000001
core 0: 80002f38 (ff9ff06f) x0 80002f3c
core 0: 80002f30 (00000f17) x30 80002f30
core 0: 80002f34 (083f2823) mem 80002fc0 00000001
core 0: 80002f38 (ff9ff06f) x0 80002f3c
core 0: 80002f30 (00000f17) x30 80002f30
core 0: 80002f34 (083f2823) mem 80002fc0 00000001
core 0: 80002f38 (ff9ff06f) x0 80002f3c
core 0: 80002f30 (00000f17) x30 80002f30
core 0: 80002f34 (083f2823) mem 80002fc0 00000001
core 0: 80002f38 (ff9ff06f) x0 80002f3c
core 0: 80002f30 (00000f17) x30 80002f30
core 0: 80002f34 (083f2823) mem 80002fc0 00000001
core 0: 80002f38 (ff9ff06f) x0 80002f3c
core 0: 80002f30 (00000f17) x30 80002f30
core 0: 80002f34 (083f2823) mem 80002fc0 00000001
core 0: 80002f38 (ff9ff06f) x0 80002f3c
core 0: 80002f30 (00000f17) x30 80002f30
core 0: 80002f34 (083f2823) mem 80002fc0 00000001
core 0: 80002f38 (ff9ff06f) x0 80002f3c
core 0: 80002f30 (00000f17) x30 80002f30
core 0: 80002f34 (083f2823) mem 80002fc0 00000001
core 0: 80002f38 (ff9ff06f) x0 80002f3c
core 0: 80002f30 (00000f17) x30 80002f30
core 0: 80002f34 (083f2823) mem 80002fc0 00000001
core 0: 80002f38 (ff9ff06f) x0 80002f3c
core 0: 80002f30 (00000f17) x30 80002f30
core 0: 80002f34 (083f2823) mem 80002fc0 00000001
core 0: 80002f38 (ff9ff06f) x0 80002f3c
core 0: 80002f30 (00000f17) x30 80002f30
core 0: 80002f34 (083f2823) mem 80002fc0 00000001
core 0: 80002f38 (ff9ff06f) x0 80002f3c
core 0: 80002f30 (00000f17) x30 80002f30
core 0: 80002f34 (083f2823) mem 80002fc0 00000001
core 0: 80002f38 (ff9ff06f) x0 80002f3c
core 0: 80002f30 (00000f17) x30 80002f30
core 0: 80002f34 (083f2823) mem 80002fc0 00000001
core 0: 80002f38 (ff9ff06f) x0 80002f3c
core 0: 80002f30 (00000f17) x30 80002f30
core 0: 80002f34 (083f2823) mem 80002fc0 00000001
core 0: 80002f38 (ff9ff06f) x0 80002f3c
core 0: 80002f30 (00000f17) x30 80002f30
core 0: 80002f34 (083f2823) mem 80002fc0 00000001
core 0: 80002f38 (ff9ff06f) x0 80002f3c
core 0: 80002f30 (00000f17) x30 80002f30
core 0: 80002f34 (083f2823) mem 80002fc0 00000001
core 0: 80002f38 (ff9ff06f) x0 80002f3c
core 0: 80002f30 (00000f17) x30 80002f30
core 0: 80002f34 (083f2823) mem 80002fc0 00000001
core 0: 80002f38 (ff9ff06f) x0 80002f3c
core 0: 80002f30 (00000f17) x30 80002f30
core 0: 80002f34 (083f2823) mem 80002fc0 00000001
core 0: 80002f38 (ff9ff06f) x0 80002f3c
core 0: 80002f30 (00000f17) x30 80002f30
core 0: 80002f34 (083f2823) mem 80002fc0 00000001
core 0: 80002f38 (ff9ff06f) x0 80002f3c
core 0: 80002f30 (00000f17) x30 80002f30
core 0: 80002f34 (083f2823) mem 80002fc0 00000001
core 0: 80002f38 (ff9ff06f) x0 80002f3c
core 0: 80002f30 (00000f17) x30 80002f30
core 0: 80002f34 (083f2823) mem 80002fc0 00000001
core 0: 80002f38 (ff9ff06f) x0 80002f3c
core 0: 80002f30 (00000f17) x30 80002f30
core 0: 80002f34 (083f2823) mem 80002fc0 00000001
core 0: 80002f38 (ff9ff06f) x0 80002f3c
core 0: 80002f30 (00000f17) x30 80002f30
core 0: 80002f34 (083f2823) mem 80002fc0 00000001
core 0: 80002f38 (ff9ff06f) x0 80002f3c
core 0: 80002f30 (00000f17) x30 80002f30
core 0: 80002f34 (083f2823) mem 80002fc0 00000001
core 0: 80002f38 (ff9ff06f) x0 80002f3c
core 0: 80002f30 (00000f17) x30 80002f30
core 0: 80002f34 (083f2823) mem 80002fc0 00000001
core 0: 80002f38 (ff9ff06f) x0 80002f3c
core 0: 80002f30 (00000f17) x30 80002f30
core 0: 80002f34 (083f2823) mem 80002fc0 00000001
core 0: 80002f38 (ff9ff06f) x0 80002f3c
core 0: 80002f30 (00000f17) x30 80002f30
core 0: 80002f34 (083f2823) mem 80002fc0 00000001
core 0: 80002f38 (ff9ff06f) x0 80002f3c
core 0: 80002f30 (00000f17) x30 80002f30
core 0: 80002f34 (083f2823) mem 80002fc0 00000001
core 0: 80002f38 (ff9ff06f) x0 80002f3c
core 0: 80002f30 (00000f17) x30 80002f30
core 0: 80002f34 (083f2823) mem 80002fc0 00000001
core 0: 80002f38 (ff9ff06f) x0 80002f3c
core 0: 80002f30 (00000f17) x30 80002f30
core 0: 80002f34 (083f2823) mem 80002fc0 00000001
core 0: 80002f38 (ff9ff06f) x0 80002f3c
core 0: 80002f30 (00000f17) x30 80002f30
core 0: 80002f34 (083f2823) mem 80002fc0 00000001
core 0: 80002f38 (ff9ff06f) x0 80002f3c
core 0: 80002f30 (00000f17) x30 80002f30
core 0: 80002f34 (083f2823) mem 80002fc0 00000001
core 0: 80002f38 (ff9ff06f) x0 80002f3c
core 0: 80002f30 (00000f17) x30 80002f30
core 0: 80002f34 (083f2823) mem 80002fc0 00000001
core 0: 80002f38 (ff9ff06f) x0 80002f3c
core 0: 80002f30 (00000f17) x30 80002f30
core 0: 80002f34 (083f2823) mem 80002fc0 00000001
core 0: 80002f38 (ff9ff06f) x0 80002f3c
core 0: 80002f30 (00000f17) x30 80002f30
core 0: 80002f34 (083f2823) mem 80002fc0 00000001
core 0: 80002f38 (ff9ff06f) x0 80002f3c
core 0: 80002f30 (00000f17) x30 80002f30
core 0: 80002f34 (083f2823) mem 80002fc0 00000001
core 0: 80002f38 (ff9ff06f) x0 80002f3c
core 0: 80002f30 (00000f17) x30 80002f30
core 0: 80002f34 (083f2823) mem 80002fc0 00000001
core 0: 80002f38 (ff9ff06f) x0 80002f3c
core 0: 80002f30 (00000f17) x30 80002f30
core 0: 80002f34 (083f2823) mem 80002fc0 00000001
core 0: 80002f38 (ff9ff06f) x0 80002f3c
core 0: 80002f30 (00000f17) x30 80002f30
core 0: 80002f34 (083f2823) mem 80002fc0 00000001
core 0: 80002f38 (ff9ff06f) x0 80002f3c
core 0: 80002f30 (00000f17) x30 80002f30
core 0: 80002f34 (083f2823) mem 80002fc0 00000001
core 0: 80002f38 (ff9ff06f) x0 80002f3c
core 0: 80002f30 (00000f17) x30 80002f30
core 0: 80002f34 (083f2823) mem 80002fc0 00000001
core 0: 80002f38 (ff9ff06f) x0 80002f3c
core 0: 80002f30 (00000f17) x30 80002f30
core 0: 80002f34 (083f2823) mem 80002fc0 00000001
core 0: 80002f38 (ff9ff06f) x0 80002f3c
core 0: 80002f30 (00000f17) x30 80002f30
core 0: 80002f34 (083f2823) mem 80002fc0 00000001
core 0: 80002f38 (ff9ff06f) x0 80002f3c
core 0: 80002f30 (00000f17) x30 80002f30
core 0: 80002f34 (083f2823) mem 80002fc0 00000001
core 0: 80002f38 (ff9ff06f) x0 80002f3c
core 0: 80002f30 (00000f17) x30 80002f30
core 0: 80002f34 (083f2823) mem 80002fc0 00000001
core 0: 80002f38 (ff9ff06f) x0 80002f3c
core 0: 80002f30 (00000f17) x30 80002f30
core 0: 80002f34 (083f2823) mem 80002fc0 00000001
core 0: 80002f38 (ff9ff06f) x0 80002f3c
core 0: 80002f30 (00000f17) x30 80002f30
core 0: 80002f34 (083f2823) mem 80002fc0 00000001
core 0: 80002f38 (ff9ff06f) x0 80002f3c
core 0: 80002f30 (00000f17) x30 80002f30
core 0: 80002f34 (083f2823) mem 80002fc0 00000001
core 0: 80002f38 (ff9ff06f) x0 80002f3c
core 0: 80002f30 (00000f17) x30 80002f30
core 0: 80002f34 (083f2823) mem 80002fc0 00000001
core 0: 80002f38 (ff9ff06f) x0 80002f3c
core 0: 80002f30 (00000f17) x30 80002f30
core 0: 80002f34 (083f2823) mem 80002fc0 00000001
core 0: 80002f38 (ff9ff06f) x0 80002f3c
core 0: 80002f30 (00000f17) x30 80002f30
core 0: 80002f34 (083f2823) mem 80002fc0 00000001
core 0: 80002f38 (ff9ff06f) x0 80002f3c
core 0: 80002f30 (00000f17) x30 80002f30
core 0: 80002f34 (083f2823) mem 80002fc0 00000001
core 0: 80002f38 (ff9ff06f) x0 80002f3c
core 0: 80002f30 (00000f17) x30 80002f30
core 0: 80002f34 (083f2823) mem 80002fc0 00000001
core 0: 80002f38 (ff9ff06f) x0 80002f3c
core 0: 80002f30 (00000f17) x30 80002f30
core 0: 80002f34 (083f2823) mem 80002fc0 00000001
core 0: 80002f38 (ff9ff06f) x0 80002f3c
core 0: 80002f30 (00000f17) x30 80002f30
core 0: 80002f34 (083f2823) mem 80002fc0 00000001
core 0: 80002f38 (ff9ff06f) x0 80002f3c
core 0: 80002f30 (00000f17) x30 80002f30
core 0: 80002f34 (083f2823) mem 80002fc0 00000001
core 0: 80002f38 (ff9ff06f) x0 80002f3c
core 0: 80002f30 (00000f17) x30 80002f30
core 0: 80002f34 (083f2823) mem 80002fc0 00000001
core 0: 80002f38 (ff9ff06f) x0 80002f3c
core 0: 80002f30 (00000f17) x30 80002f30
core 0: 80002f34 (083f2823) mem 80002fc0 00000001
core 0: 80002f38 (ff9ff06f) x0 80002f3c
core 0: 80002f30 (00000f17) x30 80002f30
core 0: 80002f34 (083f2823) mem 80002fc0 00000001
core 0: 80002f38 (ff9ff06f) x0 80002f3c
core 0: 80002f30 (00000f17) x30 80002f30
core 0: 80002f34 (083f2823) mem 80002fc0 00000001
core 0: 80002f38 (ff9ff06f) x0 80002f3c
core 0: 80002f30 (00000f17) x30 80002f30
core 0: 80002f34 (083f2823) mem 80002fc0 00000001
core 0: 80002f38 (ff9ff06f) x0 80002f3c
core 0: 80002f30 (00000f17) x30 80002f30
core 0: 80002f34 (083f2823) mem 80002fc0 00000001
core 0: 80002f38 (ff9ff06f) x0 80002f3c
core 0: 80002f30 (00000f17) x30 80002f30
core 0: 80002f34 (083f2823) mem 80002fc0 00000001
core 0: 80002f38 (ff9ff06f) x0 80002f3c
core 0: 80002f30 (00000f17) x30 80002f30
core 0: 80002f34 (083f2823) mem 80002fc0 00000001
core 0: 80002f38 (ff9ff06f) x0 80002f3c
core 0: 80002f30 (00000f17) x30 80002f30
core 0: 80002f34 (083f2823) mem 80002fc0 00000001
core 0: 80002f38 (ff9ff06f) x0 80002f3c
core 0: 80002f30 (00000f17) x30 80002f30
core 0: 80002f34 (083f2823) mem 80002fc0 00000001
core 0: 80002f38 (ff9ff06f) x0 80002f3c
core 0: 80002f30 (00000f17) x30 80002f30
core 0: 80002f34 (083f2823) mem 80002fc0 00000001
core 0: 80002f38 (ff9ff06f) x0 80002f3c
core 0: 80002f30 (00000f17) x30 80002f30
core 0: 80002f34 (083f2823) mem 80002fc0 00000001
core 0: 80002f38 (ff9ff06f) x0 80002f3c
core 0: 80002f30 (00000f17) x30 80002f30
core 0: 80002f34 (083f2823) mem 80002fc0 00000001
core 0: 80002f38 (ff9ff06f) x0 80002f3c
core 0: 80002f30 (00000f17) x30 80002f30
core 0: 80002f34 (083f2823) mem 80002fc0 00000001
core 0: 80002f38 (ff9ff06f) x0 80002f3c
core 0: 80002f30 (00000f17) x30 80002f30
core 0: 80002f34 (083f2823) mem 80002fc0 00000001
core 0: 80002f38 (ff9ff06f) x0 80002f3c
core 0: 80002f30 (00000f17) x30 80002f30
core 0: 80002f34 (083f2823) mem 80002fc0 00000001
core 0: 80002f38 (ff9ff06f) x0 80002f3c
core 0: 80002f30 (00000f17) x30 80002f30
core 0: 80002f34 (083f2823) mem 80002fc0 00000001
core 0: 80002f38 (ff9ff06f) x0 80002f3c
core 0: 80002f30 (00000f17) x30 80002f30
core 0: 80002f34 (083f2823) mem 80002fc0 00000001
core 0: 80002f38 (ff9ff06f) x0 80002f3c
core 0: 80002f30 (00000f17) x30 80002f30
core 0: 80002f34 (083f2823) mem 80002fc0 00000001
core 0: 80002f38 (ff9ff06f) x0 80002f3c
core 0: 80002f30 (00000f17) x30 80002f30
core 0: 80002f34 (083f2823) mem 80002fc0 00000001
core 0: 80002f38 (ff9ff06f) x0 80002f3c
core 0: 80002f30 (00000f17) x30 80002f30
core 0: 80002f34 (083f2823) mem 80002fc0 00000001
core 0: 80002f38 (ff9ff06f) x0 80002f3c
core 0: 80002f30 (00000f17) x30 80002f30
core 0: 80002f34 (083f2823) mem 80002fc0 00000001
core 0: 80002f38 (ff9ff06f) x0 80002f3c
core 0: 80002f30 (00000f17) x30 80002f30
core 0: 80002f34 (083f2823) mem 80002fc0 00000001
core 0: 80002f38 (ff9ff06f) x0 80002f3c
core 0: 80002f30 (00000f17) x30 80002f30
core 0: 80002f34 (083f2823) mem 80002fc0 00000001
core 0: 80002f38 (ff9ff06f) x0 80002f3c
core 0: 80002f30 (00000f17) x30 80002f30
core 0: 80002f34 (083f2823) mem 80002fc0 00000001
core 0: 80002f38 (ff9ff06f) x0 80002f3c
core 0: 80002f30 (00000f17) x30 80002f30
core 0: 80002f34 (083f2823) mem 80002fc0 00000001
core 0: 80002f38 (ff9ff06f) x0 80002f3c
core 0: 80002f30 (00000f17) x30 80002f30
core 0: 80002f34 (083f2823) mem 80002fc0 00000001
core 0: 80002f38 (ff9ff06f) x0 80002f3c
core 0: 80002f30 (00000f17) x30 80002f30
core 0: 80002f34 (083f2823) mem 80002fc0 00000001
core 0: 80002f38 (ff9ff06f) x0 80002f3c
core 0: 80002f30 (00000f17) x30 80002f30
core 0: 80002f34 (083f2823) mem 80002fc0 00000001
core 0: 80002f38 (ff9ff06f) x0 80002f3c
core 0: 80002f30 (00000f17) x30 80002f30
core 0: 80002f34 (083f2823) mem 80002fc0 00000001
core 0: 80002f38 (ff9ff06f) x0 80002f3c
core 0: 80002f30 (00000f17) x30 80002f30
core 0: 80002f34 (083f2823) mem 80002fc0 00000001
core 0: 80002f38 (ff9ff06f) x0 80002f3c
core 0: 80002f30 (00000f17) x30 80002f30
core 0: 80002f34 (083f2823) mem 80002fc0 00000001
core 0: 80002f38 (ff9ff06f) x0 80002f3c
core 0: 80002f30 (00000f17) x30 80002f30
core 0: 80002f34 (083f2823) mem 80002fc0 00000001
core 0: 80002f38 (ff9ff06f) x0 80002f3c
core 0: 80002f30 (00000f17) x30 80002f30
core 0: 80002f34 (083f2823) mem 80002fc0 00000001
core 0: 80002f38 (ff9ff06f) x0 80002f3c
core 0: 80002f30 (00000f17) x30 80002f30
core 0: 80002f34 (083f2823) mem 80002fc0 00000001
core 0: 80002f38 (ff9ff06f) x0 80002f3c
core 0: 80002f30 (00000f17) x30 80002f30
core 0: 80002f34 (083f2823) mem 80002fc0 00000001
core 0: 80002f38 (ff9ff06f) x0 80002f3c
core 0: 80002f30 (00000f17) x30 80002f30
core 0: 80002f34 (083f2823) mem 80002fc0 00000001
core 0: 80002f38 (ff9ff06f) x0 80002f3c
core 0: 80002f30 (00000f17) x30 80002f30
core 0: 80002f34 (083f2823) mem 80002fc0 00000001
core 0: 80002f38 (ff9ff06f) x0 80002f3c
core 0: 80002f30 (00000f17) x30 80002f30
core 0: 80002f34 (083f2823) mem 80002fc0 00000001
core 0: 80002f38 (ff9ff06f) x0 80002f3c
core 0: 80002f30 (00000f17) x30 80002f30
core 0: 80002f34 (083f2823) mem 80002fc0 00000001
core 0: 80002f38 (ff9ff06f) x0 80002f3c
core 0: 80002f30 (00000f17) x30 80002f30
core 0: 80002f34 (083f2823) mem 80002fc0 00000001
core 0: 80002f38 (ff9ff06f) x0 80002f3c
core 0: 80002f30 (00000f17) x30 80002f30
core 0: 80002f34 (083f2823) mem 80002fc0 00000001
core 0: 80002f38 (ff9ff06f) x0 80002f3c
core 0: 80002f30 (00000f17) x30 80002f30
core 0: 80002f34 (083f2823) mem 80002fc0 00000001
core 0: 80002f38 (ff9ff06f) x0 80002f3c
core 0: 80002f30 (00000f17) x30 80002f30
core 0: 80002f34 (083f2823) mem 80002fc0 00000001
core 0: 80002f38 (ff9ff06f) x0 80002f3c
core 0: 80002f30 (00000f17) x30 80002f30
core 0: 80002f34 (083f2823) mem 80002fc0 00000001
core 0: 80002f38 (ff9ff06f) x0 80002f3c
core 0: 80002f30 (00000f17) x30 80002f30
core 0: 80002f34 (083f2823) mem 80002fc0 00000001
core 0: 80002f38 (ff9ff06f) x0 80002f3c
core 0: 80002f30 (00000f17) x30 80002f30
core 0: 80002f34 (083f2823) mem 80002fc0 00000001
core 0: 80002f38 (ff9ff06f) x0 80002f3c
core 0: 80002f30 (00000f17) x30 80002f30
core 0: 80002f34 (083f2823) mem 80002fc0 00000001
core 0: 80002f38 (ff9ff06f) x0 80002f3c
core 0: 80002f30 (00000f17) x30 80002f30
core 0: 80002f34 (083f2823) mem 80002fc0 00000001
core 0: 80002f38 (ff9ff06f) x0 80002f3c
core 0: 80002f30 (00000f17) x30 80002f30
core 0: 80002f34 (083f2823) mem 80002fc0 00000001
core 0: 80002f38 (ff9ff06f) x0 80002f3c
core 0: 80002f30 (00000f17) x30 80002f30
core 0: 80002f34 (083f2823) mem 80002fc0 00000001
core 0: 80002f38 (ff9ff06f) x0 80002f3c
core 0: 80002f30 (00000f17) x30 80002f30
core 0: 80002f34 (083f2823) mem 80002fc0 00000001
core 0: 80002f38 (ff9ff06f) x0 80002f3c
core 0: 80002f30 (00000f17) x30 80002f30
core 0: 80002f34 (083f2823) mem 80002fc0 00000001
core 0: 80002f38 (ff9ff06f) x0 80002f3c
core 0: 80002f30 (00000f17) x30 80002f30
core 0: 80002f34 (083f2823) mem 80002fc0 00000001
core 0: 80002f38 (ff9ff06f) x0 80002f3c
core 0: 80002f30 (00000f17) x30 80002f30
core 0: 80002f34 (083f2823) mem 80002fc0 00000001
core 0: 80002f38 (ff9ff06f) x0 80002f3c
core 0: 80002f30 (00000f17) x30 80002f30
core 0: 80002f34 (083f2823) mem 80002fc0 00000001
core 0: 80002f38 (ff9ff06f) x0 80002f3c
core 0: 80002f30 (00000f17) x30 80002f30
core 0: 80002f34 (083f2823) mem 80002fc0 00000001
core 0: 80002f38 (ff9ff06f) x0 80002f3c
core 0: 80002f30 (00000f17) x30 80002f30
core 0: 80002f34 (083f2823) mem 80002fc0 00000001
core 0: 80002f38 (ff9ff06f) x0 80002f3c
core 0: 80002f30 (00000f17) x30 80002f30
core 0: 80002f34 (083f2823) mem 80002fc0 00000001
core 0: 80002f38 (ff9ff06f) x0 80002f3c
core 0: 80002f30 (00000f17) x30 80002f30
core 0: 80002f34 (083f2823) mem 80002fc0 00000001
core 0: 80002f38 (ff9ff06f) x0 80002f3c
core 0: 80002f30 (00000f17) x30 80002f30
core 0: 80002f34 (083f2823) mem 80002fc0 00000001
core 0: 80002f38 (ff9ff06f) x0 80002f3c
core 0: 80002f30 (00000f17) x30 80002f30
core 0: 80002f34 (083f2823) mem 80002fc0 00000001
core 0: 80002f38 (ff9ff06f) x0 80002f3c
core 0: 80002f30 (00000f17) x30 80002f30
core 0: 80002f34 (083f2823) mem 80002fc0 00000001
core 0: 80002f38 (ff9ff06f) x0 80002f3c
core 0: 80002f30 (00000f17) x30 80002f30
core 0: 80002f34 (083f2823) mem 80002fc0 00000001
core 0: 80002f38 (ff9ff06f) x0 80002f3c
core 0: 80002f30 (00000f17) x30 80002f30
core 0: 80002f34 (083f2823) mem 80002fc0 00000001
core 0: 80002f38 (ff9ff06f) x0 80002f3c
core 0: 80002f30 (00000f17) x30 80002f30
core 0: 80002f34 (083f2823) mem 80002fc0 00000001
core 0: 80002f38 (ff9ff06f) x0 80002f3c
core 0: 80002f30 (00000f17) x30 80002f30
core 0: 80002f34 (083f2823) mem 80002fc0 00000001
core 0: 80002f38 (ff9ff06f) x0 80002f3c
core 0: 80002f30 (00000f17) x30 80002f30
core 0: 80002f34 (083f2823) mem 80002fc0 00000001
core 0: 80002f38 (ff9ff06f) x0 80002f3c
core 0: 80002f30 (00000f17) x30 80002f30
core 0: 80002f34 (083f2823) mem 80002fc0 00000001
core 0: 80002f38 (ff9ff06f) x0 80002f3c
core 0: 80002f30 (00000f17) x30 80002f30
core 0: 80002f34 (083f2823) mem 80002fc0 00000001
core 0: 80002f38 (ff9ff06f) x0 80002f3c
core 0: 80002f30 (00000f17) x30 80002f30
core 0: 80002f34 (083f2823) mem 80002fc0 00000001
core 0: 80002f38 (ff9ff06f) x0 80002f3c
core 0: 80002f30 (00000f17) x30 80002f30
core 0: 80002f34 (083f2823) mem 80002fc0 00000001
core 0: 80002f38 (ff9ff06f) x0 80002f3c
core 0: 80002f30 (00000f17) x30 80002f30
core 0: 80002f34 (083f2823) mem 80002fc0 00000001
core 0: 80002f38 (ff9ff06f) x0 80002f3c
core 0: 80002f30 (00000f17) x30 80002f30
core 0: 80002f34 (083f2823) mem 80002fc0 00000001
core 0: 80002f38 (ff9ff06f) x0 80002f3c
core 0: 80002f30 (00000f17) x30 80002f30
core 0: 80002f34 (083f2823) mem 80002fc0 00000001
core 0: 80002f38 (ff9ff06f) x0 80002f3c
core 0: 80002f30 (00000f17) x30 80002f30
core 0: 80002f34 (083f2823) mem 80002fc0 00000001
core 0: 80002f38 (ff9ff06f) x0 80002f3c
core 0: 80002f30 (00000f17) x30 80002f30
core 0: 80002f34 (083f2823) mem 80002fc0 00000001
core 0: 80002f38 (ff9ff06f) x0 80002f3c
core 0: 80002f30 (00000f17) x30 80002f30
core 0: 80002f34 (083f2823) mem 80002fc0 00000001
core 0: 80002f38 (ff9ff06f) x0 80002f3c
core 0: 80002f30 (00000f17) x30 80002f30
core 0: 80002f34 (083f2823) mem 80002fc0 00000001
core 0: 80002f38 (ff9ff06f) x0 80002f3c
core 0: 80002f30 (00000f17) x30 80002f30
core 0: 80002f34 (083f2823) mem 80002fc0 00000001
core 0: 80002f38 (ff9ff06f) x0 80002f3c
core 0: 80002f30 (00000f17) x30 80002f30
core 0: 80002f34 (083f2823) mem 80002fc0 00000001
core 0: 80002f38 (ff9ff06f) x0 80002f3c
core 0: 80002f30 (00000f17) x30 80002f30
core 0: 80002f34 (083f2823) mem 80002fc0 00000001
core 0: 80002f38 (ff9ff06f) x0 80002f3c
core 0: 80002f30 (00000f17) x30 80002f30
core 0: 80002f34 (083f2823) mem 80002fc0 00000001
core 0: 80002f38 (ff9ff06f) x0 80002f3c
core 0: 80002f30 (00000f17) x30 80002f30
core 0: 80002f34 (083f2823) mem 80002fc0 00000001
core 0: 80002f38 (ff9ff06f) x0 80002f3c
core 0: 80002f30 (00000f17) x30 80002f30
core 0: 80002f34 (083f2823) mem 80002fc0 00000001
core 0: 80002f38 (ff9ff06f) x0 80002f3c
core 0: 80002f30 (00000f17) x30 80002f30
core 0: 80002f34 (083f2823) mem 80002fc0 00000001
core 0: 80002f38 (ff9ff06f) x0 80002f3c
core 0: 80002f30 (00000f17) x30 80002f30
core 0: 80002f34 (083f2823) mem 80002fc0 00000001
core 0: 80002f38 (ff9ff06f) x0 80002f3c
core 0: 80002f30 (00000f17) x30 80002f30
core 0: 80002f34 (083f2823) mem 80002fc0 00000001
core 0: 80002f38 (ff9ff06f) x0 80002f3c
core 0: 80002f30 (00000f17) x30 80002f30
core 0: 80002f34 (083f2823) mem 80002fc0 00000001
core 0: 80002f38 (ff9ff06f) x0 80002f3c
core 0: 80002f30 (00000f17) x30 80002f30
core 0: 80002f34 (083f2823) mem 80002fc0 00000001
core 0: 80002f38 (ff9ff06f) x0 80002f3c
core 0: 80002f30 (00000f17) x30 80002f30
core 0: 80002f34 (083f2823) mem 80002fc0 00000001
core 0: 80002f38 (ff9ff06f) x0 80002f3c
core 0: 80002f30 (00000f17) x30 80002f30
core 0: 80002f34 (083f2823) mem 80002fc0 00000001
core 0: 80002f38 (ff9ff06f) x0 80002f3c
core 0: 80002f30 (00000f17) x30 80002f30
core 0: 80002f34 (083f2823) mem 80002fc0 00000001
core 0: 80002f38 (ff9ff06f) x0 80002f3c
core 0: 80002f30 (00000f17) x30 80002f30
core 0: 80002f34 (083f2823) mem 80002fc0 00000001
core 0: 80002f38 (ff9ff06f) x0 80002f3c
core 0: 80002f30 (00000f17) x30 80002f30
core 0: 80002f34 (083f2823) mem 80002fc0 00000001
core 0: 80002f38 (ff9ff06f) x0 80002f3c
core 0: 80002f30 (00000f17) x30 80002f30
core 0: 80002f34 (083f2823) mem 80002fc0 00000001
core 0: 80002f38 (ff9ff06f) x0 80002f3c
core 0: 80002f30 (00000f17) x30 80002f30
core 0: 80002f34 (083f2823) mem 80002fc0 00000001
core 0: 80002f38 (ff9ff06f) x0 80002f3c
core 0: 80002f30 (00000f17) x30 80002f30
core 0: 80002f34 (083f2823) mem 80002fc0 00000001
core 0: 80002f38 (ff9ff06f) x0 80002f3c
core 0: 80002f30 (00000f17) x30 80002f30
core 0: 80002f34 (083f2823) mem 80002fc0 00000001
core 0: 80002f38 (ff9ff06f) x0 80002f3c
core 0: 80002f30 (00000f17) x30 80002f30
core 0: 80002f34 (083f2823) mem 80002fc0 00000001
core 0: 80002f38 (ff9ff06f) x0 80002f3c
core 0: 80002f30 (00000f17) x30 80002f30
core 0: 80002f34 (083f2823) mem 80002fc0 00000001
core 0: 80002f38 (ff9ff06f) x0 80002f3c
core 0: 80002f30 (00000f17) x30 80002f30
core 0: 80002f34 (083f2823) mem 80002fc0 00000001
core 0: 80002f38 (ff9ff06f) x0 80002f3c
core 0: 80002f30 (00000f17) x30 80002f30
core 0: 80002f34 (083f2823) mem 80002fc0 00000001
core 0: 80002f38 (ff9ff06f) x0 80002f3c
core 0: 80002f30 (00000f17) x30 80002f30
core 0: 80002f34 (083f2823) mem 80002fc0 00000001
core 0: 80002f38 (ff9ff06f) x0 80002f3c
core 0: 80002f30 (00000f17) x30 80002f30
core 0: 80002f34 (083f2823) mem 80002fc0 00000001
core 0: 80002f38 (ff9ff06f) x0 80002f3c
core 0: 80002f30 (00000f17) x30 80002f30
core 0: 80002f34 (083f2823) mem 80002fc0 00000001
core 0: 80002f38 (ff9ff06f) x0 80002f3c
core 0: 80002f30 (00000f17) x30 80002f30
core 0: 80002f34 (083f2823) mem 80002fc0 00000001
core 0: 80002f38 (ff9ff06f) x0 80002f3c
core 0: 80002f30 (00000f17) x30 80002f30
core 0: 80002f34 (083f2823) mem 80002fc0 00000001
core 0: 80002f38 (ff9ff06f) x0 80002f3c
core 0: 80002f30 (00000f17) x30 80002f30
core 0: 80002f34 (083f2823) mem 80002fc0 00000001
core 0: 80002f38 (ff9ff06f) x0 80002f3c
core 0: 80002f30 (00000f17) x30 80002f30
core 0: 80002f34 (083f2823) mem 80002fc0 00000001
core 0: 80002f38 (ff9ff06f) x0 80002f3c
core 0: 80002f30 (00000f17) x30 80002f30
core 0: 80002f34 (083f2823) mem 80002fc0 00000001
core 0: 80002f38 (ff9ff06f) x0 80002f3c
core 0: 80002f30 (00000f17) x30 80002f30
core 0: 80002f34 (083f2823) mem 80002fc0 00000001
core 0: 80002f38 (ff9ff06f) x0 80002f3c
core 0: 80002f30 (00000f17) x30 80002f30
core 0: 80002f34 (083f2823) mem 80002fc0 00000001
core 0: 80002f38 (ff9ff06f) x0 80002f3c
core 0: 80002f30 (00000f17) x30 80002f30
core 0: 80002f34 (083f2823) mem 80002fc0 00000001
core 0: 80002f38 (ff9ff06f) x0 80002f3c
core 0: 80002f30 (00000f17) x30 80002f30
core 0: 80002f34 (083f2823) mem 80002fc0 00000001
core 0: 80002f38 (ff9ff06f) x0 80002f3c
core 0: 80002f30 (00000f17) x30 80002f30
core 0: 80002f34 (083f2823) mem 80002fc0 00000001
core 0: 80002f38 (ff9ff06f) x0 80002f3c
core 0: 80002f30 (00000f17) x30 80002f30
core 0: 80002f34 (083f2823) mem 80002fc0 00000001
core 0: 80002f38 (ff9ff06f) x0 80002f3c
core 0: 80002f30 (00000f17) x30 80002f30
core 0: 80002f34 (083f2823) mem 80002fc0 00000001
core 0: 80002f38 (ff9ff06f) x0 80002f3c
core 0: 80002f30 (00000f17) x30 80002f30
core 0: 80002f34 (083f2823) mem 80002fc0 00000001
core 0: 80002f38 (ff9ff06f) x0 80002f3c
core 0: 80002f30 (00000f17) x30 80002f30
core 0: 80002f34 (083f2823) mem 80002fc0 00000001
core 0: 80002f38 (ff9ff06f) x0 80002f3c
core 0: 80002f30 (00000f17) x30 80002f30
core 0: 80002f34 (083f2823) mem 80002fc0 00000001
core 0: 80002f38 (ff9ff06f) x0 80002f3c
core 0: 80002f30 (00000f17) x30 80002f30
core 0: 80002f34 (083f2823) mem 80002fc0 00000001
core 0: 80002f38 (ff9ff06f) x0 80002f3c
core 0: 80002f30 (00000f17) x30 80002f30
core 0: 80002f34 (083f2823) mem 80002fc0 00000001
core 0: 80002f38 (ff9ff06f) x0 80002f3c
core 0: 80002f30 (00000f17) x30 80002f30
core 0: 80002f34 (083f2823) mem 80002fc0 00000001
core 0: 80002f38 (ff9ff06f) x0 80002f3c
core 0: 80002f30 (00000f17) x30 80002f30
core 0: 80002f34 (083f2823) mem 80002fc0 00000001
core 0: 80002f38 (ff9ff06f) x0 80002f3c
core 0: 80002f30 (00000f17) x30 80002f30
core 0: 80002f34 (083f2823) mem 80002fc0 00000001
core 0: 80002f38 (ff9ff06f) x0 80002f3c
core 0: 80002f30 (00000f17) x30 80002f30
core 0: 80002f34 (083f2823) mem 80002fc0 00000001
core 0: 80002f38 (ff9ff06f) x0 80002f3c
core 0: 80002f30 (00000f17) x30 80002f30
core 0: 80002f34 (083f2823) mem 80002fc0 00000001
core 0: 80002f38 (ff9ff06f) x0 80002f3c
core 0: 80002f30 (00000f17) x30 80002f30
core 0: 80002f34 (083f2823) mem 80002fc0 00000001
core 0: 80002f38 (ff9ff06f) x0 80002f3c
core 0: 80002f30 (00000f17) x30 80002f30
core 0: 80002f34 (083f2823) mem 80002fc0 00000001
core 0: 80002f38 (ff9ff06f) x0 80002f3c
core 0: 80002f30 (00000f17) x30 80002f30
core 0: 80002f34 (083f2823) mem 80002fc0 00000001
core 0: 80002f38 (ff9ff06f) x0 80002f3c
core 0: 80002f30 (00000f17) x30 80002f30
core 0: 80002f34 (083f2823) mem 80002fc0 00000001
core 0: 80002f38 (ff9ff06f) x0 80002f3c
core 0: 80002f30 (00000f17) x30 80002f30
core 0: 80002f34 (083f2823) mem 80002fc0 00000001
core 0: 80002f38 (ff9ff06f) x0 80002f3c
core 0: 80002f30 (00000f17) x30 80002f30
core 0: 80002f34 (083f2823) mem 80002fc0 00000001
core 0: 80002f38 (ff9ff06f) x0 80002f3c
core 0: 80002f30 (00000f17) x30 80002f30
core 0: 80002f34 (083f2823) mem 80002fc0 00000001
core 0: 80002f38 (ff9ff06f) x0 80002f3c
core 0: 80002f30 (00000f17) x30 80002f30
core 0: 80002f34 (083f2823) mem 80002fc0 00000001
core 0: 80002f38 (ff9ff06f) x0 80002f3c
core 0: 80002f30 (00000f17) x30 80002f30
core 0: 80002f34 (083f2823) mem 80002fc0 00000001
core 0: 80002f38 (ff9ff06f) x0 80002f3c
core 0: 80002f30 (00000f17) x30 80002f30
core 0: 80002f34 (083f2823) mem 80002fc0 00000001
core 0: 80002f38 (ff9ff06f) x0 80002f3c
core 0: 80002f30 (00000f17) x30 80002f30
core 0: 80002f34 (083f2823) mem 80002fc0 00000001
core 0: 80002f38 (ff9ff06f) x0 80002f3c
core 0: 80002f30 (00000f17) x30 80002f30
core 0: 80002f34 (083f2823) mem 80002fc0 00000001
core 0: 80002f38 (ff9ff06f) x0 80002f3c
core 0: 80002f30 (00000f17) x30 80002f30
core 0: 80002f34 (083f2823) mem 80002fc0 00000001
core 0: 80002f38 (ff9ff06f) x0 80002f3c
core 0: 80002f30 (00000f17) x30 80002f30
core 0: 80002f34 (083f2823) mem 80002fc0 00000001
core 0: 80002f38 (ff9ff06f) x0 80002f3c
core 0: 80002f30 (00000f17) x30 80002f30
core 0: 80002f34 (083f2823) mem 80002fc0 00000001
core 0: 80002f38 (ff9ff06f) x0 80002f3c
core 0: 80002f30 (00000f17) x30 80002f30
core 0: 80002f34 (083f2823) mem 80002fc0 00000001
core 0: 80002f38 (ff9ff06f) x0 80002f3c
core 0: 80002f30 (00000f17) x30 80002f30
core 0: 80002f34 (083f2823) mem 80002fc0 00000001
core 0: 80002f38 (ff9ff06f) x0 80002f3c
core 0: 80002f30 (00000f17) x30 80002f30
core 0: 80002f34 (083f2823) mem 80002fc0 00000001
core 0: 80002f38 (ff9ff06f) x0 80002f3c
core 0: 80002f30 (00000f17) x30 80002f30
core 0: 80002f34 (083f2823) mem 80002fc0 00000001
core 0: 80002f38 (ff9ff06f) x0 80002f3c
core 0: 80002f30 (00000f17) x30 80002f30
core 0: 80002f34 (083f2823) mem 80002fc0 00000001
core 0: 80002f38 (ff9ff06f) x0 80002f3c
core 0: 80002f30 (00000f17) x30 80002f30
core 0: 80002f34 (083f2823) mem 80002fc0 00000001
core 0: 80002f38 (ff9ff06f) x0 80002f3c
core 0: 80002f30 (00000f17) x30 80002f30
core 0: 80002f34 (083f2823) mem 80002fc0 00000001
core 0: 80002f38 (ff9ff06f) x0 80002f3c
core 0: 80002f30 (00000f17) x30 80002f30
core 0: 80002f34 (083f2823) mem 80002fc0 00000001
core 0: 80002f38 (ff9ff06f) x0 80002f3c
core 0: 80002f30 (00000f17) x30 80002f30
core 0: 80002f34 (083f2823) mem 80002fc0 00000001
core 0: 80002f38 (ff9ff06f) x0 80002f3c
core 0: 80002f30 (00000f17) x30 80002f30
core 0: 80002f34 (083f2823) mem 80002fc0 00000001
core 0: 80002f38 (ff9ff06f) x0 80002f3c
core 0: 80002f30 (00000f17) x30 80002f30
core 0: 80002f34 (083f2823) mem 80002fc0 00000001
core 0: 80002f38 (ff9ff06f) x0 80002f3c
core 0: 80002f30 (00000f17) x30 80002f30
core 0: 80002f34 (083f2823) mem 80002fc0 00000001
core 0: 80002f38 (ff9ff06f) x0 80002f3c
core 0: 80002f30 (00000f17) x30 80002f30
core 0: 80002f34 (083f2823) mem 80002fc0 00000001
core 0: 80002f38 (ff9ff06f) x0 80002f3c
core 0: 80002f30 (00000f17) x30 80002f30
core 0: 80002f34 (083f2823) mem 80002fc0 00000001
core 0: 80002f38 (ff9ff06f) x0 80002f3c
core 0: 80002f30 (00000f17) x30 80002f30
core 0: 80002f34 (083f2823) mem 80002fc0 00000001
core 0: 80002f38 (ff9ff06f) x0 80002f3c
core 0: 80002f30 (00000f17) x30 80002f30
core 0: 80002f34 (083f2823) mem 80002fc0 00000001
core 0: 80002f38 (ff9ff06f) x0 80002f3c
core 0: 80002f30 (00000f17) x30 80002f30
core 0: 80002f34 (083f2823) mem 80002fc0 00000001
core 0: 80002f38 (ff9ff06f) x0 80002f3c
core 0: 80002f30 (00000f17) x30 80002f30
core 0: 80002f34 (083f2823) mem 80002fc0 00000001
core 0: 80002f38 (ff9ff06f) x0 80002f3c
core 0: 80002f30 (00000f17) x30 80002f30
core 0: 80002f34 (083f2823) mem 80002fc0 00000001
core 0: 80002f38 (ff9ff06f) x0 80002f3c
core 0: 80002f30 (00000f17) x30 80002f30
core 0: 80002f34 (083f2823) mem 80002fc0 00000001
core 0: 80002f38 (ff9ff06f) x0 80002f3c
core 0: 80002f30 (00000f17) x30 80002f30
core 0: 80002f34 (083f2823) mem 80002fc0 00000001
core 0: 80002f38 (ff9ff06f) x0 80002f3c
core 0: 80002f30 (00000f17) x30 80002f30
core 0: 80002f34 (083f2823) mem 80002fc0 00000001
core 0: 80002f38 (ff9ff06f) x0 80002f3c
core 0: 80002f30 (00000f17) x30 80002f30
core 0: 80002f34 (083f2823) mem 80002fc0 00000001
core 0: 80002f38 (ff9ff06f) x0 80002f3c
core 0: 80002f30 (00000f17) x30 80002f30
core 0: 80002f34 (083f2823) mem 80002fc0 00000001
core 0: 80002f38 (ff9ff06f) x0 80002f3c
core 0: 80002f30 (00000f17) x30 80002f30
core 0: 80002f34 (083f2823) mem 80002fc0 00000001
core 0: 80002f38 (ff9ff06f) x0 80002f3c
core 0: 80002f30 (00000f17) x30 80002f30
core 0: 80002f34 (083f2823) mem 80002fc0 00000001
core 0: 80002f38 (ff9ff06f) x0 80002f3c
core 0: 80002f30 (00000f17) x30 80002f30
core 0: 80002f34 (083f2823) mem 80002fc0 00000001
core 0: 80002f38 (ff9ff06f) x0 80002f3c
core 0: 80002f30 (00000f17) x30 80002f30
core 0: 80002f34 (083f2823) mem 80002fc0 00000001
core 0: 80002f38 (ff9ff06f) x0 80002f3c
core 0: 80002f30 (00000f17) x30 80002f30
core 0: 80002f34 (083f2823) mem 80002fc0 00000001
core 0: 80002f38 (ff9ff06f) x0 80002f3c
core 0: 80002f30 (00000f17) x30 80002f30
core 0: 80002f34 (083f2823) mem 80002fc0 00000001
core 0: 80002f38 (ff9ff06f) x0 80002f3c
core 0: 80002f30 (00000f17) x30 80002f30
core 0: 80002f34 (083f2823) mem 80002fc0 00000001
core 0: 80002f38 (ff9ff06f) x0 80002f3c
core 0: 80002f30 (00000f17) x30 80002f30
core 0: 80002f34 (083f2823) mem 80002fc0 00000001
core 0: 80002f38 (ff9ff06f) x0 80002f3c
core 0: 80002f30 (00000f17) x30 80002f30
core 0: 80002f34 (083f2823) mem 80002fc0 00000001
core 0: 80002f38 (ff9ff06f) x0 80002f3c
core 0: 80002f30 (00000f17) x30 80002f30
core 0: 80002f34 (083f2823) mem 80002fc0 00000001
core 0: 80002f38 (ff9ff06f) x0 80002f3c
core 0: 80002f30 (00000f17) x30 80002f30
core 0: 80002f34 (083f2823) mem 80002fc0 00000001
core 0: 80002f38 (ff9ff06f) x0 80002f3c
core 0: 80002f30 (00000f17) x30 80002f30
core 0: 80002f34 (083f2823) mem 80002fc0 00000001
core 0: 80002f38 (ff9ff06f) x0 80002f3c
core 0: 80002f30 (00000f17) x30 80002f30
core 0: 80002f34 (083f2823) mem 80002fc0 00000001
core 0: 80002f38 (ff9ff06f) x0 80002f3c
core 0: 80002f30 (00000f17) x30 80002f30
core 0: 80002f34 (083f2823) mem 80002fc0 00000001
core 0: 80002f38 (ff9ff06f) x0 80002f3c
core 0: 80002f30 (00000f17) x30 80002f30
core 0: 80002f34 (083f2823) mem 80002fc0 00000001
core 0: 80002f38 (ff9ff06f) x0 80002f3c
core 0: 80002f30 (00000f17) x30 80002f30
core 0: 80002f34 (083f2823) mem 80002fc0 00000001
core 0: 80002f38 (ff9ff06f) x0 80002f3c
core 0: 80002f30 (00000f17) x30 80002f30
core 0: 80002f34 (083f2823) mem 80002fc0 00000001
core 0: 80002f38 (ff9ff06f) x0 80002f3c
core 0: 80002f30 (00000f17) x30 80002f30
core 0: 80002f34 (083f2823) mem 80002fc0 00000001
core 0: 80002f38 (ff9ff06f) x0 80002f3c
core 0: 80002f30 (00000f17) x30 80002f30
core 0: 80002f34 (083f2823) mem 80002fc0 00000001
core 0: 80002f38 (ff9ff06f) x0 80002f3c
core 0: 80002f30 (00000f17) x30 80002f30
core 0: 80002f34 (083f2823) mem 80002fc0 00000001
core 0: 80002f38 (ff9ff06f) x0 80002f3c
core 0: 80002f30 (00000f17) x30 80002f30
core 0: 80002f34 (083f2823) mem 80002fc0 00000001
core 0: 80002f38 (ff9ff06f) x0 80002f3c
core 0: 80002f30 (00000f17) x30 80002f30
core 0: 80002f34 (083f2823) mem 80002fc0 00000001
core 0: 80002f38 (ff9ff06f) x0 80002f3c
core 0: 80002f30 (00000f17) x30 80002f30
core 0: 80002f34 (083f2823) mem 80002fc0 00000001
core 0: 80002f38 (ff9ff06f) x0 80002f3c
core 0: 80002f30 (00000f17) x30 80002f30
core 0: 80002f34 (083f2823) mem 80002fc0 00000001
core 0: 80002f38 (ff9ff06f) x0 80002f3c
core 0: 80002f30 (00000f17) x30 80002f30
core 0: 80002f34 (083f2823) mem 80002fc0 00000001
core 0: 80002f38 (ff9ff06f) x0 80002f3c
core 0: 80002f30 (00000f17) x30 80002f30
core 0: 80002f34 (083f2823) mem 80002fc0 00000001
core 0: 80002f38 (ff9ff06f) x0 80002f3c
core 0: 80002f30 (00000f17) x30 80002f30
core 0: 80002f34 (083f2823) mem 80002fc0 00000001
core 0: 80002f38 (ff9ff06f) x0 80002f3c
core 0: 80002f30 (00000f17) x30 80002f30
core 0: 80002f34 (083f2823) mem 80002fc0 00000001
core 0: 80002f38 (ff9ff06f) x0 80002f3c
core 0: 80002f30 (00000f17) x30 80002f30
core 0: 80002f34 (083f2823) mem 80002fc0 00000001
core 0: 80002f38 (ff9ff06f) x0 80002f3c
core 0: 80002f30 (00000f17) x30 80002f30
core 0: 80002f34 (083f2823) mem 80002fc0 00000001
core 0: 80002f38 (ff9ff06f) x0 80002f3c
core 0: 80002f30 (00000f17) x30 80002f30
core 0: 80002f34 (083f2823) mem 80002fc0 00000001
core 0: 80002f38 (ff9ff06f) x0 80002f3c
core 0: 80002f30 (00000f17) x30 80002f30
core 0: 80002f34 (083f2823) mem 80002fc0 00000001
core 0: 80002f38 (ff9ff06f) x0 80002f3c
core 0: 80002f30 (00000f17) x30 80002f30
core 0: 80002f34 (083f2823) mem 80002fc0 00000001
core 0: 80002f38 (ff9ff06f) x0 80002f3c
core 0: 80002f30 (00000f17) x30 80002f30
core 0: 80002f34 (083f2823) mem 80002fc0 00000001
core 0: 80002f38 (ff9ff06f) x0 80002f3c
core 0: 80002f30 (00000f17) x30 80002f30
core 0: 80002f34 (083f2823) mem 80002fc0 00000001
core 0: 80002f38 (ff9ff06f) x0 80002f3c
core 0: 80002f30 (00000f17) x30 80002f30
core 0: 80002f34 (083f2823) mem 80002fc0 00000001
core 0: 80002f38 (ff9ff06f) x0 80002f3c
core 0: 80002f30 (00000f17) x30 80002f30
core 0: 80002f34 (083f2823) mem 80002fc0 00000001
core 0: 80002f38 (ff9ff06f) x0 80002f3c
core 0: 80002f30 (00000f17) x30 80002f30
core 0: 80002f34 (083f2823) mem 80002fc0 00000001
core 0: 80002f38 (ff9ff06f) x0 80002f3c
core 0: 80002f30 (00000f17) x30 80002f30
core 0: 80002f34 (083f2823) mem 80002fc0 00000001
core 0: 80002f38 (ff9ff06f) x0 80002f3c
core 0: 80002f30 (00000f17) x30 80002f30
core 0: 80002f34 (083f2823) mem 80002fc0 00000001
core 0: 80002f38 (ff9ff06f) x0 80002f3c
core 0: 80002f30 (00000f17) x30 80002f30
core 0: 80002f34 (083f2823) mem 80002fc0 00000001
core 0: 80002f38 (ff9ff06f) x0 80002f3c
core 0: 80002f30 (00000f17) x30 80002f30
core 0: 80002f34 (083f2823) mem 80002fc0 00000001
core 0: 80002f38 (ff9ff06f) x0 80002f3c
core 0: 80002f30 (00000f17) x30 80002f30
core 0: 80002f34 (083f2823) mem 80002fc0 00000001
core 0: 80002f38 (ff9ff06f) x0 80002f3c
core 0: 80002f30 (00000f17) x30 80002f30
core 0: 80002f34 (083f2823) mem 80002fc0 00000001
core 0: 80002f38 (ff9ff06f) x0 80002f3c
core 0: 80002f30 (00000f17) x30 80002f30
core 0: 80002f34 (083f2823) mem 80002fc0 00000001
core 0: 80002f38 (ff9ff06f) x0 80002f3c
core 0: 80002f30 (00000f17) x30 80002f30
core 0: 80002f34 (083f2823) mem 80002fc0 00000001
core 0: 80002f38 (ff9ff06f) x0 80002f3c
core 0: 80002f30 (00000f17) x30 80002f30
core 0: 80002f34 (083f2823) mem 80002fc0 00000001
core 0: 80002f38 (ff9ff06f) x0 80002f3c
core 0: 80002f30 (00000f17) x30 80002f30
core 0: 80002f34 (083f2823) mem 80002fc0 00000001
core 0: 80002f38 (ff9ff06f) x0 80002f3c
core 0: 80002f30 (00000f17) x30 80002f30
core 0: 80002f34 (083f2823) mem 80002fc0 00000001
core 0: 80002f38 (ff9ff06f) x0 80002f3c
core 0: 80002f30 (00000f17) x30 80002f30
core 0: 80002f34 (083f2823) mem 80002fc0 00000001
core 0: 80002f38 (ff9ff06f) x0 80002f3c
core 0: 80002f30 (00000f17) x30 80002f30
core 0: 80002f34 (083f2823) mem 80002fc0 00000001
core 0: 80002f38 (ff9ff06f) x0 80002f3c
core 0: 80002f30 (00000f17) x30 80002f30
core 0: 80002f34 (083f2823) mem 80002fc0 00000001
core 0: 80002f38 (ff9ff06f) x0 80002f3c
core 0: 80002f30 (00000f17) x30 80002f30
core 0: 80002f34 (083f2823) mem 80002fc0 00000001
core 0: 80002f38 (ff9ff06f) x0 80002f3c
core 0: 80002f30 (00000f17) x30 80002f30
core 0: 80002f34 (083f2823) mem 80002fc0 00000001
core 0: 80002f38 (ff9ff06f) x0 80002f3c
core 0: 80002f30 (00000f17) x30 80002f30
core 0: 80002f34 (083f2823) mem 80002fc0 00000001
core 0: 80002f38 (ff9ff06f) x0 80002f3c
core 0: 80002f30 (00000f17) x30 80002f30
core 0: 80002f34 (083f2823) mem 80002fc0 00000001
core 0: 80002f38 (ff9ff06f) x0 80002f3c
core 0: 80002f30 (00000f17) x30 80002f30
core 0: 80002f34 (083f2823) mem 80002fc0 00000001
core 0: 80002f38 (ff9ff06f) x0 80002f3c
core 0: 80002f30 (00000f17) x30 80002f30
core 0: 80002f34 (083f2823) mem 80002fc0 00000001
core 0: 80002f38 (ff9ff06f) x0 80002f3c
core 0: 80002f30 (00000f17) x30 80002f30
core 0: 80002f34 (083f2823) mem 80002fc0 00000001
core 0: 80002f38 (ff9ff06f) x0 80002f3c
core 0: 80002f30 (00000f17) x30 80002f30
core 0: 80002f34 (083f2823) mem 80002fc0 00000001
core 0: 80002f38 (ff9ff06f) x0 80002f3c
core 0: 80002f30 (00000f17) x30 80002f30
core 0: 80002f34 (083f2823) mem 80002fc0 00000001
core 0: 80002f38 (ff9ff06f) x0 80002f3c
core 0: 80002f30 (00000f17) x30 80002f30
core 0: 80002f34 (083f2823) mem 80002fc0 00000001
core 0: 80002f38 (ff9ff06f) x0 80002f3c
core 0: 80002f30 (00000f17) x30 80002f30
core 0: 80002f34 (083f2823) mem 80002fc0 00000001
core 0: 80002f38 (ff9ff06f) x0 80002f3c
core 0: 80002f30 (00000f17) x30 80002f30
core 0: 80002f34 (083f2823) mem 80002fc0 00000001
core 0: 80002f38 (ff9ff06f) x0 80002f3c
core 0: 80002f30 (00000f17) x30 80002f30
core 0: 80002f34 (083f2823) mem 80002fc0 00000001
core 0: 80002f38 (ff9ff06f) x0 80002f3c
core 0: 80002f30 (00000f17) x30 80002f30
core 0: 80002f34 (083f2823) mem 80002fc0 00000001
core 0: 80002f38 (ff9ff06f) x0 80002f3c
core 0: 80002f30 (00000f17) x30 80002f30
core 0: 80002f34 (083f2823) mem 80002fc0 00000001
core 0: 80002f38 (ff9ff06f) x0 80002f3c
core 0: 80002f30 (00000f17) x30 80002f30
core 0: 80002f34 (083f2823) mem 80002fc0 00000001
core 0: 80002f38 (ff9ff06f) x0 80002f3c
core 0: 80002f30 (00000f17) x30 80002f30
core 0: 80002f34 (083f2823) mem 80002fc0 00000001
core 0: 80002f38 (ff9ff06f) x0 80002f3c
core 0: 80002f30 (00000f17) x30 80002f30
core 0: 80002f34 (083f2823) mem 80002fc0 00000001
core 0: 80002f38 (ff9ff06f) x0 80002f3c
core 0: 80002f30 (00000f17) x30 80002f30
core 0: 80002f34 (083f2823) mem 80002fc0 00000001
core 0: 80002f38 (ff9ff06f) x0 80002f3c
core 0: 80002f30 (00000f17) x30 80002f30
core 0: 80002f34 (083f2823) mem 80002fc0 00000001
core 0: 80002f38 (ff9ff06f) x0 80002f3c
core 0: 80002f30 (00000f17) x30 80002f30
core 0: 80002f34 (083f2823) mem 80002fc0 00000001
core 0: 80002f38 (ff9ff06f) x0 80002f3c
core 0: 80002f30 (00000f17) x30 80002f30
core 0: 80002f34 (083f2823) mem 80002fc0 00000001
core 0: 80002f38 (ff9ff06f) x0 80002f3c
core 0: 80002f30 (00000f17) x30 80002f30
core 0: 80002f34 (083f2823) mem 80002fc0 00000001
core 0: 80002f38 (ff9ff06f) x0 80002f3c
core 0: 80002f30 (00000f17) x30 80002f30
core 0: 80002f34 (083f2823) mem 80002fc0 00000001
core 0: 80002f38 (ff9ff06f) x0 80002f3c
core 0: 80002f30 (00000f17) x30 80002f30
core 0: 80002f34 (083f2823) mem 80002fc0 00000001
core 0: 80002f38 (ff9ff06f) x0 80002f3c
core 0: 80002f30 (00000f17) x30 80002f30
core 0: 80002f34 (083f2823) mem 80002fc0 00000001
core 0: 80002f38 (ff9ff06f) x0 80002f3c
core 0: 80002f30 (00000f17) x30 80002f30
core 0: 80002f34 (083f2823) mem 80002fc0 00000001
core 0: 80002f38 (ff9ff06f) x0 80002f3c
core 0: 80002f30 (00000f17) x30 80002f30
core 0: 80002f34 (083f2823) mem 80002fc0 00000001
core 0: 80002f38 (ff9ff06f) x0 80002f3c
core 0: 80002f30 (00000f17) x30 80002f30
core 0: 80002f34 (083f2823) mem 80002fc0 00000001
core 0: 80002f38 (ff9ff06f) x0 80002f3c
core 0: 80002f30 (00000f17) x30 80002f30
core 0: 80002f34 (083f2823) mem 80002fc0 00000001
core 0: 80002f38 (ff9ff06f) x0 80002f3c
core 0: 80002f30 (00000f17) x30 80002f30
core 0: 80002f34 (083f2823) mem 80002fc0 00000001
core 0: 80002f38 (ff9ff06f) x0 80002f3c
core 0: 80002f30 (00000f17) x30 80002f30
core 0: 80002f34 (083f2823) mem 80002fc0 00000001
core 0: 80002f38 (ff9ff06f) x0 80002f3c
core 0: 80002f30 (00000f17) x30 80002f30
core 0: 80002f34 (083f2823) mem 80002fc0 00000001
core 0: 80002f38 (ff9ff06f) x0 80002f3c
core 0: 80002f30 (00000f17) x30 80002f30
core 0: 80002f34 (083f2823) mem 80002fc0 00000001
core 0: 80002f38 (ff9ff06f) x0 80002f3c
core 0: 80002f30 (00000f17) x30 80002f30
core 0: 80002f34 (083f2823) mem 80002fc0 00000001
core 0: 80002f38 (ff9ff06f) x0 80002f3c
core 0: 80002f30 (00000f17) x30 80002f30
core 0: 80002f34 (083f2823) mem 80002fc0 00000001
core 0: 80002f38 (ff9ff06f) x0 80002f3c
core 0: 80002f30 (00000f17) x30 80002f30
core 0: 80002f34 (083f2823) mem 80002fc0 00000001
core 0: 80002f38 (ff9ff06f) x0 80002f3c
core 0: 80002f30 (00000f17) x30 80002f30
core 0: 80002f34 (083f2823) mem 80002fc0 00000001
core 0: 80002f38 (ff9ff06f) x0 80002f3c
core 0: 80002f30 (00000f17) x30 80002f30
core 0: 80002f34 (083f2823) mem 80002fc0 00000001
core 0: 80002f38 (ff9ff06f) x0 80002f3c
core 0: 80002f30 (00000f17) x30 80002f30
core 0: 80002f34 (083f2823) mem 80002fc0 00000001
core 0: 80002f38 (ff9ff06f) x0 80002f3c
core 0: 80002f30 (00000f17) x30 80002f30
core 0: 80002f34 (083f2823) mem 80002fc0 00000001
core 0: 80002f38 (ff9ff06f) x0 80002f3c
core 0: 80002f30 (00000f17) x30 80002f30
core 0: 80002f34 (083f2823) mem 80002fc0 00000001
core 0: 80002f38 (ff9ff06f) x0 80002f3c
core 0: 80002f30 (00000f17) x30 80002f30
core 0: 80002f34 (083f2823) mem 80002fc0 00000001
core 0: 80002f38 (ff9ff06f) x0 80002f3c
core 0: 80002f30 (00000f17) x30 80002f30
core 0: 80002f34 (083f2823) mem 80002fc0 00000001
core 0: 80002f38 (ff9ff06f) x0 80002f3c
core 0: 80002f30 (00000f17) x30 80002f30
core 0: 80002f34 (083f2823) mem 80002fc0 00000001
core 0: 80002f38 (ff9ff06f) x0 80002f3c
core 0: 80002f30 (00000f17) x30 80002f30
core 0: 80002f34 (083f2823) mem 80002fc0 00000001
core 0: 80002f38 (ff9ff06f) x0 80002f3c
core 0: 80002f30 (00000f17) x30 80002f30
core 0: 80002f34 (083f2823) mem 80002fc0 00000001
core 0: 80002f38 (ff9ff06f) x0 80002f3c
core 0: 80002f30 (00000f17) x30 80002f30
core 0: 80002f34 (083f2823) mem 80002fc0 00000001
core 0: 80002f38 (ff9ff06f) x0 80002f3c
core 0: 80002f30 (00000f17) x30 80002f30
core 0: 80002f34 (083f2823) mem 80002fc0 00000001
core 0: 80002f38 (ff9ff06f) x0 80002f3c
core 0: 80002f30 (00000f17) x30 80002f30
core 0: 80002f34 (083f2823) mem 80002fc0 00000001
core 0: 80002f38 (ff9ff06f) x0 80002f3c
core 0: 80002f30 (00000f17) x30 80002f30
core 0: 80002f34 (083f2823) mem 80002fc0 00000001
core 0: 80002f38 (ff9ff06f) x0 80002f3c
core 0: 80002f30 (00000f17) x30 80002f30
core 0: 80002f34 (083f2823) mem 80002fc0 00000001
core 0: 80002f38 (ff9ff06f) x0 80002f3c
core 0: 80002f30 (00000f17) x30 80002f30
core 0: 80002f34 (083f2823) mem 80002fc0 00000001
core 0: 80002f38 (ff9ff06f) x0 80002f3c
core 0: 80002f30 (00000f17) x30 80002f30
core 0: 80002f34 (083f2823) mem 80002fc0 00000001
core 0: 80002f38 (ff9ff06f) x0 80002f3c
core 0: 80002f30 (00000f17) x30 80002f30
core 0: 80002f34 (083f2823) mem 80002fc0 00000001
core 0: 80002f38 (ff9ff06f) x0 80002f3c
core 0: 80002f30 (00000f17) x30 80002f30
core 0: 80002f34 (083f2823) mem 80002fc0 00000001
core 0: 80002f38 (ff9ff06f) x0 80002f3c
core 0: 80002f30 (00000f17) x30 80002f30
core 0: 80002f34 (083f2823) mem 80002fc0 00000001
core 0: 80002f38 (ff9ff06f) x0 80002f3c
core 0: 80002f30 (00000f17) x30 80002f30
core 0: 80002f34 (083f2823) mem 80002fc0 00000001
core 0: 80002f38 (ff9ff06f) x0 80002f3c
core 0: 80002f30 (00000f17) x30 80002f30
core 0: 80002f34 (083f2823) mem 80002fc0 00000001
